"../../../Engine/Plugins/2D/Paper2D/Content/PlaceholderTextures/DummySpriteTexture.ubulk" 0
"../../../Engine/Plugins/2D/Paper2D/Content/PlaceholderTextures/DummySpriteTexture.uasset" 1
"../../../Engine/Plugins/2D/Paper2D/Content/PlaceholderTextures/DummySpriteTexture.uexp" 2
"../../../Engine/Plugins/2D/Paper2D/Content/DummySprite.uasset" 3
"../../../Engine/Plugins/2D/Paper2D/Content/DummySprite.uexp" 4
"../../../Engine/Plugins/2D/Paper2D/Content/DefaultPaperTerrainMaterial.uasset" 5
"../../../Engine/Plugins/2D/Paper2D/Content/DefaultPaperTerrainMaterial.uexp" 6
"../../../Engine/Plugins/Animation/ACLPlugin/Content/ACLAnimBoneCompressionSettings.uasset" 7
"../../../Engine/Plugins/Animation/ACLPlugin/Content/ACLAnimBoneCompressionSettings.uexp" 8
"../../../Engine/Content/EngineSounds/Master.uasset" 9
"../../../Engine/Content/EngineSounds/Master.uexp" 10
"../../../Engine/Content/EngineMaterials/DefaultPhysicalMaterial.uasset" 11
"../../../Engine/Content/EngineMaterials/DefaultPhysicalMaterial.uexp" 12
"../../../Engine/Content/EngineMaterials/DefaultDestructiblePhysicalMaterial.uasset" 13
"../../../Engine/Content/EngineMaterials/DefaultDestructiblePhysicalMaterial.uexp" 14
"../../../Engine/Content/EngineFonts/Faces/DroidSansFallback.uexp" 15
"../../../Engine/Content/EngineFonts/Faces/DroidSansFallback.uasset" 16
"../../../Engine/Content/EngineFonts/Faces/DroidSansFallback.ufont" 17
"../../../Engine/Content/EngineFonts/Faces/RobotoRegular.uexp" 18
"../../../Engine/Content/EngineFonts/Faces/RobotoRegular.uasset" 19
"../../../Engine/Content/EngineFonts/Faces/RobotoRegular.ufont" 20
"../../../Engine/Content/EngineFonts/Faces/RobotoLight.uexp" 21
"../../../Engine/Content/EngineFonts/Faces/RobotoLight.uasset" 22
"../../../Engine/Content/EngineFonts/Faces/RobotoLight.ufont" 23
"../../../Engine/Content/EngineFonts/Faces/RobotoItalic.uexp" 24
"../../../Engine/Content/EngineFonts/Faces/RobotoItalic.uasset" 25
"../../../Engine/Content/EngineFonts/Faces/RobotoItalic.ufont" 26
"../../../Engine/Content/EngineFonts/Faces/RobotoBoldItalic.uexp" 27
"../../../Engine/Content/EngineFonts/Faces/RobotoBoldItalic.uasset" 28
"../../../Engine/Content/EngineFonts/Faces/RobotoBoldItalic.ufont" 29
"../../../Engine/Content/EngineFonts/Faces/RobotoBold.uexp" 30
"../../../Engine/Content/EngineFonts/Faces/RobotoBold.uasset" 31
"../../../Engine/Content/EngineFonts/Faces/RobotoBold.ufont" 32
"../../../Engine/Content/EngineFonts/Roboto.uasset" 33
"../../../Engine/Content/EngineFonts/Roboto.uexp" 34
"../../../Engine/Content/EngineFonts/Faces/DroidSansMono.uexp" 35
"../../../Engine/Content/EngineFonts/Faces/DroidSansMono.uasset" 36
"../../../Engine/Content/EngineFonts/Faces/DroidSansMono.ufont" 37
"../../../Engine/Content/EngineFonts/DroidSansMono.uasset" 38
"../../../Engine/Content/EngineFonts/DroidSansMono.uexp" 39
"../../../Engine/Plugins/Interchange/Runtime/Content/Pipelines/DefaultTexturePipeline.uasset" 40
"../../../Engine/Plugins/Interchange/Runtime/Content/Pipelines/DefaultTexturePipeline.uexp" 41
"../../../Engine/Plugins/Interchange/Runtime/Content/Pipelines/DefaultSceneLevelPipeline.uasset" 42
"../../../Engine/Plugins/Interchange/Runtime/Content/Pipelines/DefaultSceneLevelPipeline.uexp" 43
"../../../Engine/Plugins/Interchange/Runtime/Content/Pipelines/DefaultSceneAssetsPipeline.uasset" 44
"../../../Engine/Plugins/Interchange/Runtime/Content/Pipelines/DefaultSceneAssetsPipeline.uexp" 45
"../../../Engine/Plugins/Interchange/Runtime/Content/Pipelines/DefaultMaterialXPipeline.uasset" 46
"../../../Engine/Plugins/Interchange/Runtime/Content/Pipelines/DefaultMaterialXPipeline.uexp" 47
"../../../Engine/Plugins/Interchange/Runtime/Content/Pipelines/DefaultMaterialPipeline.uasset" 48
"../../../Engine/Plugins/Interchange/Runtime/Content/Pipelines/DefaultMaterialPipeline.uexp" 49
"../../../Engine/Plugins/Interchange/Runtime/Content/Pipelines/DefaultGLTFSceneAssetsPipeline.uasset" 50
"../../../Engine/Plugins/Interchange/Runtime/Content/Pipelines/DefaultGLTFSceneAssetsPipeline.uexp" 51
"../../../Engine/Plugins/Interchange/Runtime/Content/Pipelines/DefaultGLTFPipeline.uasset" 52
"../../../Engine/Plugins/Interchange/Runtime/Content/Pipelines/DefaultGLTFPipeline.uexp" 53
"../../../Engine/Plugins/Interchange/Runtime/Content/Pipelines/DefaultGLTFAssetsPipeline.uasset" 54
"../../../Engine/Plugins/Interchange/Runtime/Content/Pipelines/DefaultGLTFAssetsPipeline.uexp" 55
"../../../Engine/Plugins/Interchange/Runtime/Content/Pipelines/DefaultAssetsPipeline.uasset" 56
"../../../Engine/Plugins/Interchange/Runtime/Content/Pipelines/DefaultAssetsPipeline.uexp" 57
"../../../Engine/Content/EngineResources/GradientTexture0.uasset" 58
"../../../Engine/Content/EngineResources/GradientTexture0.uexp" 59
"../../../Engine/Content/EngineResources/Black.uasset" 60
"../../../Engine/Content/EngineResources/Black.uexp" 61
"../../../Engine/Content/EditorResources/S_Actor.ubulk" 62
"../../../Engine/Content/EditorResources/S_Actor.uasset" 63
"../../../Engine/Content/EditorResources/S_Actor.uexp" 64
"../../../Engine/Content/EditorResources/S_Trigger.ubulk" 65
"../../../Engine/Content/EditorResources/S_Trigger.uasset" 66
"../../../Engine/Content/EditorResources/S_Trigger.uexp" 67
"../../../Engine/Content/EditorResources/S_BoxReflectionCapture.uasset" 68
"../../../Engine/Content/EditorResources/S_BoxReflectionCapture.uexp" 69
"../../../Engine/Plugins/NNE/NNEDenoiser/Content/NNEDTOM_Output_Default.uasset" 70
"../../../Engine/Plugins/NNE/NNEDenoiser/Content/NNEDTOM_Output_Default.uexp" 71
"../../../Engine/Plugins/NNE/NNEDenoiser/Content/NNEDTOM_Output_Alpha.uasset" 72
"../../../Engine/Plugins/NNE/NNEDenoiser/Content/NNEDTOM_Output_Alpha.uexp" 73
"../../../Engine/Plugins/NNE/NNEDenoiser/Content/NNEDTIM_ColorAlbedoNormal_Default.uasset" 74
"../../../Engine/Plugins/NNE/NNEDenoiser/Content/NNEDTIM_ColorAlbedoNormal_Default.uexp" 75
"../../../Engine/Plugins/NNE/NNEDenoiser/Content/NNEDTIM_ColorAlbedoNormal_Alpha.uasset" 76
"../../../Engine/Plugins/NNE/NNEDenoiser/Content/NNEDTIM_ColorAlbedoNormal_Alpha.uexp" 77
"../../../Engine/Plugins/NNE/NNEDenoiser/Content/NNEDOM_Output_Default.uasset" 78
"../../../Engine/Plugins/NNE/NNEDenoiser/Content/NNEDOM_Output_Default.uexp" 79
"../../../Engine/Plugins/NNE/NNEDenoiser/Content/NNEDOM_Output_Alpha.uasset" 80
"../../../Engine/Plugins/NNE/NNEDenoiser/Content/NNEDOM_Output_Alpha.uexp" 81
"../../../Engine/Plugins/NNE/NNEDenoiser/Content/NNEDIM_HighQuality_Default.uasset" 82
"../../../Engine/Plugins/NNE/NNEDenoiser/Content/NNEDIM_HighQuality_Default.uexp" 83
"../../../Engine/Plugins/NNE/NNEDenoiser/Content/NNEDIM_HighQuality_Alpha.uasset" 84
"../../../Engine/Plugins/NNE/NNEDenoiser/Content/NNEDIM_HighQuality_Alpha.uexp" 85
"../../../Engine/Plugins/NNE/NNEDenoiser/Content/NNEDIM_ColorAlbedoNormal_Default.uasset" 86
"../../../Engine/Plugins/NNE/NNEDenoiser/Content/NNEDIM_ColorAlbedoNormal_Default.uexp" 87
"../../../Engine/Plugins/NNE/NNEDenoiser/Content/NNEDIM_ColorAlbedoNormal_Alpha.uasset" 88
"../../../Engine/Plugins/NNE/NNEDenoiser/Content/NNEDIM_ColorAlbedoNormal_Alpha.uexp" 89
"../../../Engine/Content/Functions/Engine_MaterialFunctions01/Opacity/CameraDepthFade.uasset" 90
"../../../Engine/Content/Functions/Engine_MaterialFunctions01/Opacity/CameraDepthFade.uexp" 91
"../../../Engine/Content/EngineMaterials/T_Default_Material_Grid_M.ubulk" 92
"../../../Engine/Content/EngineMaterials/T_Default_Material_Grid_M.uasset" 93
"../../../Engine/Content/EngineMaterials/T_Default_Material_Grid_M.uexp" 94
"../../../Engine/Content/EngineMaterials/T_Default_Material_Grid_N.ubulk" 95
"../../../Engine/Content/EngineMaterials/T_Default_Material_Grid_N.uasset" 96
"../../../Engine/Content/EngineMaterials/T_Default_Material_Grid_N.uexp" 97
"../../../Engine/Content/EngineMaterials/WorldGridMaterial.uasset" 98
"../../../Engine/Content/EngineMaterials/WorldGridMaterial.uexp" 99
"../../../Engine/Plugins/Media/MediaPlate/Content/SM_MediaPlateScreen.ubulk" 100
"../../../Engine/Plugins/Media/MediaPlate/Content/SM_MediaPlateScreen.uasset" 101
"../../../Engine/Plugins/Media/MediaPlate/Content/SM_MediaPlateScreen.uexp" 102
"../../../Engine/Content/Functions/Engine_MaterialFunctions02/WorldPositionOffset/CameraOffset.uasset" 103
"../../../Engine/Content/Functions/Engine_MaterialFunctions02/WorldPositionOffset/CameraOffset.uexp" 104
"../../../Engine/Plugins/Animation/ControlRig/Content/M_Manip.uasset" 105
"../../../Engine/Plugins/Animation/ControlRig/Content/M_Manip.uexp" 106
"../../../Engine/Content/EngineMaterials/DefaultMaterial.uasset" 107
"../../../Engine/Content/EngineMaterials/DefaultMaterial.uexp" 108
"../../../Engine/Content/BasicShapes/Sphere.ubulk" 109
"../../../Engine/Content/BasicShapes/Sphere.uasset" 110
"../../../Engine/Content/BasicShapes/Sphere.uexp" 111
"../../../Engine/Content/BasicShapes/Cylinder.ubulk" 112
"../../../Engine/Content/BasicShapes/Cylinder.uasset" 113
"../../../Engine/Content/BasicShapes/Cylinder.uexp" 114
"../../../Engine/Content/BasicShapes/Cone.ubulk" 115
"../../../Engine/Content/BasicShapes/Cone.uasset" 116
"../../../Engine/Content/BasicShapes/Cone.uexp" 117
"../../../Engine/Content/EditorMaterials/PreviewShadowIndicator.ubulk" 118
"../../../Engine/Content/EditorMaterials/PreviewShadowIndicator.uasset" 119
"../../../Engine/Content/EditorMaterials/PreviewShadowIndicator.uexp" 120
"../../../Engine/Content/EditorMaterials/PreviewShadowIndicatorMaterial.uasset" 121
"../../../Engine/Content/EditorMaterials/PreviewShadowIndicatorMaterial.uexp" 122
"../../../Engine/Content/EditorMaterials/PhAT_UnselectedMaterial.uasset" 123
"../../../Engine/Content/EditorMaterials/PhAT_UnselectedMaterial.uexp" 124
"../../../Engine/Content/EditorMaterials/PhAT_NoCollisionMaterial.uasset" 125
"../../../Engine/Content/EditorMaterials/PhAT_NoCollisionMaterial.uexp" 126
"../../../Engine/Content/EditorLandscapeResources/SplineEditorMeshMat.uasset" 127
"../../../Engine/Content/EditorLandscapeResources/SplineEditorMeshMat.uexp" 128
"../../../Engine/Content/EditorLandscapeResources/SplineEditorMesh.ubulk" 129
"../../../Engine/Content/EditorLandscapeResources/SplineEditorMesh.uasset" 130
"../../../Engine/Content/EditorLandscapeResources/SplineEditorMesh.uexp" 131
"../../../Engine/Content/EditorLandscapeResources/WhiteSquareTexture.uasset" 132
"../../../Engine/Content/EditorLandscapeResources/WhiteSquareTexture.uexp" 133
"../../../Engine/Content/EditorLandscapeResources/LayerVisMaterial.uasset" 134
"../../../Engine/Content/EditorLandscapeResources/LayerVisMaterial.uexp" 135
"../../../Engine/Content/Functions/Engine_MaterialFunctions02/WorldPositionOffset/LocalPosition.uasset" 136
"../../../Engine/Content/Functions/Engine_MaterialFunctions02/WorldPositionOffset/LocalPosition.uexp" 137
"../../../Engine/Content/Functions/Engine_MaterialFunctions02/Utility/BreakOutFloat2Components.uasset" 138
"../../../Engine/Content/Functions/Engine_MaterialFunctions02/Utility/BreakOutFloat2Components.uexp" 139
"../../../Engine/Content/Functions/Engine_MaterialFunctions01/Texturing/ScaleUVsByCenter.uasset" 140
"../../../Engine/Content/Functions/Engine_MaterialFunctions01/Texturing/ScaleUVsByCenter.uexp" 141
"../../../Engine/Content/EngineMaterials/DefaultDiffuse.ubulk" 142
"../../../Engine/Content/EngineMaterials/DefaultDiffuse.uasset" 143
"../../../Engine/Content/EngineMaterials/DefaultDiffuse.uexp" 144
"../../../Engine/Content/Functions/Engine_MaterialFunctions01/Texturing/TextureCropping.uasset" 145
"../../../Engine/Content/Functions/Engine_MaterialFunctions01/Texturing/TextureCropping.uexp" 146
"../../../Engine/Content/Functions/Engine_MaterialFunctions02/ExampleContent/DebugNumberStrip.uasset" 147
"../../../Engine/Content/Functions/Engine_MaterialFunctions02/ExampleContent/DebugNumberStrip.uexp" 148
"../../../Engine/Content/Functions/Engine_MaterialFunctions01/Debug/DebugIntValues.uasset" 149
"../../../Engine/Content/Functions/Engine_MaterialFunctions01/Debug/DebugIntValues.uexp" 150
"../../../Engine/Content/EditorLandscapeResources/LandscapeLayerUsageMaterial.uasset" 151
"../../../Engine/Content/EditorLandscapeResources/LandscapeLayerUsageMaterial.uexp" 152
"../../../Engine/Content/EditorLandscapeResources/DefaultAlphaTexture.uasset" 153
"../../../Engine/Content/EditorLandscapeResources/DefaultAlphaTexture.uexp" 154
"../../../Engine/Content/EditorLandscapeResources/LandscapeDirtyMaterial.uasset" 155
"../../../Engine/Content/EditorLandscapeResources/LandscapeDirtyMaterial.uexp" 156
"../../../Engine/Content/EngineMeshes/Sphere.ubulk" 157
"../../../Engine/Content/EngineMeshes/Sphere.uasset" 158
"../../../Engine/Content/EngineMeshes/Sphere.uexp" 159
"../../../Engine/Content/EngineMaterials/RemoveSurfaceMaterial.uasset" 160
"../../../Engine/Content/EngineMaterials/RemoveSurfaceMaterial.uexp" 161
"../../../Engine/Content/EngineMaterials/PreintegratedSkinBRDF.uasset" 162
"../../../Engine/Content/EngineMaterials/PreintegratedSkinBRDF.uexp" 163
"../../../Engine/Content/EngineMaterials/DefaultCalibrationGrayscale.uasset" 164
"../../../Engine/Content/EngineMaterials/DefaultCalibrationGrayscale.uexp" 165
"../../../Engine/Content/EngineMaterials/PPM_DefaultCalibrationGrayscale.uasset" 166
"../../../Engine/Content/EngineMaterials/PPM_DefaultCalibrationGrayscale.uexp" 167
"../../../Engine/Content/EngineMaterials/DefaultCalibrationColor.uasset" 168
"../../../Engine/Content/EngineMaterials/DefaultCalibrationColor.uexp" 169
"../../../Engine/Content/EngineMaterials/PPM_DefaultCalibrationColor.uasset" 170
"../../../Engine/Content/EngineMaterials/PPM_DefaultCalibrationColor.uexp" 171
"../../../Engine/Content/EngineMaterials/PhAT_JointLimitMaterial.uasset" 172
"../../../Engine/Content/EngineMaterials/PhAT_JointLimitMaterial.uexp" 173
"../../../Engine/Content/EngineMaterials/NaniteHiddenSectionMaterial.uasset" 174
"../../../Engine/Content/EngineMaterials/NaniteHiddenSectionMaterial.uexp" 175
"../../../Engine/Content/EngineMaterials/InvalidLightmapSettings.ubulk" 176
"../../../Engine/Content/EngineMaterials/InvalidLightmapSettings.uasset" 177
"../../../Engine/Content/EngineMaterials/InvalidLightmapSettings.uexp" 178
"../../../Engine/Content/EngineMaterials/M_InvalidLightmapSettings.uasset" 179
"../../../Engine/Content/EngineMaterials/M_InvalidLightmapSettings.uexp" 180
"../../../Engine/Content/EngineMaterials/MiniFont.uasset" 181
"../../../Engine/Content/EngineMaterials/MiniFont.uexp" 182
"../../../Engine/Content/EngineMaterials/GizmoMaterial.uasset" 183
"../../../Engine/Content/EngineMaterials/GizmoMaterial.uexp" 184
"../../../Engine/Content/EngineMaterials/BaseFlattenDiffuseMap_VT.ubulk" 185
"../../../Engine/Content/EngineMaterials/BaseFlattenDiffuseMap_VT.uasset" 186
"../../../Engine/Content/EngineMaterials/BaseFlattenDiffuseMap_VT.uexp" 187
"../../../Engine/Content/EngineMaterials/BaseFlattenEmissiveMap_VT.ubulk" 188
"../../../Engine/Content/EngineMaterials/BaseFlattenEmissiveMap_VT.uasset" 189
"../../../Engine/Content/EngineMaterials/BaseFlattenEmissiveMap_VT.uexp" 190
"../../../Engine/Content/EngineMaterials/BaseFlattenGrayscaleMap_VT.ubulk" 191
"../../../Engine/Content/EngineMaterials/BaseFlattenGrayscaleMap_VT.uasset" 192
"../../../Engine/Content/EngineMaterials/BaseFlattenGrayscaleMap_VT.uexp" 193
"../../../Engine/Content/EngineMaterials/BaseFlattenLinearColor_VT.ubulk" 194
"../../../Engine/Content/EngineMaterials/BaseFlattenLinearColor_VT.uasset" 195
"../../../Engine/Content/EngineMaterials/BaseFlattenLinearColor_VT.uexp" 196
"../../../Engine/Content/EngineMaterials/BaseFlattenNormalMap_VT.ubulk" 197
"../../../Engine/Content/EngineMaterials/BaseFlattenNormalMap_VT.uasset" 198
"../../../Engine/Content/EngineMaterials/BaseFlattenNormalMap_VT.uexp" 199
"../../../Engine/Content/EngineMaterials/Black_1x1_EXR_Texture_VT.ubulk" 200
"../../../Engine/Content/EngineMaterials/Black_1x1_EXR_Texture_VT.uasset" 201
"../../../Engine/Content/EngineMaterials/Black_1x1_EXR_Texture_VT.uexp" 202
"../../../Engine/Content/EngineMaterials/FlattenMaterial_WS_Normal_VT.uasset" 203
"../../../Engine/Content/EngineMaterials/FlattenMaterial_WS_Normal_VT.uexp" 204
"../../../Engine/Content/EngineMaterials/FlattenMaterial_VT.uasset" 205
"../../../Engine/Content/EngineMaterials/FlattenMaterial_VT.uexp" 206
"../../../Engine/Content/EngineMaterials/BaseFlattenNormalMap.uasset" 207
"../../../Engine/Content/EngineMaterials/BaseFlattenNormalMap.uexp" 208
"../../../Engine/Content/EngineMaterials/BaseFlattenDiffuseMap.uasset" 209
"../../../Engine/Content/EngineMaterials/BaseFlattenDiffuseMap.uexp" 210
"../../../Engine/Content/EngineMaterials/BaseFlattenEmissiveMap.uasset" 211
"../../../Engine/Content/EngineMaterials/BaseFlattenEmissiveMap.uexp" 212
"../../../Engine/Content/EngineMaterials/BaseFlattenGrayscaleMap.uasset" 213
"../../../Engine/Content/EngineMaterials/BaseFlattenGrayscaleMap.uexp" 214
"../../../Engine/Content/EngineMaterials/BaseFlattenLinearColor.uasset" 215
"../../../Engine/Content/EngineMaterials/BaseFlattenLinearColor.uexp" 216
"../../../Engine/Content/Functions/Engine_MaterialFunctions02/PivotPainter2/Black_1x1_EXR_Texture.uasset" 217
"../../../Engine/Content/Functions/Engine_MaterialFunctions02/PivotPainter2/Black_1x1_EXR_Texture.uexp" 218
"../../../Engine/Content/EngineMaterials/FlattenMaterial.uasset" 219
"../../../Engine/Content/EngineMaterials/FlattenMaterial.uexp" 220
"../../../Engine/Content/EngineMaterials/FastBlueNoise_vec2_128x128x64.uasset" 221
"../../../Engine/Content/EngineMaterials/FastBlueNoise_vec2_128x128x64.uexp" 222
"../../../Engine/Content/EngineMaterials/FastBlueNoise_scalar_128x128x8.uasset" 223
"../../../Engine/Content/EngineMaterials/FastBlueNoise_scalar_128x128x8.uexp" 224
"../../../Engine/Content/EngineMaterials/FastBlueNoise_scalar_128x128x64.uasset" 225
"../../../Engine/Content/EngineMaterials/FastBlueNoise_scalar_128x128x64.uexp" 226
"../../../Engine/Content/EngineMaterials/DefaultWhiteGrid_Low.uasset" 227
"../../../Engine/Content/EngineMaterials/DefaultWhiteGrid_Low.uexp" 228
"../../../Engine/Content/EngineMaterials/EmissiveMeshMaterial.uasset" 229
"../../../Engine/Content/EngineMaterials/EmissiveMeshMaterial.uexp" 230
"../../../Engine/Content/EngineMaterials/DefaultWhiteGrid.ubulk" 231
"../../../Engine/Content/EngineMaterials/DefaultWhiteGrid.uasset" 232
"../../../Engine/Content/EngineMaterials/DefaultWhiteGrid.uexp" 233
"../../../Engine/Content/EngineFonts/RobotoDistanceField.uasset" 234
"../../../Engine/Content/EngineFonts/RobotoDistanceField.uexp" 235
"../../../Engine/Content/EngineMaterials/DefaultTextMaterialOpaque.uasset" 236
"../../../Engine/Content/EngineMaterials/DefaultTextMaterialOpaque.uexp" 237
"../../../Engine/Content/EngineMaterials/DefaultPostProcessMaterial.uasset" 238
"../../../Engine/Content/EngineMaterials/DefaultPostProcessMaterial.uexp" 239
"../../../Engine/Content/EngineMaterials/DefaultLightFunctionMaterial.uasset" 240
"../../../Engine/Content/EngineMaterials/DefaultLightFunctionMaterial.uexp" 241
"../../../Engine/Content/EngineMaterials/DefaultDeferredDecalMaterial.uasset" 242
"../../../Engine/Content/EngineMaterials/DefaultDeferredDecalMaterial.uexp" 243
"../../../Engine/Content/EngineMaterials/DefaultBokeh.uasset" 244
"../../../Engine/Content/EngineMaterials/DefaultBokeh.uexp" 245
"../../../Engine/Content/EngineMaterials/DefaultBloomKernel.uasset" 246
"../../../Engine/Content/EngineMaterials/DefaultBloomKernel.uexp" 247
"../../../Engine/Content/Functions/Engine_MaterialFunctions02/Utility/CameraDirectionVector.uasset" 248
"../../../Engine/Content/Functions/Engine_MaterialFunctions02/Utility/CameraDirectionVector.uexp" 249
"../../../Engine/Content/EngineDebugMaterials/VolumeToRender.uasset" 250
"../../../Engine/Content/EngineDebugMaterials/VolumeToRender.uexp" 251
"../../../Engine/Content/EngineDebugMaterials/M_VolumeRenderSphereTracePP.uasset" 252
"../../../Engine/Content/EngineDebugMaterials/M_VolumeRenderSphereTracePP.uexp" 253
"../../../Engine/Content/EngineDebugMaterials/M_SimpleUnlitTranslucent.uasset" 254
"../../../Engine/Content/EngineDebugMaterials/M_SimpleUnlitTranslucent.uexp" 255
"../../../Engine/Content/EngineDebugMaterials/DebugMeshMaterial.uasset" 256
"../../../Engine/Content/EngineDebugMaterials/DebugMeshMaterial.uexp" 257
"../../../Engine/Content/EngineDebugMaterials/DebugEditorMaterial.uasset" 258
"../../../Engine/Content/EngineDebugMaterials/DebugEditorMaterial.uexp" 259
"../../../Engine/Content/EngineDamageTypes/DmgTypeBP_Environmental.uasset" 260
"../../../Engine/Content/EngineDamageTypes/DmgTypeBP_Environmental.uexp" 261
"../../../Engine/Content/EditorResources/S_TriggerSphere.uasset" 262
"../../../Engine/Content/EditorResources/S_TriggerSphere.uexp" 263
"../../../Engine/Content/EditorResources/S_TriggerCapsule.uasset" 264
"../../../Engine/Content/EditorResources/S_TriggerCapsule.uexp" 265
"../../../Engine/Content/EditorResources/S_TriggerBox.uasset" 266
"../../../Engine/Content/EditorResources/S_TriggerBox.uexp" 267
"../../../Engine/Content/EditorResources/S_Terrain.ubulk" 268
"../../../Engine/Content/EditorResources/S_Terrain.uasset" 269
"../../../Engine/Content/EditorResources/S_Terrain.uexp" 270
"../../../Engine/Content/EditorResources/S_Solver.ubulk" 271
"../../../Engine/Content/EditorResources/S_Solver.uasset" 272
"../../../Engine/Content/EditorResources/S_Solver.uexp" 273
"../../../Engine/Content/EditorResources/BSPVertex.uasset" 274
"../../../Engine/Content/EditorResources/BSPVertex.uexp" 275
"../../../Engine/Plugins/VirtualProduction/CameraCalibrationCore/Content/Materials/M_DefaultOddSquare.uasset" 276
"../../../Engine/Plugins/VirtualProduction/CameraCalibrationCore/Content/Materials/M_DefaultOddSquare.uexp" 277
"../../../Engine/Plugins/VirtualProduction/CameraCalibrationCore/Content/Materials/M_DefaultEvenSquare.uasset" 278
"../../../Engine/Plugins/VirtualProduction/CameraCalibrationCore/Content/Materials/M_DefaultEvenSquare.uexp" 279
"../../../Engine/Plugins/Runtime/HairStrands/Content/Materials/HairMeshesDefaultMaterial.uasset" 280
"../../../Engine/Plugins/Runtime/HairStrands/Content/Materials/HairMeshesDefaultMaterial.uexp" 281
"../../../Engine/Plugins/Runtime/HairStrands/Content/Materials/HairDefaultMaterial.uasset" 282
"../../../Engine/Plugins/Runtime/HairStrands/Content/Materials/HairDefaultMaterial.uexp" 283
"../../../Engine/Content/Functions/Engine_MaterialFunctions02/Utility/MakeFloat2.uasset" 284
"../../../Engine/Content/Functions/Engine_MaterialFunctions02/Utility/MakeFloat2.uexp" 285
"../../../Engine/Content/Functions/Engine_MaterialFunctions02/Utility/MakeFloat3.uasset" 286
"../../../Engine/Content/Functions/Engine_MaterialFunctions02/Utility/MakeFloat3.uexp" 287
"../../../Engine/Content/EngineMaterials/HairDebugColor.uasset" 288
"../../../Engine/Content/EngineMaterials/HairDebugColor.uexp" 289
"../../../Engine/Content/EngineMaterials/HairColorMap.uasset" 290
"../../../Engine/Content/EngineMaterials/HairColorMap.uexp" 291
"../../../Engine/Plugins/Runtime/HairStrands/Content/Materials/HairGroupColors.uasset" 292
"../../../Engine/Plugins/Runtime/HairStrands/Content/Materials/HairGroupColors.uexp" 293
"../../../Engine/Plugins/Runtime/HairStrands/Content/Materials/HairDebugMaterial.uasset" 294
"../../../Engine/Plugins/Runtime/HairStrands/Content/Materials/HairDebugMaterial.uexp" 295
"../../../Engine/Plugins/Runtime/HairStrands/Content/Materials/HairCardsDefaultMaterial.uasset" 296
"../../../Engine/Plugins/Runtime/HairStrands/Content/Materials/HairCardsDefaultMaterial.uexp" 297
"../../../Engine/Plugins/Runtime/AudioWidgets/Content/Resources/ScrubHandleDown_Clamped.uasset" 298
"../../../Engine/Plugins/Runtime/AudioWidgets/Content/Resources/ScrubHandleDown_Clamped.uexp" 299
"../../../Engine/Plugins/Interchange/Assets/Content/Functions/MX_UsdPreviewSurface.uasset" 300
"../../../Engine/Plugins/Interchange/Assets/Content/Functions/MX_UsdPreviewSurface.uexp" 301
"../../../Engine/Plugins/Interchange/Assets/Content/Functions/MX_UniformEDF.uasset" 302
"../../../Engine/Plugins/Interchange/Assets/Content/Functions/MX_UniformEDF.uexp" 303
"../../../Engine/Plugins/Interchange/Assets/Content/Functions/MX_TranslucentBSDF.uasset" 304
"../../../Engine/Plugins/Interchange/Assets/Content/Functions/MX_TranslucentBSDF.uexp" 305
"../../../Engine/Plugins/Interchange/Assets/Content/Functions/MX_ThinFilmBSDF.uasset" 306
"../../../Engine/Plugins/Interchange/Assets/Content/Functions/MX_ThinFilmBSDF.uexp" 307
"../../../Engine/Plugins/Interchange/Assets/Content/Functions/MX_SurfaceUnlit.uasset" 308
"../../../Engine/Plugins/Interchange/Assets/Content/Functions/MX_SurfaceUnlit.uexp" 309
"../../../Engine/Plugins/Interchange/Assets/Content/Functions/MX_Surface.uasset" 310
"../../../Engine/Plugins/Interchange/Assets/Content/Functions/MX_Surface.uexp" 311
"../../../Engine/Plugins/Interchange/Assets/Content/Functions/MX_SubsurfaceBSDF.uasset" 312
"../../../Engine/Plugins/Interchange/Assets/Content/Functions/MX_SubsurfaceBSDF.uexp" 313
"../../../Engine/Plugins/Interchange/Assets/Content/Functions/MX_SheenBSDF.uasset" 314
"../../../Engine/Plugins/Interchange/Assets/Content/Functions/MX_SheenBSDF.uexp" 315
"../../../Engine/Plugins/Interchange/Assets/Content/Functions/MX_OrenNayarBSDF.uasset" 316
"../../../Engine/Plugins/Interchange/Assets/Content/Functions/MX_OrenNayarBSDF.uexp" 317
"../../../Engine/Plugins/Interchange/Assets/Content/Functions/MF_IridescenceNoLUT.uasset" 318
"../../../Engine/Plugins/Interchange/Assets/Content/Functions/MF_IridescenceNoLUT.uexp" 319
"../../../Engine/Plugins/Interchange/Assets/Content/Functions/MX_StandardSurface.uasset" 320
"../../../Engine/Plugins/Interchange/Assets/Content/Functions/MX_StandardSurface.uexp" 321
"../../../Engine/Plugins/Interchange/Assets/Content/Functions/MX_TransmissionSurface.uasset" 322
"../../../Engine/Plugins/Interchange/Assets/Content/Functions/MX_TransmissionSurface.uexp" 323
"../../../Engine/Plugins/Interchange/Assets/Content/Functions/MX_OpenPBR_Translucent.uasset" 324
"../../../Engine/Plugins/Interchange/Assets/Content/Functions/MX_OpenPBR_Translucent.uexp" 325
"../../../Engine/Plugins/Interchange/Assets/Content/Functions/MX_OpenPBR_Opaque.uasset" 326
"../../../Engine/Plugins/Interchange/Assets/Content/Functions/MX_OpenPBR_Opaque.uexp" 327
"../../../Engine/Plugins/Interchange/Assets/Content/Functions/MX_MeasuredEDF.uasset" 328
"../../../Engine/Plugins/Interchange/Assets/Content/Functions/MX_MeasuredEDF.uexp" 329
"../../../Engine/Plugins/Interchange/Assets/Content/Functions/MX_GeneralizedSchlickBSDF.uasset" 330
"../../../Engine/Plugins/Interchange/Assets/Content/Functions/MX_GeneralizedSchlickBSDF.uexp" 331
"../../../Engine/Plugins/Interchange/Assets/Content/Functions/MX_Displacement.uasset" 332
"../../../Engine/Plugins/Interchange/Assets/Content/Functions/MX_Displacement.uexp" 333
"../../../Engine/Plugins/Interchange/Assets/Content/Functions/MX_DielectricBSDF.uasset" 334
"../../../Engine/Plugins/Interchange/Assets/Content/Functions/MX_DielectricBSDF.uexp" 335
"../../../Engine/Plugins/Interchange/Assets/Content/Functions/MX_ConicalEDF.uasset" 336
"../../../Engine/Plugins/Interchange/Assets/Content/Functions/MX_ConicalEDF.uexp" 337
"../../../Engine/Plugins/Interchange/Assets/Content/Functions/MX_ConductorBSDF.uasset" 338
"../../../Engine/Plugins/Interchange/Assets/Content/Functions/MX_ConductorBSDF.uexp" 339
"../../../Engine/Plugins/Interchange/Assets/Content/Functions/MX_BurleyDiffuseBSDF.uasset" 340
"../../../Engine/Plugins/Interchange/Assets/Content/Functions/MX_BurleyDiffuseBSDF.uexp" 341
"../../../Engine/Plugins/Interchange/Assets/Content/Functions/MX_AnisotropicVDF.uasset" 342
"../../../Engine/Plugins/Interchange/Assets/Content/Functions/MX_AnisotropicVDF.uexp" 343
"../../../Engine/Plugins/Interchange/Assets/Content/Functions/MX_AbsorptionVDF.uasset" 344
"../../../Engine/Plugins/Interchange/Assets/Content/Functions/MX_AbsorptionVDF.uexp" 345
"../../../Engine/Content/Functions/Engine_MaterialFunctions02/Utility/VectorLength.uasset" 346
"../../../Engine/Content/Functions/Engine_MaterialFunctions02/Utility/VectorLength.uexp" 347
"../../../Engine/Content/Functions/Engine_MaterialFunctions02/Utility/BreakOutFloat3Components.uasset" 348
"../../../Engine/Content/Functions/Engine_MaterialFunctions02/Utility/BreakOutFloat3Components.uexp" 349
"../../../Engine/Content/Functions/Engine_MaterialFunctions02/WorldPositionOffset/ObjectScale.uasset" 350
"../../../Engine/Content/Functions/Engine_MaterialFunctions02/WorldPositionOffset/ObjectScale.uexp" 351
"../../../Engine/Content/Functions/Engine_MaterialFunctions02/SafeNormalize.uasset" 352
"../../../Engine/Content/Functions/Engine_MaterialFunctions02/SafeNormalize.uexp" 353
"../../../Engine/Plugins/Editor/SpeedTreeImporter/Content/SpeedTree9/UnpackInteger3.uasset" 354
"../../../Engine/Plugins/Editor/SpeedTreeImporter/Content/SpeedTree9/UnpackInteger3.uexp" 355
"../../../Engine/Plugins/Editor/SpeedTreeImporter/Content/SpeedTree9/UnpackDirection.uasset" 356
"../../../Engine/Plugins/Editor/SpeedTreeImporter/Content/SpeedTree9/UnpackDirection.uexp" 357
"../../../Engine/Plugins/Editor/SpeedTreeImporter/Content/SpeedTree9/game_wind_noise.ubulk" 358
"../../../Engine/Plugins/Editor/SpeedTreeImporter/Content/SpeedTree9/game_wind_noise.uasset" 359
"../../../Engine/Plugins/Editor/SpeedTreeImporter/Content/SpeedTree9/game_wind_noise.uexp" 360
"../../../Engine/Plugins/Editor/SpeedTreeImporter/Content/SpeedTree9/SpeedTreeWindMotion.uasset" 361
"../../../Engine/Plugins/Editor/SpeedTreeImporter/Content/SpeedTree9/SpeedTreeWindMotion.uexp" 362
"../../../Engine/Plugins/Editor/SpeedTreeImporter/Content/SpeedTree9/SpeedTreeBranchMotion.uasset" 363
"../../../Engine/Plugins/Editor/SpeedTreeImporter/Content/SpeedTree9/SpeedTreeBranchMotion.uexp" 364
"../../../Engine/Content/Functions/Engine_MaterialFunctions02/ObjectLocalBounds.uasset" 365
"../../../Engine/Content/Functions/Engine_MaterialFunctions02/ObjectLocalBounds.uexp" 366
"../../../Engine/Content/Functions/Engine_MaterialFunctions02/UVs/BoundingBoxBased_0-1_UVW.uasset" 367
"../../../Engine/Content/Functions/Engine_MaterialFunctions02/UVs/BoundingBoxBased_0-1_UVW.uexp" 368
"../../../Engine/Plugins/Editor/SpeedTreeImporter/Content/SpeedTree9/SpeedTreeWind.uasset" 369
"../../../Engine/Plugins/Editor/SpeedTreeImporter/Content/SpeedTree9/SpeedTreeWind.uexp" 370
"../../../Engine/Plugins/Editor/SpeedTreeImporter/Content/SpeedTree9/SpeedTreeCameraFacing.uasset" 371
"../../../Engine/Plugins/Editor/SpeedTreeImporter/Content/SpeedTree9/SpeedTreeCameraFacing.uexp" 372
"../../../Engine/Plugins/Editor/SpeedTreeImporter/Content/SpeedTree9/EmptyNormal.uasset" 373
"../../../Engine/Plugins/Editor/SpeedTreeImporter/Content/SpeedTree9/EmptyNormal.uexp" 374
"../../../Engine/Plugins/Editor/SpeedTreeImporter/Content/SpeedTree9/Empty.uasset" 375
"../../../Engine/Plugins/Editor/SpeedTreeImporter/Content/SpeedTree9/Empty.uexp" 376
"../../../Engine/Plugins/Editor/SpeedTreeImporter/Content/SpeedTree9/SpeedTreeMaster.uasset" 377
"../../../Engine/Plugins/Editor/SpeedTreeImporter/Content/SpeedTree9/SpeedTreeMaster.uexp" 378
"../../../Engine/Plugins/Editor/SpeedTreeImporter/Content/SpeedTree9/SpeedTreeBillboard.uasset" 379
"../../../Engine/Plugins/Editor/SpeedTreeImporter/Content/SpeedTree9/SpeedTreeBillboard.uexp" 380
"../../../Engine/Plugins/Editor/SpeedTreeImporter/Content/SpeedTree9/SpeedTreeBillboardMaster.uasset" 381
"../../../Engine/Plugins/Editor/SpeedTreeImporter/Content/SpeedTree9/SpeedTreeBillboardMaster.uexp" 382
"../../../Engine/Plugins/Animation/ControlRig/Content/Controls/ControlRig_Wedge_solid.ubulk" 383
"../../../Engine/Plugins/Animation/ControlRig/Content/Controls/ControlRig_Wedge_solid.uasset" 384
"../../../Engine/Plugins/Animation/ControlRig/Content/Controls/ControlRig_Wedge_solid.uexp" 385
"../../../Engine/Plugins/Animation/ControlRig/Content/Controls/ControlRig_Wedge_3mm.ubulk" 386
"../../../Engine/Plugins/Animation/ControlRig/Content/Controls/ControlRig_Wedge_3mm.uasset" 387
"../../../Engine/Plugins/Animation/ControlRig/Content/Controls/ControlRig_Wedge_3mm.uexp" 388
"../../../Engine/Plugins/Animation/ControlRig/Content/Controls/ControlRig_Wedge_1mm.ubulk" 389
"../../../Engine/Plugins/Animation/ControlRig/Content/Controls/ControlRig_Wedge_1mm.uasset" 390
"../../../Engine/Plugins/Animation/ControlRig/Content/Controls/ControlRig_Wedge_1mm.uexp" 391
"../../../Engine/Plugins/Animation/ControlRig/Content/Controls/ControlRig_Triangle_solid.ubulk" 392
"../../../Engine/Plugins/Animation/ControlRig/Content/Controls/ControlRig_Triangle_solid.uasset" 393
"../../../Engine/Plugins/Animation/ControlRig/Content/Controls/ControlRig_Triangle_solid.uexp" 394
"../../../Engine/Plugins/Animation/ControlRig/Content/Controls/ControlRig_Triangle_3mm.ubulk" 395
"../../../Engine/Plugins/Animation/ControlRig/Content/Controls/ControlRig_Triangle_3mm.uasset" 396
"../../../Engine/Plugins/Animation/ControlRig/Content/Controls/ControlRig_Triangle_3mm.uexp" 397
"../../../Engine/Plugins/Animation/ControlRig/Content/Controls/ControlRig_Triangle_1mm.ubulk" 398
"../../../Engine/Plugins/Animation/ControlRig/Content/Controls/ControlRig_Triangle_1mm.uasset" 399
"../../../Engine/Plugins/Animation/ControlRig/Content/Controls/ControlRig_Triangle_1mm.uexp" 400
"../../../Engine/Plugins/Animation/ControlRig/Content/Controls/ControlRig_Star4_solid.ubulk" 401
"../../../Engine/Plugins/Animation/ControlRig/Content/Controls/ControlRig_Star4_solid.uasset" 402
"../../../Engine/Plugins/Animation/ControlRig/Content/Controls/ControlRig_Star4_solid.uexp" 403
"../../../Engine/Plugins/Animation/ControlRig/Content/Controls/ControlRig_Star4_3mm.ubulk" 404
"../../../Engine/Plugins/Animation/ControlRig/Content/Controls/ControlRig_Star4_3mm.uasset" 405
"../../../Engine/Plugins/Animation/ControlRig/Content/Controls/ControlRig_Star4_3mm.uexp" 406
"../../../Engine/Plugins/Animation/ControlRig/Content/Controls/ControlRig_Star4_1mm.ubulk" 407
"../../../Engine/Plugins/Animation/ControlRig/Content/Controls/ControlRig_Star4_1mm.uasset" 408
"../../../Engine/Plugins/Animation/ControlRig/Content/Controls/ControlRig_Star4_1mm.uexp" 409
"../../../Engine/Plugins/Animation/ControlRig/Content/Controls/ControlRig_Square_solid.ubulk" 410
"../../../Engine/Plugins/Animation/ControlRig/Content/Controls/ControlRig_Square_solid.uasset" 411
"../../../Engine/Plugins/Animation/ControlRig/Content/Controls/ControlRig_Square_solid.uexp" 412
"../../../Engine/Plugins/Animation/ControlRig/Content/Controls/ControlRig_Square_3mm.ubulk" 413
"../../../Engine/Plugins/Animation/ControlRig/Content/Controls/ControlRig_Square_3mm.uasset" 414
"../../../Engine/Plugins/Animation/ControlRig/Content/Controls/ControlRig_Square_3mm.uexp" 415
"../../../Engine/Plugins/Animation/ControlRig/Content/Controls/ControlRig_Square_1mm.ubulk" 416
"../../../Engine/Plugins/Animation/ControlRig/Content/Controls/ControlRig_Square_1mm.uasset" 417
"../../../Engine/Plugins/Animation/ControlRig/Content/Controls/ControlRig_Square_1mm.uexp" 418
"../../../Engine/Plugins/Animation/ControlRig/Content/Controls/ControlRig_Sphere_solid.ubulk" 419
"../../../Engine/Plugins/Animation/ControlRig/Content/Controls/ControlRig_Sphere_solid.uasset" 420
"../../../Engine/Plugins/Animation/ControlRig/Content/Controls/ControlRig_Sphere_solid.uexp" 421
"../../../Engine/Plugins/Animation/ControlRig/Content/Controls/ControlRig_Sphere_3mm.ubulk" 422
"../../../Engine/Plugins/Animation/ControlRig/Content/Controls/ControlRig_Sphere_3mm.uasset" 423
"../../../Engine/Plugins/Animation/ControlRig/Content/Controls/ControlRig_Sphere_3mm.uexp" 424
"../../../Engine/Plugins/Animation/ControlRig/Content/Controls/ControlRig_Sphere_1mm.ubulk" 425
"../../../Engine/Plugins/Animation/ControlRig/Content/Controls/ControlRig_Sphere_1mm.uasset" 426
"../../../Engine/Plugins/Animation/ControlRig/Content/Controls/ControlRig_Sphere_1mm.uexp" 427
"../../../Engine/Plugins/Animation/ControlRig/Content/Controls/ControlRig_RoundedTriangle_solid.ubulk" 428
"../../../Engine/Plugins/Animation/ControlRig/Content/Controls/ControlRig_RoundedTriangle_solid.uasset" 429
"../../../Engine/Plugins/Animation/ControlRig/Content/Controls/ControlRig_RoundedTriangle_solid.uexp" 430
"../../../Engine/Plugins/Animation/ControlRig/Content/Controls/ControlRig_RoundedTriangle_3mm.ubulk" 431
"../../../Engine/Plugins/Animation/ControlRig/Content/Controls/ControlRig_RoundedTriangle_3mm.uasset" 432
"../../../Engine/Plugins/Animation/ControlRig/Content/Controls/ControlRig_RoundedTriangle_3mm.uexp" 433
"../../../Engine/Plugins/Animation/ControlRig/Content/Controls/ControlRig_RoundedTriangle_1mm.ubulk" 434
"../../../Engine/Plugins/Animation/ControlRig/Content/Controls/ControlRig_RoundedTriangle_1mm.uasset" 435
"../../../Engine/Plugins/Animation/ControlRig/Content/Controls/ControlRig_RoundedTriangle_1mm.uexp" 436
"../../../Engine/Plugins/Animation/ControlRig/Content/Controls/ControlRig_RoundedSquare_solid.ubulk" 437
"../../../Engine/Plugins/Animation/ControlRig/Content/Controls/ControlRig_RoundedSquare_solid.uasset" 438
"../../../Engine/Plugins/Animation/ControlRig/Content/Controls/ControlRig_RoundedSquare_solid.uexp" 439
"../../../Engine/Plugins/Animation/ControlRig/Content/Controls/ControlRig_RoundedSquare_3mm.ubulk" 440
"../../../Engine/Plugins/Animation/ControlRig/Content/Controls/ControlRig_RoundedSquare_3mm.uasset" 441
"../../../Engine/Plugins/Animation/ControlRig/Content/Controls/ControlRig_RoundedSquare_3mm.uexp" 442
"../../../Engine/Plugins/Animation/ControlRig/Content/Controls/ControlRig_RoundedSquare_1mm.ubulk" 443
"../../../Engine/Plugins/Animation/ControlRig/Content/Controls/ControlRig_RoundedSquare_1mm.uasset" 444
"../../../Engine/Plugins/Animation/ControlRig/Content/Controls/ControlRig_RoundedSquare_1mm.uexp" 445
"../../../Engine/Plugins/Animation/ControlRig/Content/Controls/ControlRig_QuarterCircle_solid.ubulk" 446
"../../../Engine/Plugins/Animation/ControlRig/Content/Controls/ControlRig_QuarterCircle_solid.uasset" 447
"../../../Engine/Plugins/Animation/ControlRig/Content/Controls/ControlRig_QuarterCircle_solid.uexp" 448
"../../../Engine/Plugins/Animation/ControlRig/Content/Controls/ControlRig_QuarterCircle_3mm.ubulk" 449
"../../../Engine/Plugins/Animation/ControlRig/Content/Controls/ControlRig_QuarterCircle_3mm.uasset" 450
"../../../Engine/Plugins/Animation/ControlRig/Content/Controls/ControlRig_QuarterCircle_3mm.uexp" 451
"../../../Engine/Plugins/Animation/ControlRig/Content/Controls/ControlRig_QuarterCircle_1mm.ubulk" 452
"../../../Engine/Plugins/Animation/ControlRig/Content/Controls/ControlRig_QuarterCircle_1mm.uasset" 453
"../../../Engine/Plugins/Animation/ControlRig/Content/Controls/ControlRig_QuarterCircle_1mm.uexp" 454
"../../../Engine/Plugins/Animation/ControlRig/Content/Controls/ControlRig_Pyramid_solid.ubulk" 455
"../../../Engine/Plugins/Animation/ControlRig/Content/Controls/ControlRig_Pyramid_solid.uasset" 456
"../../../Engine/Plugins/Animation/ControlRig/Content/Controls/ControlRig_Pyramid_solid.uexp" 457
"../../../Engine/Plugins/Animation/ControlRig/Content/Controls/ControlRig_Pyramid_3mm.ubulk" 458
"../../../Engine/Plugins/Animation/ControlRig/Content/Controls/ControlRig_Pyramid_3mm.uasset" 459
"../../../Engine/Plugins/Animation/ControlRig/Content/Controls/ControlRig_Pyramid_3mm.uexp" 460
"../../../Engine/Plugins/Animation/ControlRig/Content/Controls/ControlRig_Pyramid_1mm.ubulk" 461
"../../../Engine/Plugins/Animation/ControlRig/Content/Controls/ControlRig_Pyramid_1mm.uasset" 462
"../../../Engine/Plugins/Animation/ControlRig/Content/Controls/ControlRig_Pyramid_1mm.uexp" 463
"../../../Engine/Plugins/Animation/ControlRig/Content/Controls/ControlRig_Octagon_solid.ubulk" 464
"../../../Engine/Plugins/Animation/ControlRig/Content/Controls/ControlRig_Octagon_solid.uasset" 465
"../../../Engine/Plugins/Animation/ControlRig/Content/Controls/ControlRig_Octagon_solid.uexp" 466
"../../../Engine/Plugins/Animation/ControlRig/Content/Controls/ControlRig_Octagon_3mm.ubulk" 467
"../../../Engine/Plugins/Animation/ControlRig/Content/Controls/ControlRig_Octagon_3mm.uasset" 468
"../../../Engine/Plugins/Animation/ControlRig/Content/Controls/ControlRig_Octagon_3mm.uexp" 469
"../../../Engine/Plugins/Animation/ControlRig/Content/Controls/ControlRig_Octagon_1mm.ubulk" 470
"../../../Engine/Plugins/Animation/ControlRig/Content/Controls/ControlRig_Octagon_1mm.uasset" 471
"../../../Engine/Plugins/Animation/ControlRig/Content/Controls/ControlRig_Octagon_1mm.uexp" 472
"../../../Engine/Plugins/Animation/ControlRig/Content/Controls/ControlRig_Hexagon_solid.ubulk" 473
"../../../Engine/Plugins/Animation/ControlRig/Content/Controls/ControlRig_Hexagon_solid.uasset" 474
"../../../Engine/Plugins/Animation/ControlRig/Content/Controls/ControlRig_Hexagon_solid.uexp" 475
"../../../Engine/Plugins/Animation/ControlRig/Content/Controls/ControlRig_Hexagon_3mm.ubulk" 476
"../../../Engine/Plugins/Animation/ControlRig/Content/Controls/ControlRig_Hexagon_3mm.uasset" 477
"../../../Engine/Plugins/Animation/ControlRig/Content/Controls/ControlRig_Hexagon_3mm.uexp" 478
"../../../Engine/Plugins/Animation/ControlRig/Content/Controls/ControlRig_Hexagon_1mm.ubulk" 479
"../../../Engine/Plugins/Animation/ControlRig/Content/Controls/ControlRig_Hexagon_1mm.uasset" 480
"../../../Engine/Plugins/Animation/ControlRig/Content/Controls/ControlRig_Hexagon_1mm.uexp" 481
"../../../Engine/Plugins/Animation/ControlRig/Content/Controls/ControlRig_HalfCircle_solid.ubulk" 482
"../../../Engine/Plugins/Animation/ControlRig/Content/Controls/ControlRig_HalfCircle_solid.uasset" 483
"../../../Engine/Plugins/Animation/ControlRig/Content/Controls/ControlRig_HalfCircle_solid.uexp" 484
"../../../Engine/Plugins/Animation/ControlRig/Content/Controls/ControlRig_HalfCircle_3mm.ubulk" 485
"../../../Engine/Plugins/Animation/ControlRig/Content/Controls/ControlRig_HalfCircle_3mm.uasset" 486
"../../../Engine/Plugins/Animation/ControlRig/Content/Controls/ControlRig_HalfCircle_3mm.uexp" 487
"../../../Engine/Plugins/Animation/ControlRig/Content/Controls/ControlRig_HalfCircle_1mm.ubulk" 488
"../../../Engine/Plugins/Animation/ControlRig/Content/Controls/ControlRig_HalfCircle_1mm.uasset" 489
"../../../Engine/Plugins/Animation/ControlRig/Content/Controls/ControlRig_HalfCircle_1mm.uexp" 490
"../../../Engine/Plugins/Animation/ControlRig/Content/Controls/ControlRig_Diamond_solid.ubulk" 491
"../../../Engine/Plugins/Animation/ControlRig/Content/Controls/ControlRig_Diamond_solid.uasset" 492
"../../../Engine/Plugins/Animation/ControlRig/Content/Controls/ControlRig_Diamond_solid.uexp" 493
"../../../Engine/Plugins/Animation/ControlRig/Content/Controls/ControlRig_Diamond_3mm.ubulk" 494
"../../../Engine/Plugins/Animation/ControlRig/Content/Controls/ControlRig_Diamond_3mm.uasset" 495
"../../../Engine/Plugins/Animation/ControlRig/Content/Controls/ControlRig_Diamond_3mm.uexp" 496
"../../../Engine/Plugins/Animation/ControlRig/Content/Controls/ControlRig_Diamond_1mm.ubulk" 497
"../../../Engine/Plugins/Animation/ControlRig/Content/Controls/ControlRig_Diamond_1mm.uasset" 498
"../../../Engine/Plugins/Animation/ControlRig/Content/Controls/ControlRig_Diamond_1mm.uexp" 499
"../../../Engine/Plugins/Animation/ControlRig/Content/Controls/ControlRig_Circle_solid.ubulk" 500
"../../../Engine/Plugins/Animation/ControlRig/Content/Controls/ControlRig_Circle_solid.uasset" 501
"../../../Engine/Plugins/Animation/ControlRig/Content/Controls/ControlRig_Circle_solid.uexp" 502
"../../../Engine/Plugins/Animation/ControlRig/Content/Controls/ControlRig_Circle_3mm.ubulk" 503
"../../../Engine/Plugins/Animation/ControlRig/Content/Controls/ControlRig_Circle_3mm.uasset" 504
"../../../Engine/Plugins/Animation/ControlRig/Content/Controls/ControlRig_Circle_3mm.uexp" 505
"../../../Engine/Plugins/Animation/ControlRig/Content/Controls/ControlRig_Circle_1mm.ubulk" 506
"../../../Engine/Plugins/Animation/ControlRig/Content/Controls/ControlRig_Circle_1mm.uasset" 507
"../../../Engine/Plugins/Animation/ControlRig/Content/Controls/ControlRig_Circle_1mm.uexp" 508
"../../../Engine/Plugins/Animation/ControlRig/Content/Controls/ControlRig_Box_solid.ubulk" 509
"../../../Engine/Plugins/Animation/ControlRig/Content/Controls/ControlRig_Box_solid.uasset" 510
"../../../Engine/Plugins/Animation/ControlRig/Content/Controls/ControlRig_Box_solid.uexp" 511
"../../../Engine/Plugins/Animation/ControlRig/Content/Controls/ControlRig_Box_3mm.ubulk" 512
"../../../Engine/Plugins/Animation/ControlRig/Content/Controls/ControlRig_Box_3mm.uasset" 513
"../../../Engine/Plugins/Animation/ControlRig/Content/Controls/ControlRig_Box_3mm.uexp" 514
"../../../Engine/Plugins/Animation/ControlRig/Content/Controls/ControlRig_Box_1mm.ubulk" 515
"../../../Engine/Plugins/Animation/ControlRig/Content/Controls/ControlRig_Box_1mm.uasset" 516
"../../../Engine/Plugins/Animation/ControlRig/Content/Controls/ControlRig_Box_1mm.uexp" 517
"../../../Engine/Plugins/Animation/ControlRig/Content/Controls/ControlRig_Arrow_solid.ubulk" 518
"../../../Engine/Plugins/Animation/ControlRig/Content/Controls/ControlRig_Arrow_solid.uasset" 519
"../../../Engine/Plugins/Animation/ControlRig/Content/Controls/ControlRig_Arrow_solid.uexp" 520
"../../../Engine/Plugins/Animation/ControlRig/Content/Controls/ControlRig_Arrow_3mm.ubulk" 521
"../../../Engine/Plugins/Animation/ControlRig/Content/Controls/ControlRig_Arrow_3mm.uasset" 522
"../../../Engine/Plugins/Animation/ControlRig/Content/Controls/ControlRig_Arrow_3mm.uexp" 523
"../../../Engine/Plugins/Animation/ControlRig/Content/Controls/ControlRig_Arrow_1mm.ubulk" 524
"../../../Engine/Plugins/Animation/ControlRig/Content/Controls/ControlRig_Arrow_1mm.uasset" 525
"../../../Engine/Plugins/Animation/ControlRig/Content/Controls/ControlRig_Arrow_1mm.uexp" 526
"../../../Engine/Plugins/Animation/ControlRig/Content/Controls/ControlRig_Arrow4_solid.ubulk" 527
"../../../Engine/Plugins/Animation/ControlRig/Content/Controls/ControlRig_Arrow4_solid.uasset" 528
"../../../Engine/Plugins/Animation/ControlRig/Content/Controls/ControlRig_Arrow4_solid.uexp" 529
"../../../Engine/Plugins/Animation/ControlRig/Content/Controls/ControlRig_Arrow4_3mm.ubulk" 530
"../../../Engine/Plugins/Animation/ControlRig/Content/Controls/ControlRig_Arrow4_3mm.uasset" 531
"../../../Engine/Plugins/Animation/ControlRig/Content/Controls/ControlRig_Arrow4_3mm.uexp" 532
"../../../Engine/Plugins/Animation/ControlRig/Content/Controls/ControlRig_Arrow4_1mm.ubulk" 533
"../../../Engine/Plugins/Animation/ControlRig/Content/Controls/ControlRig_Arrow4_1mm.uasset" 534
"../../../Engine/Plugins/Animation/ControlRig/Content/Controls/ControlRig_Arrow4_1mm.uexp" 535
"../../../Engine/Plugins/Animation/ControlRig/Content/Controls/ControlRig_Arrow2_solid.ubulk" 536
"../../../Engine/Plugins/Animation/ControlRig/Content/Controls/ControlRig_Arrow2_solid.uasset" 537
"../../../Engine/Plugins/Animation/ControlRig/Content/Controls/ControlRig_Arrow2_solid.uexp" 538
"../../../Engine/Plugins/Animation/ControlRig/Content/Controls/ControlRig_Arrow2_3mm.ubulk" 539
"../../../Engine/Plugins/Animation/ControlRig/Content/Controls/ControlRig_Arrow2_3mm.uasset" 540
"../../../Engine/Plugins/Animation/ControlRig/Content/Controls/ControlRig_Arrow2_3mm.uexp" 541
"../../../Engine/Plugins/Animation/ControlRig/Content/Controls/ControlRig_Arrow2_1mm.ubulk" 542
"../../../Engine/Plugins/Animation/ControlRig/Content/Controls/ControlRig_Arrow2_1mm.uasset" 543
"../../../Engine/Plugins/Animation/ControlRig/Content/Controls/ControlRig_Arrow2_1mm.uexp" 544
"../../../Engine/Plugins/Animation/ControlRig/Content/Controls/ControlRigXRayMaterial.uasset" 545
"../../../Engine/Plugins/Animation/ControlRig/Content/Controls/ControlRigXRayMaterial.uexp" 546
"../../../Engine/Plugins/Animation/ControlRig/Content/Controls/ControlRigGizmoMaterial.uasset" 547
"../../../Engine/Plugins/Animation/ControlRig/Content/Controls/ControlRigGizmoMaterial.uexp" 548
"../../../Engine/Content/EditorMaterials/ParticleSystems/PSysThumbnail_OOD.ubulk" 549
"../../../Engine/Content/EditorMaterials/ParticleSystems/PSysThumbnail_OOD.uasset" 550
"../../../Engine/Content/EditorMaterials/ParticleSystems/PSysThumbnail_OOD.uexp" 551
"../../../Engine/Content/EditorMaterials/ParticleSystems/PSysThumbnail_NoImage.ubulk" 552
"../../../Engine/Content/EditorMaterials/ParticleSystems/PSysThumbnail_NoImage.uasset" 553
"../../../Engine/Content/EditorMaterials/ParticleSystems/PSysThumbnail_NoImage.uexp" 554
"../../../Engine/Content/EditorMaterials/Dataflow/DataflowVertexMaterial.uasset" 555
"../../../Engine/Content/EditorMaterials/Dataflow/DataflowVertexMaterial.uexp" 556
"../../../Engine/Content/EditorMaterials/Dataflow/DataflowTwoSidedVertexMaterial.uasset" 557
"../../../Engine/Content/EditorMaterials/Dataflow/DataflowTwoSidedVertexMaterial.uexp" 558
"../../../Engine/Content/EngineResources/FilmGrains/Marcie_Grain_v3_128_M2_000.uasset" 559
"../../../Engine/Content/EngineResources/FilmGrains/Marcie_Grain_v3_128_M2_000.uexp" 560
"../../../Engine/Content/EngineResources/Development/ZenLogo_64.uasset" 561
"../../../Engine/Content/EngineResources/Development/ZenLogo_64.uexp" 562
"../../../Engine/Content/EngineMaterials/LTC/Sheen_LTC.uasset" 563
"../../../Engine/Content/EngineMaterials/LTC/Sheen_LTC.uexp" 564
"../../../Engine/Content/EngineMaterials/LTC/GGX_LTCMat.uasset" 565
"../../../Engine/Content/EngineMaterials/LTC/GGX_LTCMat.uexp" 566
"../../../Engine/Content/EngineMaterials/LTC/GGX_LTCAmp.uasset" 567
"../../../Engine/Content/EngineMaterials/LTC/GGX_LTCAmp.uexp" 568
"../../../Engine/Content/EngineMaterials/EnergyConservation/Sheen_Energy.uasset" 569
"../../../Engine/Content/EngineMaterials/EnergyConservation/Sheen_Energy.uexp" 570
"../../../Engine/Content/EngineMaterials/EnergyConservation/SheenLegacy_Energy.uasset" 571
"../../../Engine/Content/EngineMaterials/EnergyConservation/SheenLegacy_Energy.uexp" 572
"../../../Engine/Content/EngineMaterials/EnergyConservation/GGX_TransmissionEnergyArray.uasset" 573
"../../../Engine/Content/EngineMaterials/EnergyConservation/GGX_TransmissionEnergyArray.uexp" 574
"../../../Engine/Content/EngineMaterials/EnergyConservation/GGX_ReflectionEnergy.uasset" 575
"../../../Engine/Content/EngineMaterials/EnergyConservation/GGX_ReflectionEnergy.uexp" 576
"../../../Engine/Content/EngineMaterials/EnergyConservation/Diffuse_Energy.uasset" 577
"../../../Engine/Content/EngineMaterials/EnergyConservation/Diffuse_Energy.uexp" 578
"../../../Engine/Content/EditorResources/SequenceRecorder/RecordingIndicator.uasset" 579
"../../../Engine/Content/EditorResources/SequenceRecorder/RecordingIndicator.uexp" 580
"../../../Engine/Content/EditorResources/SequenceRecorder/Countdown.uasset" 581
"../../../Engine/Content/EditorResources/SequenceRecorder/Countdown.uexp" 582
"../../../Engine/Content/EditorMaterials/Camera/CineMat.uasset" 583
"../../../Engine/Content/EditorMaterials/Camera/CineMat.uexp" 584
"../../../Engine/Content/EditorMaterials/Camera/MI_CineMat_Rig.uasset" 585
"../../../Engine/Content/EditorMaterials/Camera/MI_CineMat_Rig.uexp" 586
"../../../Engine/Content/EditorMeshes/Camera/SM_RailRig_Track.ubulk" 587
"../../../Engine/Content/EditorMeshes/Camera/SM_RailRig_Track.uasset" 588
"../../../Engine/Content/EditorMeshes/Camera/SM_RailRig_Track.uexp" 589
"../../../Engine/Content/EditorMeshes/Camera/SM_RailRig_Mount.ubulk" 590
"../../../Engine/Content/EditorMeshes/Camera/SM_RailRig_Mount.uasset" 591
"../../../Engine/Content/EditorMeshes/Camera/SM_RailRig_Mount.uexp" 592
"../../../Engine/Content/EditorMeshes/Camera/SM_CraneRig_Mount.ubulk" 593
"../../../Engine/Content/EditorMeshes/Camera/SM_CraneRig_Mount.uasset" 594
"../../../Engine/Content/EditorMeshes/Camera/SM_CraneRig_Mount.uexp" 595
"../../../Engine/Content/EditorMeshes/Camera/SM_CraneRig_Body.ubulk" 596
"../../../Engine/Content/EditorMeshes/Camera/SM_CraneRig_Body.uasset" 597
"../../../Engine/Content/EditorMeshes/Camera/SM_CraneRig_Body.uexp" 598
"../../../Engine/Content/EditorMeshes/Camera/SM_CraneRig_Base.ubulk" 599
"../../../Engine/Content/EditorMeshes/Camera/SM_CraneRig_Base.uasset" 600
"../../../Engine/Content/EditorMeshes/Camera/SM_CraneRig_Base.uexp" 601
"../../../Engine/Content/EditorMeshes/Camera/SM_CraneRig_Arm.ubulk" 602
"../../../Engine/Content/EditorMeshes/Camera/SM_CraneRig_Arm.uasset" 603
"../../../Engine/Content/EditorMeshes/Camera/SM_CraneRig_Arm.uexp" 604
"C:/Users/calli/OneDrive/Desktop/Game Dev Stuff/HorrorPuzzle/HorrorPuzzleGame/Content/UI/HUD.uasset" 605
"C:/Users/calli/OneDrive/Desktop/Game Dev Stuff/HorrorPuzzle/HorrorPuzzleGame/Content/UI/HUD.uexp" 606
"C:/Users/calli/OneDrive/Desktop/Game Dev Stuff/HorrorPuzzle/HorrorPuzzleGame/Content/Blueprints/InteractComponent.uasset" 607
"C:/Users/calli/OneDrive/Desktop/Game Dev Stuff/HorrorPuzzle/HorrorPuzzleGame/Content/Blueprints/InteractComponent.uexp" 608
"C:/Users/calli/OneDrive/Desktop/Game Dev Stuff/HorrorPuzzle/HorrorPuzzleGame/Content/Input/Actions/IA_MouseLook.uasset" 609
"C:/Users/calli/OneDrive/Desktop/Game Dev Stuff/HorrorPuzzle/HorrorPuzzleGame/Content/Input/Actions/IA_MouseLook.uexp" 610
"C:/Users/calli/OneDrive/Desktop/Game Dev Stuff/HorrorPuzzle/HorrorPuzzleGame/Content/Input/Actions/IA_Jump.uasset" 611
"C:/Users/calli/OneDrive/Desktop/Game Dev Stuff/HorrorPuzzle/HorrorPuzzleGame/Content/Input/Actions/IA_Jump.uexp" 612
"C:/Users/calli/OneDrive/Desktop/Game Dev Stuff/HorrorPuzzle/HorrorPuzzleGame/Content/Input/Actions/IA_Look.uasset" 613
"C:/Users/calli/OneDrive/Desktop/Game Dev Stuff/HorrorPuzzle/HorrorPuzzleGame/Content/Input/Actions/IA_Look.uexp" 614
"C:/Users/calli/OneDrive/Desktop/Game Dev Stuff/HorrorPuzzle/HorrorPuzzleGame/Content/Input/Actions/IA_Move.uasset" 615
"C:/Users/calli/OneDrive/Desktop/Game Dev Stuff/HorrorPuzzle/HorrorPuzzleGame/Content/Input/Actions/IA_Move.uexp" 616
"C:/Users/calli/OneDrive/Desktop/Game Dev Stuff/HorrorPuzzle/HorrorPuzzleGame/Content/Input/Actions/IA_Interact.uasset" 617
"C:/Users/calli/OneDrive/Desktop/Game Dev Stuff/HorrorPuzzle/HorrorPuzzleGame/Content/Input/Actions/IA_Interact.uexp" 618
"../../../Engine/Content/MobileResources/HUD/VirtualJoystick_Thumb.uasset" 619
"../../../Engine/Content/MobileResources/HUD/VirtualJoystick_Thumb.uexp" 620
"C:/Users/calli/OneDrive/Desktop/Game Dev Stuff/HorrorPuzzle/HorrorPuzzleGame/Content/Input/Touch/BPI_TouchInterface.uasset" 621
"C:/Users/calli/OneDrive/Desktop/Game Dev Stuff/HorrorPuzzle/HorrorPuzzleGame/Content/Input/Touch/BPI_TouchInterface.uexp" 622
"../../../Engine/Content/MobileResources/HUD/VirtualJoystick_Background.uasset" 623
"../../../Engine/Content/MobileResources/HUD/VirtualJoystick_Background.uexp" 624
"C:/Users/calli/OneDrive/Desktop/Game Dev Stuff/HorrorPuzzle/HorrorPuzzleGame/Content/Input/Touch/UI_Thumbstick.uasset" 625
"C:/Users/calli/OneDrive/Desktop/Game Dev Stuff/HorrorPuzzle/HorrorPuzzleGame/Content/Input/Touch/UI_Thumbstick.uexp" 626
"C:/Users/calli/OneDrive/Desktop/Game Dev Stuff/HorrorPuzzle/HorrorPuzzleGame/Content/Input/Touch/UI_TouchSimple.uasset" 627
"C:/Users/calli/OneDrive/Desktop/Game Dev Stuff/HorrorPuzzle/HorrorPuzzleGame/Content/Input/Touch/UI_TouchSimple.uexp" 628
"../../../Engine/Plugins/Animation/ControlRig/Content/Controls/DefaultGizmoLibraryNormalized.uasset" 629
"../../../Engine/Plugins/Animation/ControlRig/Content/Controls/DefaultGizmoLibraryNormalized.uexp" 630
"C:/Users/calli/OneDrive/Desktop/Game Dev Stuff/HorrorPuzzle/HorrorPuzzleGame/Content/FirstPerson/Anims/CtrlRig_FPWarp.uasset" 631
"C:/Users/calli/OneDrive/Desktop/Game Dev Stuff/HorrorPuzzle/HorrorPuzzleGame/Content/FirstPerson/Anims/CtrlRig_FPWarp.uexp" 632
"C:/Users/calli/OneDrive/Desktop/Game Dev Stuff/HorrorPuzzle/HorrorPuzzleGame/Content/Characters/Mannequins/Meshes/SK_Mannequin.uasset" 633
"C:/Users/calli/OneDrive/Desktop/Game Dev Stuff/HorrorPuzzle/HorrorPuzzleGame/Content/Characters/Mannequins/Meshes/SK_Mannequin.uexp" 634
"C:/Users/calli/OneDrive/Desktop/Game Dev Stuff/HorrorPuzzle/HorrorPuzzleGame/Content/FirstPerson/Anims/ABP_FP_Copy.uasset" 635
"C:/Users/calli/OneDrive/Desktop/Game Dev Stuff/HorrorPuzzle/HorrorPuzzleGame/Content/FirstPerson/Anims/ABP_FP_Copy.uexp" 636
"C:/Users/calli/OneDrive/Desktop/Game Dev Stuff/HorrorPuzzle/HorrorPuzzleGame/Content/Characters/Mannequins/Rigs/PA_Mannequin.uasset" 637
"C:/Users/calli/OneDrive/Desktop/Game Dev Stuff/HorrorPuzzle/HorrorPuzzleGame/Content/Characters/Mannequins/Rigs/PA_Mannequin.uexp" 638
"C:/Users/calli/OneDrive/Desktop/Game Dev Stuff/HorrorPuzzle/HorrorPuzzleGame/Content/Characters/Mannequins/Textures/Quinn/T_Quinn_01_N.ubulk" 639
"C:/Users/calli/OneDrive/Desktop/Game Dev Stuff/HorrorPuzzle/HorrorPuzzleGame/Content/Characters/Mannequins/Textures/Quinn/T_Quinn_01_N.uasset" 640
"C:/Users/calli/OneDrive/Desktop/Game Dev Stuff/HorrorPuzzle/HorrorPuzzleGame/Content/Characters/Mannequins/Textures/Quinn/T_Quinn_01_N.uexp" 641
"C:/Users/calli/OneDrive/Desktop/Game Dev Stuff/HorrorPuzzle/HorrorPuzzleGame/Content/Characters/Mannequins/Textures/Quinn/T_Quinn_01_MRA.ubulk" 642
"C:/Users/calli/OneDrive/Desktop/Game Dev Stuff/HorrorPuzzle/HorrorPuzzleGame/Content/Characters/Mannequins/Textures/Quinn/T_Quinn_01_MRA.uasset" 643
"C:/Users/calli/OneDrive/Desktop/Game Dev Stuff/HorrorPuzzle/HorrorPuzzleGame/Content/Characters/Mannequins/Textures/Quinn/T_Quinn_01_MRA.uexp" 644
"C:/Users/calli/OneDrive/Desktop/Game Dev Stuff/HorrorPuzzle/HorrorPuzzleGame/Content/Characters/Mannequins/Textures/Quinn/T_Quinn_01_D.ubulk" 645
"C:/Users/calli/OneDrive/Desktop/Game Dev Stuff/HorrorPuzzle/HorrorPuzzleGame/Content/Characters/Mannequins/Textures/Quinn/T_Quinn_01_D.uasset" 646
"C:/Users/calli/OneDrive/Desktop/Game Dev Stuff/HorrorPuzzle/HorrorPuzzleGame/Content/Characters/Mannequins/Textures/Quinn/T_Quinn_01_D.uexp" 647
"C:/Users/calli/OneDrive/Desktop/Game Dev Stuff/HorrorPuzzle/HorrorPuzzleGame/Content/Characters/Mannequins/Textures/Shared/T_UE_Logo_M.uasset" 648
"C:/Users/calli/OneDrive/Desktop/Game Dev Stuff/HorrorPuzzle/HorrorPuzzleGame/Content/Characters/Mannequins/Textures/Shared/T_UE_Logo_M.uexp" 649
"C:/Users/calli/OneDrive/Desktop/Game Dev Stuff/HorrorPuzzle/HorrorPuzzleGame/Content/Characters/Mannequins/Textures/Manny/T_Manny_01_MRA.ubulk" 650
"C:/Users/calli/OneDrive/Desktop/Game Dev Stuff/HorrorPuzzle/HorrorPuzzleGame/Content/Characters/Mannequins/Textures/Manny/T_Manny_01_MRA.uasset" 651
"C:/Users/calli/OneDrive/Desktop/Game Dev Stuff/HorrorPuzzle/HorrorPuzzleGame/Content/Characters/Mannequins/Textures/Manny/T_Manny_01_MRA.uexp" 652
"C:/Users/calli/OneDrive/Desktop/Game Dev Stuff/HorrorPuzzle/HorrorPuzzleGame/Content/Characters/Mannequins/Textures/Manny/T_Manny_01_D.ubulk" 653
"C:/Users/calli/OneDrive/Desktop/Game Dev Stuff/HorrorPuzzle/HorrorPuzzleGame/Content/Characters/Mannequins/Textures/Manny/T_Manny_01_D.uasset" 654
"C:/Users/calli/OneDrive/Desktop/Game Dev Stuff/HorrorPuzzle/HorrorPuzzleGame/Content/Characters/Mannequins/Textures/Manny/T_Manny_01_D.uexp" 655
"C:/Users/calli/OneDrive/Desktop/Game Dev Stuff/HorrorPuzzle/HorrorPuzzleGame/Content/Characters/Mannequins/Textures/Manny/T_Manny_01_BN.ubulk" 656
"C:/Users/calli/OneDrive/Desktop/Game Dev Stuff/HorrorPuzzle/HorrorPuzzleGame/Content/Characters/Mannequins/Textures/Manny/T_Manny_01_BN.uasset" 657
"C:/Users/calli/OneDrive/Desktop/Game Dev Stuff/HorrorPuzzle/HorrorPuzzleGame/Content/Characters/Mannequins/Textures/Manny/T_Manny_01_BN.uexp" 658
"C:/Users/calli/OneDrive/Desktop/Game Dev Stuff/HorrorPuzzle/HorrorPuzzleGame/Content/Characters/Mannequins/Materials/M_Mannequin.uasset" 659
"C:/Users/calli/OneDrive/Desktop/Game Dev Stuff/HorrorPuzzle/HorrorPuzzleGame/Content/Characters/Mannequins/Materials/M_Mannequin.uexp" 660
"C:/Users/calli/OneDrive/Desktop/Game Dev Stuff/HorrorPuzzle/HorrorPuzzleGame/Content/Characters/Mannequins/Materials/Quinn/MI_Quinn_01.uasset" 661
"C:/Users/calli/OneDrive/Desktop/Game Dev Stuff/HorrorPuzzle/HorrorPuzzleGame/Content/Characters/Mannequins/Materials/Quinn/MI_Quinn_01.uexp" 662
"C:/Users/calli/OneDrive/Desktop/Game Dev Stuff/HorrorPuzzle/HorrorPuzzleGame/Content/Characters/Mannequins/Textures/Quinn/T_Quinn_02_N.ubulk" 663
"C:/Users/calli/OneDrive/Desktop/Game Dev Stuff/HorrorPuzzle/HorrorPuzzleGame/Content/Characters/Mannequins/Textures/Quinn/T_Quinn_02_N.uasset" 664
"C:/Users/calli/OneDrive/Desktop/Game Dev Stuff/HorrorPuzzle/HorrorPuzzleGame/Content/Characters/Mannequins/Textures/Quinn/T_Quinn_02_N.uexp" 665
"C:/Users/calli/OneDrive/Desktop/Game Dev Stuff/HorrorPuzzle/HorrorPuzzleGame/Content/Characters/Mannequins/Textures/Quinn/T_Quinn_02_MRA.ubulk" 666
"C:/Users/calli/OneDrive/Desktop/Game Dev Stuff/HorrorPuzzle/HorrorPuzzleGame/Content/Characters/Mannequins/Textures/Quinn/T_Quinn_02_MRA.uasset" 667
"C:/Users/calli/OneDrive/Desktop/Game Dev Stuff/HorrorPuzzle/HorrorPuzzleGame/Content/Characters/Mannequins/Textures/Quinn/T_Quinn_02_MRA.uexp" 668
"C:/Users/calli/OneDrive/Desktop/Game Dev Stuff/HorrorPuzzle/HorrorPuzzleGame/Content/Characters/Mannequins/Textures/Quinn/T_Quinn_02_D.ubulk" 669
"C:/Users/calli/OneDrive/Desktop/Game Dev Stuff/HorrorPuzzle/HorrorPuzzleGame/Content/Characters/Mannequins/Textures/Quinn/T_Quinn_02_D.uasset" 670
"C:/Users/calli/OneDrive/Desktop/Game Dev Stuff/HorrorPuzzle/HorrorPuzzleGame/Content/Characters/Mannequins/Textures/Quinn/T_Quinn_02_D.uexp" 671
"C:/Users/calli/OneDrive/Desktop/Game Dev Stuff/HorrorPuzzle/HorrorPuzzleGame/Content/Characters/Mannequins/Materials/Quinn/MI_Quinn_02.uasset" 672
"C:/Users/calli/OneDrive/Desktop/Game Dev Stuff/HorrorPuzzle/HorrorPuzzleGame/Content/Characters/Mannequins/Materials/Quinn/MI_Quinn_02.uexp" 673
"C:/Users/calli/OneDrive/Desktop/Game Dev Stuff/HorrorPuzzle/HorrorPuzzleGame/Content/Characters/Mannequins/Meshes/SKM_Quinn_Simple.uasset" 674
"C:/Users/calli/OneDrive/Desktop/Game Dev Stuff/HorrorPuzzle/HorrorPuzzleGame/Content/Characters/Mannequins/Meshes/SKM_Quinn_Simple.uexp" 675
"C:/Users/calli/OneDrive/Desktop/Game Dev Stuff/HorrorPuzzle/HorrorPuzzleGame/Content/Characters/Mannequins/Rigs/CR_Mannequin_FootIK.uasset" 676
"C:/Users/calli/OneDrive/Desktop/Game Dev Stuff/HorrorPuzzle/HorrorPuzzleGame/Content/Characters/Mannequins/Rigs/CR_Mannequin_FootIK.uexp" 677
"../../../Engine/Content/Animation/DefaultVariableFrameStrippingSettings.uasset" 678
"../../../Engine/Content/Animation/DefaultVariableFrameStrippingSettings.uexp" 679
"../../../Engine/Content/Animation/DefaultAnimCurveCompressionSettings.uasset" 680
"../../../Engine/Content/Animation/DefaultAnimCurveCompressionSettings.uexp" 681
"../../../Engine/Content/Animation/DefaultAnimBoneCompressionSettings.uasset" 682
"../../../Engine/Content/Animation/DefaultAnimBoneCompressionSettings.uexp" 683
"C:/Users/calli/OneDrive/Desktop/Game Dev Stuff/HorrorPuzzle/HorrorPuzzleGame/Content/Characters/Mannequins/Anims/Unarmed/MM_Idle.uasset" 684
"C:/Users/calli/OneDrive/Desktop/Game Dev Stuff/HorrorPuzzle/HorrorPuzzleGame/Content/Characters/Mannequins/Anims/Unarmed/MM_Idle.uexp" 685
"../../../Engine/Plugins/Animation/ACLPlugin/Content/ACLAnimCurveCompressionSettings.uasset" 686
"../../../Engine/Plugins/Animation/ACLPlugin/Content/ACLAnimCurveCompressionSettings.uexp" 687
"C:/Users/calli/OneDrive/Desktop/Game Dev Stuff/HorrorPuzzle/HorrorPuzzleGame/Content/Audio/Footstep.ubulk" 688
"C:/Users/calli/OneDrive/Desktop/Game Dev Stuff/HorrorPuzzle/HorrorPuzzleGame/Content/Audio/Footstep.uasset" 689
"C:/Users/calli/OneDrive/Desktop/Game Dev Stuff/HorrorPuzzle/HorrorPuzzleGame/Content/Audio/Footstep.uexp" 690
"C:/Users/calli/OneDrive/Desktop/Game Dev Stuff/HorrorPuzzle/HorrorPuzzleGame/Content/Characters/Mannequins/Anims/Unarmed/Walk/MF_Unarmed_Walk_Right.uasset" 691
"C:/Users/calli/OneDrive/Desktop/Game Dev Stuff/HorrorPuzzle/HorrorPuzzleGame/Content/Characters/Mannequins/Anims/Unarmed/Walk/MF_Unarmed_Walk_Right.uexp" 692
"C:/Users/calli/OneDrive/Desktop/Game Dev Stuff/HorrorPuzzle/HorrorPuzzleGame/Content/Characters/Mannequins/Anims/Unarmed/Walk/MF_Unarmed_Walk_Left.uasset" 693
"C:/Users/calli/OneDrive/Desktop/Game Dev Stuff/HorrorPuzzle/HorrorPuzzleGame/Content/Characters/Mannequins/Anims/Unarmed/Walk/MF_Unarmed_Walk_Left.uexp" 694
"../../../Engine/Content/Animation/DefaultRecorderBoneCompression.uasset" 695
"../../../Engine/Content/Animation/DefaultRecorderBoneCompression.uexp" 696
"C:/Users/calli/OneDrive/Desktop/Game Dev Stuff/HorrorPuzzle/HorrorPuzzleGame/Content/Characters/Mannequins/Anims/Unarmed/Walk/MF_Unarmed_Walk_Fwd_Right.uasset" 697
"C:/Users/calli/OneDrive/Desktop/Game Dev Stuff/HorrorPuzzle/HorrorPuzzleGame/Content/Characters/Mannequins/Anims/Unarmed/Walk/MF_Unarmed_Walk_Fwd_Right.uexp" 698
"C:/Users/calli/OneDrive/Desktop/Game Dev Stuff/HorrorPuzzle/HorrorPuzzleGame/Content/Characters/Mannequins/Anims/Unarmed/Walk/MF_Unarmed_Walk_Fwd_Left.uasset" 699
"C:/Users/calli/OneDrive/Desktop/Game Dev Stuff/HorrorPuzzle/HorrorPuzzleGame/Content/Characters/Mannequins/Anims/Unarmed/Walk/MF_Unarmed_Walk_Fwd_Left.uexp" 700
"C:/Users/calli/OneDrive/Desktop/Game Dev Stuff/HorrorPuzzle/HorrorPuzzleGame/Content/Characters/Mannequins/Anims/Unarmed/Walk/MF_Unarmed_Walk_Fwd.uasset" 701
"C:/Users/calli/OneDrive/Desktop/Game Dev Stuff/HorrorPuzzle/HorrorPuzzleGame/Content/Characters/Mannequins/Anims/Unarmed/Walk/MF_Unarmed_Walk_Fwd.uexp" 702
"C:/Users/calli/OneDrive/Desktop/Game Dev Stuff/HorrorPuzzle/HorrorPuzzleGame/Content/Characters/Mannequins/Anims/Unarmed/Walk/MF_Unarmed_Walk_Bwd_Right.uasset" 703
"C:/Users/calli/OneDrive/Desktop/Game Dev Stuff/HorrorPuzzle/HorrorPuzzleGame/Content/Characters/Mannequins/Anims/Unarmed/Walk/MF_Unarmed_Walk_Bwd_Right.uexp" 704
"C:/Users/calli/OneDrive/Desktop/Game Dev Stuff/HorrorPuzzle/HorrorPuzzleGame/Content/Characters/Mannequins/Anims/Unarmed/Walk/MF_Unarmed_Walk_Bwd_Left.uasset" 705
"C:/Users/calli/OneDrive/Desktop/Game Dev Stuff/HorrorPuzzle/HorrorPuzzleGame/Content/Characters/Mannequins/Anims/Unarmed/Walk/MF_Unarmed_Walk_Bwd_Left.uexp" 706
"C:/Users/calli/OneDrive/Desktop/Game Dev Stuff/HorrorPuzzle/HorrorPuzzleGame/Content/Characters/Mannequins/Anims/Unarmed/Walk/MF_Unarmed_Walk_Bwd.uasset" 707
"C:/Users/calli/OneDrive/Desktop/Game Dev Stuff/HorrorPuzzle/HorrorPuzzleGame/Content/Characters/Mannequins/Anims/Unarmed/Walk/MF_Unarmed_Walk_Bwd.uexp" 708
"C:/Users/calli/OneDrive/Desktop/Game Dev Stuff/HorrorPuzzle/HorrorPuzzleGame/Content/Characters/Mannequins/Anims/Unarmed/Jog/MF_Unarmed_Jog_Right.uasset" 709
"C:/Users/calli/OneDrive/Desktop/Game Dev Stuff/HorrorPuzzle/HorrorPuzzleGame/Content/Characters/Mannequins/Anims/Unarmed/Jog/MF_Unarmed_Jog_Right.uexp" 710
"C:/Users/calli/OneDrive/Desktop/Game Dev Stuff/HorrorPuzzle/HorrorPuzzleGame/Content/Characters/Mannequins/Anims/Unarmed/Jog/MF_Unarmed_Jog_Left.uasset" 711
"C:/Users/calli/OneDrive/Desktop/Game Dev Stuff/HorrorPuzzle/HorrorPuzzleGame/Content/Characters/Mannequins/Anims/Unarmed/Jog/MF_Unarmed_Jog_Left.uexp" 712
"C:/Users/calli/OneDrive/Desktop/Game Dev Stuff/HorrorPuzzle/HorrorPuzzleGame/Content/Characters/Mannequins/Anims/Unarmed/Jog/MF_Unarmed_Jog_Fwd_Right.uasset" 713
"C:/Users/calli/OneDrive/Desktop/Game Dev Stuff/HorrorPuzzle/HorrorPuzzleGame/Content/Characters/Mannequins/Anims/Unarmed/Jog/MF_Unarmed_Jog_Fwd_Right.uexp" 714
"C:/Users/calli/OneDrive/Desktop/Game Dev Stuff/HorrorPuzzle/HorrorPuzzleGame/Content/Characters/Mannequins/Anims/Unarmed/Jog/MF_Unarmed_Jog_Fwd_Left.uasset" 715
"C:/Users/calli/OneDrive/Desktop/Game Dev Stuff/HorrorPuzzle/HorrorPuzzleGame/Content/Characters/Mannequins/Anims/Unarmed/Jog/MF_Unarmed_Jog_Fwd_Left.uexp" 716
"C:/Users/calli/OneDrive/Desktop/Game Dev Stuff/HorrorPuzzle/HorrorPuzzleGame/Content/Characters/Mannequins/Anims/Unarmed/Jog/MF_Unarmed_Jog_Fwd.uasset" 717
"C:/Users/calli/OneDrive/Desktop/Game Dev Stuff/HorrorPuzzle/HorrorPuzzleGame/Content/Characters/Mannequins/Anims/Unarmed/Jog/MF_Unarmed_Jog_Fwd.uexp" 718
"C:/Users/calli/OneDrive/Desktop/Game Dev Stuff/HorrorPuzzle/HorrorPuzzleGame/Content/Characters/Mannequins/Anims/Unarmed/Jog/MF_Unarmed_Jog_Bwd_Right.uasset" 719
"C:/Users/calli/OneDrive/Desktop/Game Dev Stuff/HorrorPuzzle/HorrorPuzzleGame/Content/Characters/Mannequins/Anims/Unarmed/Jog/MF_Unarmed_Jog_Bwd_Right.uexp" 720
"C:/Users/calli/OneDrive/Desktop/Game Dev Stuff/HorrorPuzzle/HorrorPuzzleGame/Content/Characters/Mannequins/Anims/Unarmed/Jog/MF_Unarmed_Jog_Bwd_Left.uasset" 721
"C:/Users/calli/OneDrive/Desktop/Game Dev Stuff/HorrorPuzzle/HorrorPuzzleGame/Content/Characters/Mannequins/Anims/Unarmed/Jog/MF_Unarmed_Jog_Bwd_Left.uexp" 722
"C:/Users/calli/OneDrive/Desktop/Game Dev Stuff/HorrorPuzzle/HorrorPuzzleGame/Content/Characters/Mannequins/Anims/Unarmed/Jog/MF_Unarmed_Jog_Bwd.uasset" 723
"C:/Users/calli/OneDrive/Desktop/Game Dev Stuff/HorrorPuzzle/HorrorPuzzleGame/Content/Characters/Mannequins/Anims/Unarmed/Jog/MF_Unarmed_Jog_Bwd.uexp" 724
"C:/Users/calli/OneDrive/Desktop/Game Dev Stuff/HorrorPuzzle/HorrorPuzzleGame/Content/Characters/Mannequins/Anims/Unarmed/BS_Idle_Walk_Run.uasset" 725
"C:/Users/calli/OneDrive/Desktop/Game Dev Stuff/HorrorPuzzle/HorrorPuzzleGame/Content/Characters/Mannequins/Anims/Unarmed/BS_Idle_Walk_Run.uexp" 726
"C:/Users/calli/OneDrive/Desktop/Game Dev Stuff/HorrorPuzzle/HorrorPuzzleGame/Content/Characters/Mannequins/Anims/Unarmed/Jump/MM_Land.uasset" 727
"C:/Users/calli/OneDrive/Desktop/Game Dev Stuff/HorrorPuzzle/HorrorPuzzleGame/Content/Characters/Mannequins/Anims/Unarmed/Jump/MM_Land.uexp" 728
"C:/Users/calli/OneDrive/Desktop/Game Dev Stuff/HorrorPuzzle/HorrorPuzzleGame/Content/Characters/Mannequins/Anims/Unarmed/Jump/MM_Jump.uasset" 729
"C:/Users/calli/OneDrive/Desktop/Game Dev Stuff/HorrorPuzzle/HorrorPuzzleGame/Content/Characters/Mannequins/Anims/Unarmed/Jump/MM_Jump.uexp" 730
"C:/Users/calli/OneDrive/Desktop/Game Dev Stuff/HorrorPuzzle/HorrorPuzzleGame/Content/Characters/Mannequins/Anims/Unarmed/Jump/MM_Fall_Loop.uasset" 731
"C:/Users/calli/OneDrive/Desktop/Game Dev Stuff/HorrorPuzzle/HorrorPuzzleGame/Content/Characters/Mannequins/Anims/Unarmed/Jump/MM_Fall_Loop.uexp" 732
"C:/Users/calli/OneDrive/Desktop/Game Dev Stuff/HorrorPuzzle/HorrorPuzzleGame/Content/Characters/Mannequins/Anims/Unarmed/ABP_Unarmed.uasset" 733
"C:/Users/calli/OneDrive/Desktop/Game Dev Stuff/HorrorPuzzle/HorrorPuzzleGame/Content/Characters/Mannequins/Anims/Unarmed/ABP_Unarmed.uexp" 734
"C:/Users/calli/OneDrive/Desktop/Game Dev Stuff/HorrorPuzzle/HorrorPuzzleGame/Content/Blueprints/BP_FirstPersonCharacter.uasset" 735
"C:/Users/calli/OneDrive/Desktop/Game Dev Stuff/HorrorPuzzle/HorrorPuzzleGame/Content/Blueprints/BP_FirstPersonCharacter.uexp" 736
"C:/Users/calli/OneDrive/Desktop/Game Dev Stuff/HorrorPuzzle/HorrorPuzzleGame/Content/Input/IMC_MouseLook.uasset" 737
"C:/Users/calli/OneDrive/Desktop/Game Dev Stuff/HorrorPuzzle/HorrorPuzzleGame/Content/Input/IMC_MouseLook.uexp" 738
"C:/Users/calli/OneDrive/Desktop/Game Dev Stuff/HorrorPuzzle/HorrorPuzzleGame/Content/Input/IMC_Default.uasset" 739
"C:/Users/calli/OneDrive/Desktop/Game Dev Stuff/HorrorPuzzle/HorrorPuzzleGame/Content/Input/IMC_Default.uexp" 740
"C:/Users/calli/OneDrive/Desktop/Game Dev Stuff/HorrorPuzzle/HorrorPuzzleGame/Content/FirstPerson/Blueprints/BP_FirstPersonCameraManager.uasset" 741
"C:/Users/calli/OneDrive/Desktop/Game Dev Stuff/HorrorPuzzle/HorrorPuzzleGame/Content/FirstPerson/Blueprints/BP_FirstPersonCameraManager.uexp" 742
"C:/Users/calli/OneDrive/Desktop/Game Dev Stuff/HorrorPuzzle/HorrorPuzzleGame/Content/FirstPerson/Blueprints/BP_FirstPersonPlayerController.uasset" 743
"C:/Users/calli/OneDrive/Desktop/Game Dev Stuff/HorrorPuzzle/HorrorPuzzleGame/Content/FirstPerson/Blueprints/BP_FirstPersonPlayerController.uexp" 744
"C:/Users/calli/OneDrive/Desktop/Game Dev Stuff/HorrorPuzzle/HorrorPuzzleGame/Content/FirstPerson/Blueprints/BP_FirstPersonGameMode.uasset" 745
"C:/Users/calli/OneDrive/Desktop/Game Dev Stuff/HorrorPuzzle/HorrorPuzzleGame/Content/FirstPerson/Blueprints/BP_FirstPersonGameMode.uexp" 746
"../../../Engine/Content/VREditor/TransformGizmo/Xray.uasset" 747
"../../../Engine/Content/VREditor/TransformGizmo/Xray.uexp" 748
"../../../Engine/Content/VREditor/TransformGizmo/Main.uasset" 749
"../../../Engine/Content/VREditor/TransformGizmo/Main.uexp" 750
"../../../Engine/Content/VREditor/TransformGizmo/SM_Sequencer_Node.ubulk" 751
"../../../Engine/Content/VREditor/TransformGizmo/SM_Sequencer_Node.uasset" 752
"../../../Engine/Content/VREditor/TransformGizmo/SM_Sequencer_Node.uexp" 753
"../../../Engine/Content/VREditor/TransformGizmo/TranslucentTransformGizmoMaterial.uasset" 754
"../../../Engine/Content/VREditor/TransformGizmo/TranslucentTransformGizmoMaterial.uexp" 755
"../../../Engine/Content/VREditor/LaserPointer/VR_LaserPower_01.ubulk" 756
"../../../Engine/Content/VREditor/LaserPointer/VR_LaserPower_01.uasset" 757
"../../../Engine/Content/VREditor/LaserPointer/VR_LaserPower_01.uexp" 758
"../../../Engine/Content/VREditor/TransformGizmo/TransformGizmoMaterial.uasset" 759
"../../../Engine/Content/VREditor/TransformGizmo/TransformGizmoMaterial.uexp" 760
"../../../Engine/Content/VREditor/TransformGizmo/BoundingBoxEdge.ubulk" 761
"../../../Engine/Content/VREditor/TransformGizmo/BoundingBoxEdge.uasset" 762
"../../../Engine/Content/VREditor/TransformGizmo/BoundingBoxEdge.uexp" 763
"../../../Engine/Content/VREditor/TransformGizmo/BoundingBoxCorner.ubulk" 764
"../../../Engine/Content/VREditor/TransformGizmo/BoundingBoxCorner.uasset" 765
"../../../Engine/Content/VREditor/TransformGizmo/BoundingBoxCorner.uexp" 766
"../../../Engine/Content/Functions/Engine_MaterialFunctions01/Shading/PowerToRoughness.uasset" 767
"../../../Engine/Content/Functions/Engine_MaterialFunctions01/Shading/PowerToRoughness.uexp" 768
"../../../Engine/Content/EngineMaterials/Substrate/Glints2/AGlintTex2dArray2.uasset" 769
"../../../Engine/Content/EngineMaterials/Substrate/Glints2/AGlintTex2dArray2.uexp" 770
"../../../Engine/Content/EngineMaterials/Substrate/GLints/AGlintTex2dArray.uasset" 771
"../../../Engine/Content/EngineMaterials/Substrate/GLints/AGlintTex2dArray.uexp" 772
"../../../Engine/Content/ArtTools/RenderToTexture/Meshes/S_1_Unit_Plane.ubulk" 773
"../../../Engine/Content/ArtTools/RenderToTexture/Meshes/S_1_Unit_Plane.uasset" 774
"../../../Engine/Content/ArtTools/RenderToTexture/Meshes/S_1_Unit_Plane.uexp" 775
"../../../Engine/Content/EngineResources/DefaultTextureCube.uasset" 776
"../../../Engine/Content/EngineResources/DefaultTextureCube.uexp" 777
"../../../Engine/Content/EngineResources/DefaultVolumeTexture2D.uasset" 778
"../../../Engine/Content/EngineResources/DefaultVolumeTexture2D.uexp" 779
"../../../Engine/Content/EngineResources/DefaultVolumeTexture.uasset" 780
"../../../Engine/Content/EngineResources/DefaultVolumeTexture.uexp" 781
"../../../Engine/Content/EngineMaterials/Substrate/Volume/SubstrateSimpleVolumeEnvLUT3D.uasset" 782
"../../../Engine/Content/EngineMaterials/Substrate/Volume/SubstrateSimpleVolumeEnvLUT3D.uexp" 783
"../../../Engine/Content/EngineMaterials/Substrate/Volume/SubstrateSimpleVolumeLUT3D.uasset" 784
"../../../Engine/Content/EngineMaterials/Substrate/Volume/SubstrateSimpleVolumeLUT3D.uexp" 785
"../../../Engine/Plugins/Interchange/Assets/Content/Utilities/New_LUT.uasset" 786
"../../../Engine/Plugins/Interchange/Assets/Content/Utilities/New_LUT.uexp" 787
"../../../Engine/Content/Functions/Engine_MaterialFunctions03/Math/RemapValueRange.uasset" 788
"../../../Engine/Content/Functions/Engine_MaterialFunctions03/Math/RemapValueRange.uexp" 789
"../../../Engine/Plugins/Interchange/Assets/Content/Functions/MF_Iridescence.uasset" 790
"../../../Engine/Plugins/Interchange/Assets/Content/Functions/MF_Iridescence.uexp" 791
"../../../Engine/Plugins/Interchange/Assets/Content/gltf/Textures/T_White_srgb.uasset" 792
"../../../Engine/Plugins/Interchange/Assets/Content/gltf/Textures/T_White_srgb.uexp" 793
"../../../Engine/Plugins/Interchange/Assets/Content/gltf/MaterialFunctions/MF_BaseColor.uasset" 794
"../../../Engine/Plugins/Interchange/Assets/Content/gltf/MaterialFunctions/MF_BaseColor.uexp" 795
"../../../Engine/Plugins/Interchange/Assets/Content/gltf/MaterialFunctions/MF_RotateV2.uasset" 796
"../../../Engine/Plugins/Interchange/Assets/Content/gltf/MaterialFunctions/MF_RotateV2.uexp" 797
"../../../Engine/Plugins/Interchange/Assets/Content/gltf/MaterialFunctions/MF_TransformUVs.uasset" 798
"../../../Engine/Plugins/Interchange/Assets/Content/gltf/MaterialFunctions/MF_TransformUVs.uexp" 799
"../../../Engine/Plugins/Interchange/Assets/Content/gltf/MaterialFunctions/MF_IOR.uasset" 800
"../../../Engine/Plugins/Interchange/Assets/Content/gltf/MaterialFunctions/MF_IOR.uexp" 801
"../../../Engine/Plugins/Interchange/Assets/Content/gltf/MaterialFunctions/MF_Iridescence.uasset" 802
"../../../Engine/Plugins/Interchange/Assets/Content/gltf/MaterialFunctions/MF_Iridescence.uexp" 803
"../../../Engine/Plugins/Interchange/Assets/Content/gltf/Textures/T_White_Linear.uasset" 804
"../../../Engine/Plugins/Interchange/Assets/Content/gltf/Textures/T_White_Linear.uexp" 805
"../../../Engine/Plugins/Interchange/Assets/Content/gltf/MaterialFunctions/MF_MetallicRoughness.uasset" 806
"../../../Engine/Plugins/Interchange/Assets/Content/gltf/MaterialFunctions/MF_MetallicRoughness.uexp" 807
"../../../Engine/Content/Functions/Engine_MaterialFunctions02/Math/Transform3x3Matrix.uasset" 808
"../../../Engine/Content/Functions/Engine_MaterialFunctions02/Math/Transform3x3Matrix.uexp" 809
"../../../Engine/Plugins/Interchange/Assets/Content/gltf/MaterialFunctions/MF_RotateNormals_TS.uasset" 810
"../../../Engine/Plugins/Interchange/Assets/Content/gltf/MaterialFunctions/MF_RotateNormals_TS.uexp" 811
"../../../Engine/Plugins/Interchange/Assets/Content/gltf/MaterialFunctions/MF_ScaleNormal.uasset" 812
"../../../Engine/Plugins/Interchange/Assets/Content/gltf/MaterialFunctions/MF_ScaleNormal.uexp" 813
"../../../Engine/Plugins/Interchange/Assets/Content/gltf/Textures/T_Generic_N.uasset" 814
"../../../Engine/Plugins/Interchange/Assets/Content/gltf/Textures/T_Generic_N.uexp" 815
"../../../Engine/Plugins/Interchange/Assets/Content/gltf/MaterialFunctions/MF_Normals.uasset" 816
"../../../Engine/Plugins/Interchange/Assets/Content/gltf/MaterialFunctions/MF_Normals.uexp" 817
"../../../Engine/Plugins/Interchange/Assets/Content/gltf/MaterialFunctions/MF_Occlusion.uasset" 818
"../../../Engine/Plugins/Interchange/Assets/Content/gltf/MaterialFunctions/MF_Occlusion.uexp" 819
"../../../Engine/Plugins/Interchange/Assets/Content/gltf/MaterialFunctions/MF_Specular.uasset" 820
"../../../Engine/Plugins/Interchange/Assets/Content/gltf/MaterialFunctions/MF_Specular.uexp" 821
"../../../Engine/Plugins/Interchange/Assets/Content/gltf/Textures/T_Anisotropy_Direction_Linear.uasset" 822
"../../../Engine/Plugins/Interchange/Assets/Content/gltf/Textures/T_Anisotropy_Direction_Linear.uexp" 823
"../../../Engine/Plugins/Interchange/Assets/Content/gltf/MaterialFunctions/MF_SpecularAnisotropy.uasset" 824
"../../../Engine/Plugins/Interchange/Assets/Content/gltf/MaterialFunctions/MF_SpecularAnisotropy.uexp" 825
"../../../Engine/Plugins/Interchange/Assets/Content/gltf/MaterialFunctions/MF_Emissive.uasset" 826
"../../../Engine/Plugins/Interchange/Assets/Content/gltf/MaterialFunctions/MF_Emissive.uexp" 827
"../../../Engine/Content/Functions/Engine_MaterialFunctions01/Texturing/FlattenNormal.uasset" 828
"../../../Engine/Content/Functions/Engine_MaterialFunctions01/Texturing/FlattenNormal.uexp" 829
"../../../Engine/Plugins/Interchange/Assets/Content/gltf/MaterialFunctions/MF_Clearcoat.uasset" 830
"../../../Engine/Plugins/Interchange/Assets/Content/gltf/MaterialFunctions/MF_Clearcoat.uexp" 831
"../../../Engine/Plugins/Interchange/Assets/Content/gltf/MaterialBodies/MF_ClearCoat_Body.uasset" 832
"../../../Engine/Plugins/Interchange/Assets/Content/gltf/MaterialBodies/MF_ClearCoat_Body.uexp" 833
"../../../Engine/Plugins/Interchange/Assets/Content/gltf/M_ClearCoat.uasset" 834
"../../../Engine/Plugins/Interchange/Assets/Content/gltf/M_ClearCoat.uexp" 835
"../../../Engine/Plugins/Interchange/Assets/Content/gltf/MaterialInstances/MI_ClearCoat_Blend.uasset" 836
"../../../Engine/Plugins/Interchange/Assets/Content/gltf/MaterialInstances/MI_ClearCoat_Blend.uexp" 837
"../../../Engine/Plugins/Interchange/Assets/Content/gltf/MaterialInstances/MI_ClearCoat_Mask.uasset" 838
"../../../Engine/Plugins/Interchange/Assets/Content/gltf/MaterialInstances/MI_ClearCoat_Mask.uexp" 839
"../../../Engine/Plugins/Interchange/Assets/Content/gltf/MaterialInstances/MI_ClearCoat_Mask_DS.uasset" 840
"../../../Engine/Plugins/Interchange/Assets/Content/gltf/MaterialInstances/MI_ClearCoat_Mask_DS.uexp" 841
"../../../Engine/Plugins/Interchange/Assets/Content/gltf/MaterialInstances/MI_ClearCoat_Opaque.uasset" 842
"../../../Engine/Plugins/Interchange/Assets/Content/gltf/MaterialInstances/MI_ClearCoat_Opaque.uexp" 843
"../../../Engine/Plugins/Interchange/Assets/Content/gltf/MaterialInstances/MI_ClearCoat_Opaque_DS.uasset" 844
"../../../Engine/Plugins/Interchange/Assets/Content/gltf/MaterialInstances/MI_ClearCoat_Opaque_DS.uexp" 845
"../../../Engine/Plugins/Interchange/Assets/Content/gltf/MaterialBodies/MF_Default_Body.uasset" 846
"../../../Engine/Plugins/Interchange/Assets/Content/gltf/MaterialBodies/MF_Default_Body.uexp" 847
"../../../Engine/Plugins/Interchange/Assets/Content/gltf/M_Default.uasset" 848
"../../../Engine/Plugins/Interchange/Assets/Content/gltf/M_Default.uexp" 849
"../../../Engine/Plugins/Interchange/Assets/Content/gltf/MaterialInstances/MI_Default_Blend.uasset" 850
"../../../Engine/Plugins/Interchange/Assets/Content/gltf/MaterialInstances/MI_Default_Blend.uexp" 851
"../../../Engine/Plugins/Interchange/Assets/Content/gltf/MaterialInstances/MI_Default_Mask.uasset" 852
"../../../Engine/Plugins/Interchange/Assets/Content/gltf/MaterialInstances/MI_Default_Mask.uexp" 853
"../../../Engine/Plugins/Interchange/Assets/Content/gltf/MaterialInstances/MI_Default_Mask_DS.uasset" 854
"../../../Engine/Plugins/Interchange/Assets/Content/gltf/MaterialInstances/MI_Default_Mask_DS.uexp" 855
"../../../Engine/Plugins/Interchange/Assets/Content/gltf/MaterialFunctions/MF_Sheen.uasset" 856
"../../../Engine/Plugins/Interchange/Assets/Content/gltf/MaterialFunctions/MF_Sheen.uexp" 857
"../../../Engine/Plugins/Interchange/Assets/Content/gltf/MaterialBodies/MF_Sheen_Body.uasset" 858
"../../../Engine/Plugins/Interchange/Assets/Content/gltf/MaterialBodies/MF_Sheen_Body.uexp" 859
"../../../Engine/Plugins/Interchange/Assets/Content/gltf/M_Sheen.uasset" 860
"../../../Engine/Plugins/Interchange/Assets/Content/gltf/M_Sheen.uexp" 861
"../../../Engine/Plugins/Interchange/Assets/Content/gltf/MaterialInstances/MI_Sheen_Blend.uasset" 862
"../../../Engine/Plugins/Interchange/Assets/Content/gltf/MaterialInstances/MI_Sheen_Blend.uexp" 863
"../../../Engine/Plugins/Interchange/Assets/Content/gltf/MaterialInstances/MI_Sheen_Blend_DS.uasset" 864
"../../../Engine/Plugins/Interchange/Assets/Content/gltf/MaterialInstances/MI_Sheen_Blend_DS.uexp" 865
"../../../Engine/Plugins/Interchange/Assets/Content/gltf/MaterialInstances/MI_Sheen_Mask.uasset" 866
"../../../Engine/Plugins/Interchange/Assets/Content/gltf/MaterialInstances/MI_Sheen_Mask.uexp" 867
"../../../Engine/Plugins/Interchange/Assets/Content/gltf/MaterialInstances/MI_Sheen_Mask_DS.uasset" 868
"../../../Engine/Plugins/Interchange/Assets/Content/gltf/MaterialInstances/MI_Sheen_Mask_DS.uexp" 869
"../../../Engine/Plugins/Interchange/Assets/Content/gltf/MaterialInstances/MI_Sheen_Opaque.uasset" 870
"../../../Engine/Plugins/Interchange/Assets/Content/gltf/MaterialInstances/MI_Sheen_Opaque.uexp" 871
"../../../Engine/Plugins/Interchange/Assets/Content/gltf/MaterialInstances/MI_Sheen_Opaque_DS.uasset" 872
"../../../Engine/Plugins/Interchange/Assets/Content/gltf/MaterialInstances/MI_Sheen_Opaque_DS.uexp" 873
"../../../Engine/Content/Functions/Engine_MaterialFunctions02/Math/AddComponents.uasset" 874
"../../../Engine/Content/Functions/Engine_MaterialFunctions02/Math/AddComponents.uexp" 875
"../../../Engine/Plugins/Interchange/Assets/Content/gltf/MaterialFunctions/MF_DiffuseSpecGloss.uasset" 876
"../../../Engine/Plugins/Interchange/Assets/Content/gltf/MaterialFunctions/MF_DiffuseSpecGloss.uexp" 877
"../../../Engine/Plugins/Interchange/Assets/Content/gltf/MaterialFunctions/MF_MaxComponentValue.uasset" 878
"../../../Engine/Plugins/Interchange/Assets/Content/gltf/MaterialFunctions/MF_MaxComponentValue.uexp" 879
"../../../Engine/Plugins/Interchange/Assets/Content/gltf/MaterialFunctions/MF_PerceivedBrightness.uasset" 880
"../../../Engine/Plugins/Interchange/Assets/Content/gltf/MaterialFunctions/MF_PerceivedBrightness.uexp" 881
"../../../Engine/Plugins/Interchange/Assets/Content/gltf/MaterialFunctions/MF_SpecGlossToMetalRoughness.uasset" 882
"../../../Engine/Plugins/Interchange/Assets/Content/gltf/MaterialFunctions/MF_SpecGlossToMetalRoughness.uexp" 883
"../../../Engine/Plugins/Interchange/Assets/Content/gltf/MaterialBodies/MF_SpecularGlossiness_Body.uasset" 884
"../../../Engine/Plugins/Interchange/Assets/Content/gltf/MaterialBodies/MF_SpecularGlossiness_Body.uexp" 885
"../../../Engine/Plugins/Interchange/Assets/Content/gltf/M_SpecularGlossiness.uasset" 886
"../../../Engine/Plugins/Interchange/Assets/Content/gltf/M_SpecularGlossiness.uexp" 887
"../../../Engine/Plugins/Interchange/Assets/Content/gltf/MaterialInstances/MI_SpecularGlossiness_Blend.uasset" 888
"../../../Engine/Plugins/Interchange/Assets/Content/gltf/MaterialInstances/MI_SpecularGlossiness_Blend.uexp" 889
"../../../Engine/Plugins/Interchange/Assets/Content/gltf/MaterialInstances/MI_SpecularGlossiness_Blend_DS.uasset" 890
"../../../Engine/Plugins/Interchange/Assets/Content/gltf/MaterialInstances/MI_SpecularGlossiness_Blend_DS.uexp" 891
"../../../Engine/Plugins/Interchange/Assets/Content/gltf/MaterialInstances/MI_SpecularGlossiness_Mask.uasset" 892
"../../../Engine/Plugins/Interchange/Assets/Content/gltf/MaterialInstances/MI_SpecularGlossiness_Mask.uexp" 893
"../../../Engine/Plugins/Interchange/Assets/Content/gltf/MaterialInstances/MI_SpecularGlossiness_Mask_DS.uasset" 894
"../../../Engine/Plugins/Interchange/Assets/Content/gltf/MaterialInstances/MI_SpecularGlossiness_Mask_DS.uexp" 895
"../../../Engine/Plugins/Interchange/Assets/Content/gltf/MaterialInstances/MI_SpecularGlossiness_Opaque.uasset" 896
"../../../Engine/Plugins/Interchange/Assets/Content/gltf/MaterialInstances/MI_SpecularGlossiness_Opaque.uexp" 897
"../../../Engine/Plugins/Interchange/Assets/Content/gltf/MaterialInstances/MI_SpecularGlossiness_Opaque_DS.uasset" 898
"../../../Engine/Plugins/Interchange/Assets/Content/gltf/MaterialInstances/MI_SpecularGlossiness_Opaque_DS.uexp" 899
"../../../Engine/Content/EngineMaterials/Good64x64TilingNoiseHighFreq.uasset" 900
"../../../Engine/Content/EngineMaterials/Good64x64TilingNoiseHighFreq.uexp" 901
"../../../Engine/Content/Functions/Engine_MaterialFunctions02/Texturing/ScreenAlignedPixelToPixelUVs.uasset" 902
"../../../Engine/Content/Functions/Engine_MaterialFunctions02/Texturing/ScreenAlignedPixelToPixelUVs.uexp" 903
"../../../Engine/Plugins/Interchange/Assets/Content/gltf/MaterialFunctions/MF_Fresnel_DS.uasset" 904
"../../../Engine/Plugins/Interchange/Assets/Content/gltf/MaterialFunctions/MF_Fresnel_DS.uexp" 905
"../../../Engine/Plugins/Interchange/Assets/Content/gltf/MaterialFunctions/MF_Temporal_Blur.uasset" 906
"../../../Engine/Plugins/Interchange/Assets/Content/gltf/MaterialFunctions/MF_Temporal_Blur.uexp" 907
"../../../Engine/Plugins/Interchange/Assets/Content/gltf/MaterialFunctions/MF_Transmission.uasset" 908
"../../../Engine/Plugins/Interchange/Assets/Content/gltf/MaterialFunctions/MF_Transmission.uexp" 909
"../../../Engine/Plugins/Interchange/Assets/Content/gltf/MaterialBodies/MF_Transmission_Body.uasset" 910
"../../../Engine/Plugins/Interchange/Assets/Content/gltf/MaterialBodies/MF_Transmission_Body.uexp" 911
"../../../Engine/Plugins/Interchange/Assets/Content/gltf/M_Transmission.uasset" 912
"../../../Engine/Plugins/Interchange/Assets/Content/gltf/M_Transmission.uexp" 913
"../../../Engine/Plugins/Interchange/Assets/Content/gltf/MaterialInstances/MI_Transmission.uasset" 914
"../../../Engine/Plugins/Interchange/Assets/Content/gltf/MaterialInstances/MI_Transmission.uexp" 915
"../../../Engine/Plugins/Interchange/Assets/Content/gltf/MaterialInstances/MI_Transmission_DS.uasset" 916
"../../../Engine/Plugins/Interchange/Assets/Content/gltf/MaterialInstances/MI_Transmission_DS.uexp" 917
"../../../Engine/Plugins/Interchange/Assets/Content/gltf/MaterialBodies/MF_Unlit_Body.uasset" 918
"../../../Engine/Plugins/Interchange/Assets/Content/gltf/MaterialBodies/MF_Unlit_Body.uexp" 919
"../../../Engine/Plugins/Interchange/Assets/Content/gltf/M_Unlit.uasset" 920
"../../../Engine/Plugins/Interchange/Assets/Content/gltf/M_Unlit.uexp" 921
"../../../Engine/Plugins/Interchange/Assets/Content/gltf/MaterialInstances/MI_Unlit_Blend.uasset" 922
"../../../Engine/Plugins/Interchange/Assets/Content/gltf/MaterialInstances/MI_Unlit_Blend.uexp" 923
"../../../Engine/Plugins/Interchange/Assets/Content/gltf/MaterialInstances/MI_Unlit_Blend_DS.uasset" 924
"../../../Engine/Plugins/Interchange/Assets/Content/gltf/MaterialInstances/MI_Unlit_Blend_DS.uexp" 925
"../../../Engine/Plugins/Interchange/Assets/Content/gltf/MaterialInstances/MI_Unlit_Mask.uasset" 926
"../../../Engine/Plugins/Interchange/Assets/Content/gltf/MaterialInstances/MI_Unlit_Mask.uexp" 927
"../../../Engine/Plugins/Interchange/Assets/Content/gltf/MaterialInstances/MI_Unlit_Mask_DS.uasset" 928
"../../../Engine/Plugins/Interchange/Assets/Content/gltf/MaterialInstances/MI_Unlit_Mask_DS.uexp" 929
"../../../Engine/Plugins/Interchange/Assets/Content/gltf/MaterialInstances/MI_Unlit_Opaque.uasset" 930
"../../../Engine/Plugins/Interchange/Assets/Content/gltf/MaterialInstances/MI_Unlit_Opaque.uexp" 931
"../../../Engine/Plugins/Interchange/Assets/Content/gltf/MaterialInstances/MI_Unlit_Opaque_DS.uasset" 932
"../../../Engine/Plugins/Interchange/Assets/Content/gltf/MaterialInstances/MI_Unlit_Opaque_DS.uexp" 933
"../../../Engine/Content/EngineMaterials/WeightMapPlaceholderTexture.uasset" 934
"../../../Engine/Content/EngineMaterials/WeightMapPlaceholderTexture.uexp" 935
"../../../Engine/Content/EngineMaterials/WeightMapArrayPlaceholderTexture.uasset" 936
"../../../Engine/Content/EngineMaterials/WeightMapArrayPlaceholderTexture.uexp" 937
"../../../Engine/Content/EngineResources/WhiteSquareTexture.uasset" 938
"../../../Engine/Content/EngineResources/WhiteSquareTexture.uexp" 939
"../../../Engine/Content/EngineMaterials/Widget3DPassThrough.uasset" 940
"../../../Engine/Content/EngineMaterials/Widget3DPassThrough.uexp" 941
"../../../Engine/Content/EngineMaterials/Widget3DPassThrough_Masked.uasset" 942
"../../../Engine/Content/EngineMaterials/Widget3DPassThrough_Masked.uexp" 943
"../../../Engine/Content/EngineMaterials/Widget3DPassThrough_Opaque.uasset" 944
"../../../Engine/Content/EngineMaterials/Widget3DPassThrough_Opaque.uexp" 945
"../../../Engine/Content/EngineMaterials/Widget3DPassThrough_Masked_OneSided.uasset" 946
"../../../Engine/Content/EngineMaterials/Widget3DPassThrough_Masked_OneSided.uexp" 947
"../../../Engine/Content/EngineMaterials/Widget3DPassThrough_Opaque_OneSided.uasset" 948
"../../../Engine/Content/EngineMaterials/Widget3DPassThrough_Opaque_OneSided.uexp" 949
"../../../Engine/Content/EngineMaterials/Widget3DPassThrough_Translucent.uasset" 950
"../../../Engine/Content/EngineMaterials/Widget3DPassThrough_Translucent.uexp" 951
"../../../Engine/Content/EngineMaterials/Widget3DPassThrough_Translucent_OneSided.uasset" 952
"../../../Engine/Content/EngineMaterials/Widget3DPassThrough_Translucent_OneSided.uexp" 953
"../../../Engine/Content/EditorLandscapeResources/ColorMaskBrushMaterial.uasset" 954
"../../../Engine/Content/EditorLandscapeResources/ColorMaskBrushMaterial.uexp" 955
"../../../Engine/Content/EditorLandscapeResources/ColorMaskBrushMaterial_MaskedRegion.uasset" 956
"../../../Engine/Content/EditorLandscapeResources/ColorMaskBrushMaterial_MaskedRegion.uexp" 957
"../../../Engine/Content/Functions/Engine_MaterialFunctions03/Math/WithinRangeFloat2.uasset" 958
"../../../Engine/Content/Functions/Engine_MaterialFunctions03/Math/WithinRangeFloat2.uexp" 959
"../../../Engine/Content/EditorLandscapeResources/MaskBrushMaterial.uasset" 960
"../../../Engine/Content/EditorLandscapeResources/MaskBrushMaterial.uexp" 961
"../../../Engine/Content/EditorLandscapeResources/MaskBrushMaterial_MaskedRegion.uasset" 962
"../../../Engine/Content/EditorLandscapeResources/MaskBrushMaterial_MaskedRegion.uexp" 963
"../../../Engine/Content/EditorLandscapeResources/SelectBrushMaterial.uasset" 964
"../../../Engine/Content/EditorLandscapeResources/SelectBrushMaterial.uexp" 965
"../../../Engine/Content/EditorLandscapeResources/SelectBrushMaterial_Selected.uasset" 966
"../../../Engine/Content/EditorLandscapeResources/SelectBrushMaterial_Selected.uexp" 967
"../../../Engine/Content/EditorLandscapeResources/SelectBrushMaterial_SelectedRegion.uasset" 968
"../../../Engine/Content/EditorLandscapeResources/SelectBrushMaterial_SelectedRegion.uexp" 969
"../../../Engine/Plugins/NNE/NNEDenoiser/Content/NNE_oidn2-3-0_rt_hdr_alb_nrm_small__dyn__fp16_opset11_DenoiseAlpha.uasset" 970
"../../../Engine/Plugins/NNE/NNEDenoiser/Content/NNE_oidn2-3-0_rt_hdr_alb_nrm_small__dyn__fp16_opset11_DenoiseAlpha.uexp" 971
"../../../Engine/Plugins/NNE/NNEDenoiser/Content/NNE_oidn2-3-0_rt_hdr_alb_nrm_small__dyn__fp16_opset11_ForwardAlpha.uasset" 972
"../../../Engine/Plugins/NNE/NNEDenoiser/Content/NNE_oidn2-3-0_rt_hdr_alb_nrm_small__dyn__fp16_opset11_ForwardAlpha.uexp" 973
"../../../Engine/Plugins/NNE/NNEDenoiser/Content/NNE_oidn2-3-0_rt_hdr_alb_nrm__dyn__fp16_opset11_DenoiseAlpha.uasset" 974
"../../../Engine/Plugins/NNE/NNEDenoiser/Content/NNE_oidn2-3-0_rt_hdr_alb_nrm__dyn__fp16_opset11_DenoiseAlpha.uexp" 975
"../../../Engine/Plugins/NNE/NNEDenoiser/Content/NNE_oidn2-3-0_rt_hdr_alb_nrm__dyn__fp16_opset11_ForwardAlpha.uasset" 976
"../../../Engine/Plugins/NNE/NNEDenoiser/Content/NNE_oidn2-3-0_rt_hdr_alb_nrm__dyn__fp16_opset11_ForwardAlpha.uexp" 977
"../../../Engine/Plugins/NNE/NNEDenoiser/Content/NNE_oidn2-3-0_rt_hdr_calb_cnrm_large__dyn__fp16_opset11_DenoiseAlpha.uasset" 978
"../../../Engine/Plugins/NNE/NNEDenoiser/Content/NNE_oidn2-3-0_rt_hdr_calb_cnrm_large__dyn__fp16_opset11_DenoiseAlpha.uexp" 979
"../../../Engine/Plugins/NNE/NNEDenoiser/Content/NNE_oidn2-3-0_rt_hdr_calb_cnrm_large__dyn__fp16_opset11_ForwardAlpha.uasset" 980
"../../../Engine/Plugins/NNE/NNEDenoiser/Content/NNE_oidn2-3-0_rt_hdr_calb_cnrm_large__dyn__fp16_opset11_ForwardAlpha.uexp" 981
"../../../Engine/Plugins/2D/Paper2D/Content/DefaultSpriteMaterial.uasset" 982
"../../../Engine/Plugins/2D/Paper2D/Content/DefaultSpriteMaterial.uexp" 983
"../../../Engine/Plugins/2D/Paper2D/Content/MaskedUnlitSpriteMaterial.uasset" 984
"../../../Engine/Plugins/2D/Paper2D/Content/MaskedUnlitSpriteMaterial.uexp" 985
"../../../Engine/Plugins/2D/Paper2D/Content/OpaqueUnlitSpriteMaterial.uasset" 986
"../../../Engine/Plugins/2D/Paper2D/Content/OpaqueUnlitSpriteMaterial.uexp" 987
"../../../Engine/Content/VREditor/TransformGizmo/TranslucentTransformGizmoMaterial_Inst.uasset" 988
"../../../Engine/Content/VREditor/TransformGizmo/TranslucentTransformGizmoMaterial_Inst.uexp" 989
"../../../Engine/Content/VREditor/Sounds/UI/Drop_Item_From_ContentBrowser.ubulk" 990
"../../../Engine/Content/VREditor/Sounds/UI/Drop_Item_From_ContentBrowser.uasset" 991
"../../../Engine/Content/VREditor/Sounds/UI/Drop_Item_From_ContentBrowser.uexp" 992
"../../../Engine/Content/VREditor/TransformGizmo/TransformGizmoMaterial_Inst.uasset" 993
"../../../Engine/Content/VREditor/TransformGizmo/TransformGizmoMaterial_Inst.uexp" 994
"../../../Engine/Content/VREditor/TransformGizmo/UniformScaleHandle.ubulk" 995
"../../../Engine/Content/VREditor/TransformGizmo/UniformScaleHandle.uasset" 996
"../../../Engine/Content/VREditor/TransformGizmo/UniformScaleHandle.uexp" 997
"../../../Engine/Content/Functions/Engine_MaterialFunctions02/SplitComponents.uasset" 998
"../../../Engine/Content/Functions/Engine_MaterialFunctions02/SplitComponents.uexp" 999
"../../../Engine/Content/VREditor/SnapGrid/SnapGridMaterial.uasset" 1000
"../../../Engine/Content/VREditor/SnapGrid/SnapGridMaterial.uexp" 1001
"../../../Engine/Content/VREditor/SnapGrid/SnapGridPlaneMesh.ubulk" 1002
"../../../Engine/Content/VREditor/SnapGrid/SnapGridPlaneMesh.uasset" 1003
"../../../Engine/Content/VREditor/SnapGrid/SnapGridPlaneMesh.uexp" 1004
"../../../Engine/Content/VREditor/Sounds/UI/Gizmo_Handle_Clicked.ubulk" 1005
"../../../Engine/Content/VREditor/Sounds/UI/Gizmo_Handle_Clicked.uasset" 1006
"../../../Engine/Content/VREditor/Sounds/UI/Gizmo_Handle_Clicked.uexp" 1007
"../../../Engine/Content/VREditor/Sounds/UI/Object_PickUp.ubulk" 1008
"../../../Engine/Content/VREditor/Sounds/UI/Object_PickUp.uasset" 1009
"../../../Engine/Content/VREditor/Sounds/UI/Object_PickUp.uexp" 1010
"../../../Engine/Content/VREditor/Sounds/UI/Object_Snaps_To_Another_Actor.ubulk" 1011
"../../../Engine/Content/VREditor/Sounds/UI/Object_Snaps_To_Another_Actor.uasset" 1012
"../../../Engine/Content/VREditor/Sounds/UI/Object_Snaps_To_Another_Actor.uexp" 1013
"../../../Engine/Content/VREditor/Sounds/UI/Object_Snaps_To_Grid.ubulk" 1014
"../../../Engine/Content/VREditor/Sounds/UI/Object_Snaps_To_Grid.uasset" 1015
"../../../Engine/Content/VREditor/Sounds/UI/Object_Snaps_To_Grid.uexp" 1016
"../../../Engine/Content/VREditor/Sounds/UI/Scaling_Down.ubulk" 1017
"../../../Engine/Content/VREditor/Sounds/UI/Scaling_Down.uasset" 1018
"../../../Engine/Content/VREditor/Sounds/UI/Scaling_Down.uexp" 1019
"../../../Engine/Content/VREditor/Sounds/UI/Scaling_Up.ubulk" 1020
"../../../Engine/Content/VREditor/Sounds/UI/Scaling_Up.uasset" 1021
"../../../Engine/Content/VREditor/Sounds/UI/Scaling_Up.uexp" 1022
"../../../Engine/Content/VREditor/Sounds/UI/Selection_Changes.ubulk" 1023
"../../../Engine/Content/VREditor/Sounds/UI/Selection_Changes.uasset" 1024
"../../../Engine/Content/VREditor/Sounds/UI/Selection_Changes.uexp" 1025
"../../../Engine/Content/VREditor/TransformGizmo/PlaneTranslationHandle.ubulk" 1026
"../../../Engine/Content/VREditor/TransformGizmo/PlaneTranslationHandle.uasset" 1027
"../../../Engine/Content/VREditor/TransformGizmo/PlaneTranslationHandle.uexp" 1028
"../../../Engine/Content/VREditor/TransformGizmo/RotationHandleFull.ubulk" 1029
"../../../Engine/Content/VREditor/TransformGizmo/RotationHandleFull.uasset" 1030
"../../../Engine/Content/VREditor/TransformGizmo/RotationHandleFull.uexp" 1031
"../../../Engine/Content/VREditor/TransformGizmo/RotationHandleIndicator.ubulk" 1032
"../../../Engine/Content/VREditor/TransformGizmo/RotationHandleIndicator.uasset" 1033
"../../../Engine/Content/VREditor/TransformGizmo/RotationHandleIndicator.uexp" 1034
"../../../Engine/Content/VREditor/TransformGizmo/RotationHandleQuarter.ubulk" 1035
"../../../Engine/Content/VREditor/TransformGizmo/RotationHandleQuarter.uasset" 1036
"../../../Engine/Content/VREditor/TransformGizmo/RotationHandleQuarter.uexp" 1037
"../../../Engine/Content/VREditor/TransformGizmo/StartRotationHandleIndicator.ubulk" 1038
"../../../Engine/Content/VREditor/TransformGizmo/StartRotationHandleIndicator.uasset" 1039
"../../../Engine/Content/VREditor/TransformGizmo/StartRotationHandleIndicator.uexp" 1040
"../../../Engine/Content/VREditor/TransformGizmo/TransformGizmoFreeRotation.ubulk" 1041
"../../../Engine/Content/VREditor/TransformGizmo/TransformGizmoFreeRotation.uasset" 1042
"../../../Engine/Content/VREditor/TransformGizmo/TransformGizmoFreeRotation.uexp" 1043
"../../../Engine/Content/VREditor/TransformGizmo/TranslateArrowHandle.ubulk" 1044
"../../../Engine/Content/VREditor/TransformGizmo/TranslateArrowHandle.uasset" 1045
"../../../Engine/Content/VREditor/TransformGizmo/TranslateArrowHandle.uexp" 1046
"../../../Engine/Plugins/Animation/DeformerGraph/Content/DeformerFunctions/DG_Function_LinearBlendSkin_Morph_Cloth.uasset" 1047
"../../../Engine/Plugins/Animation/DeformerGraph/Content/DeformerFunctions/DG_Function_LinearBlendSkin_Morph_Cloth.uexp" 1048
"../../../Engine/Plugins/Animation/DeformerGraph/Content/Deformers/DG_LinearBlendSkin_Morph_Cloth.uasset" 1049
"../../../Engine/Plugins/Animation/DeformerGraph/Content/Deformers/DG_LinearBlendSkin_Morph_Cloth.uexp" 1050
"../../../Engine/Plugins/Animation/DeformerGraph/Content/DeformerFunctions/DG_Function_LinearBlendSkin_Morph_Cloth_PositionOnly.uasset" 1051
"../../../Engine/Plugins/Animation/DeformerGraph/Content/DeformerFunctions/DG_Function_LinearBlendSkin_Morph_Cloth_PositionOnly.uexp" 1052
"../../../Engine/Plugins/Animation/DeformerGraph/Content/DeformerFunctions/DG_Function_ComputeNormalsTangents.uasset" 1053
"../../../Engine/Plugins/Animation/DeformerGraph/Content/DeformerFunctions/DG_Function_ComputeNormalsTangents.uexp" 1054
"../../../Engine/Plugins/Animation/DeformerGraph/Content/Deformers/DG_LinearBlendSkin_Morph_Cloth_RecomputeNormals.uasset" 1055
"../../../Engine/Plugins/Animation/DeformerGraph/Content/Deformers/DG_LinearBlendSkin_Morph_Cloth_RecomputeNormals.uexp" 1056
"../../../Engine/Content/EngineResources/LandscapeVisibilityLayerInfo.uasset" 1057
"../../../Engine/Content/EngineResources/LandscapeVisibilityLayerInfo.uexp" 1058
"../../../Engine/Plugins/NNE/NNEDenoiser/Content/NNEDT_Oidn2-3_Balanced.uasset" 1059
"../../../Engine/Plugins/NNE/NNEDenoiser/Content/NNEDT_Oidn2-3_Balanced.uexp" 1060
"../../../Engine/Plugins/NNE/NNEDenoiser/Content/NNEDT_Oidn2-3_Balanced_Alpha.uasset" 1061
"../../../Engine/Plugins/NNE/NNEDenoiser/Content/NNEDT_Oidn2-3_Balanced_Alpha.uexp" 1062
"../../../Engine/Plugins/NNE/NNEDenoiser/Content/NNED_Oidn2-3_Balanced.uasset" 1063
"../../../Engine/Plugins/NNE/NNEDenoiser/Content/NNED_Oidn2-3_Balanced.uexp" 1064
"../../../Engine/Plugins/NNE/NNEDenoiser/Content/NNED_Oidn2-3_Balanced_Alpha.uasset" 1065
"../../../Engine/Plugins/NNE/NNEDenoiser/Content/NNED_Oidn2-3_Balanced_Alpha.uexp" 1066
"../../../Engine/Plugins/NNE/NNEDenoiser/Content/NNED_Oidn2-3_Fast.uasset" 1067
"../../../Engine/Plugins/NNE/NNEDenoiser/Content/NNED_Oidn2-3_Fast.uexp" 1068
"../../../Engine/Plugins/NNE/NNEDenoiser/Content/NNED_Oidn2-3_Fast_Alpha.uasset" 1069
"../../../Engine/Plugins/NNE/NNEDenoiser/Content/NNED_Oidn2-3_Fast_Alpha.uexp" 1070
"../../../Engine/Plugins/NNE/NNEDenoiser/Content/NNED_Oidn2-3_HighQuality.uasset" 1071
"../../../Engine/Plugins/NNE/NNEDenoiser/Content/NNED_Oidn2-3_HighQuality.uexp" 1072
"../../../Engine/Plugins/NNE/NNEDenoiser/Content/NNED_Oidn2-3_HighQuality_Alpha.uasset" 1073
"../../../Engine/Plugins/NNE/NNEDenoiser/Content/NNED_Oidn2-3_HighQuality_Alpha.uexp" 1074
"../../../Engine/Content/Maps/Entry_BuiltData.uasset" 1075
"../../../Engine/Content/Maps/Entry_BuiltData.uexp" 1076
"../../../Engine/Content/Maps/Entry.uexp" 1077
"../../../Engine/Content/Maps/Entry.umap" 1078
"../../../Engine/Content/BasicShapes/Cube.ubulk" 1079
"../../../Engine/Content/BasicShapes/Cube.uasset" 1080
"../../../Engine/Content/BasicShapes/Cube.uexp" 1081
"../../../Engine/Content/BasicShapes/Plane.ubulk" 1082
"../../../Engine/Content/BasicShapes/Plane.uasset" 1083
"../../../Engine/Content/BasicShapes/Plane.uexp" 1084
"../../../Engine/Content/BasicShapes/BasicShapeMaterial.uasset" 1085
"../../../Engine/Content/BasicShapes/BasicShapeMaterial.uexp" 1086
"C:/Users/calli/OneDrive/Desktop/Game Dev Stuff/HorrorPuzzle/HorrorPuzzleGame/Content/UI/ObjectInteract.uasset" 1087
"C:/Users/calli/OneDrive/Desktop/Game Dev Stuff/HorrorPuzzle/HorrorPuzzleGame/Content/UI/ObjectInteract.uexp" 1088
"C:/Users/calli/OneDrive/Desktop/Game Dev Stuff/HorrorPuzzle/HorrorPuzzleGame/Content/Blueprints/GhostMovementTrigger.uasset" 1089
"C:/Users/calli/OneDrive/Desktop/Game Dev Stuff/HorrorPuzzle/HorrorPuzzleGame/Content/Blueprints/GhostMovementTrigger.uexp" 1090
"C:/Users/calli/OneDrive/Desktop/Game Dev Stuff/HorrorPuzzle/HorrorPuzzleGame/Content/DownloadedAssets/VintageRadio/Textures/T_VintageRadio_N.ubulk" 1091
"C:/Users/calli/OneDrive/Desktop/Game Dev Stuff/HorrorPuzzle/HorrorPuzzleGame/Content/DownloadedAssets/VintageRadio/Textures/T_VintageRadio_N.uasset" 1092
"C:/Users/calli/OneDrive/Desktop/Game Dev Stuff/HorrorPuzzle/HorrorPuzzleGame/Content/DownloadedAssets/VintageRadio/Textures/T_VintageRadio_N.uexp" 1093
"C:/Users/calli/OneDrive/Desktop/Game Dev Stuff/HorrorPuzzle/HorrorPuzzleGame/Content/DownloadedAssets/VintageRadio/Textures/T_VintageRadio_ORM.ubulk" 1094
"C:/Users/calli/OneDrive/Desktop/Game Dev Stuff/HorrorPuzzle/HorrorPuzzleGame/Content/DownloadedAssets/VintageRadio/Textures/T_VintageRadio_ORM.uasset" 1095
"C:/Users/calli/OneDrive/Desktop/Game Dev Stuff/HorrorPuzzle/HorrorPuzzleGame/Content/DownloadedAssets/VintageRadio/Textures/T_VintageRadio_ORM.uexp" 1096
"C:/Users/calli/OneDrive/Desktop/Game Dev Stuff/HorrorPuzzle/HorrorPuzzleGame/Content/DownloadedAssets/VintageRadio/Textures/T_VintageRadio_D.ubulk" 1097
"C:/Users/calli/OneDrive/Desktop/Game Dev Stuff/HorrorPuzzle/HorrorPuzzleGame/Content/DownloadedAssets/VintageRadio/Textures/T_VintageRadio_D.uasset" 1098
"C:/Users/calli/OneDrive/Desktop/Game Dev Stuff/HorrorPuzzle/HorrorPuzzleGame/Content/DownloadedAssets/VintageRadio/Textures/T_VintageRadio_D.uexp" 1099
"../../../Engine/Content/EngineMaterials/DefaultDiffuse_TC_Masks.ubulk" 1100
"../../../Engine/Content/EngineMaterials/DefaultDiffuse_TC_Masks.uasset" 1101
"../../../Engine/Content/EngineMaterials/DefaultDiffuse_TC_Masks.uexp" 1102
"C:/Users/calli/OneDrive/Desktop/Game Dev Stuff/HorrorPuzzle/HorrorPuzzleGame/Content/DownloadedAssets/VintageRadio/Materials/M_VintageRadioGlass_Master.uasset" 1103
"C:/Users/calli/OneDrive/Desktop/Game Dev Stuff/HorrorPuzzle/HorrorPuzzleGame/Content/DownloadedAssets/VintageRadio/Materials/M_VintageRadioGlass_Master.uexp" 1104
"C:/Users/calli/OneDrive/Desktop/Game Dev Stuff/HorrorPuzzle/HorrorPuzzleGame/Content/DownloadedAssets/VintageRadio/Materials/MI_VintageRadioGlass.uasset" 1105
"C:/Users/calli/OneDrive/Desktop/Game Dev Stuff/HorrorPuzzle/HorrorPuzzleGame/Content/DownloadedAssets/VintageRadio/Materials/MI_VintageRadioGlass.uexp" 1106
"C:/Users/calli/OneDrive/Desktop/Game Dev Stuff/HorrorPuzzle/HorrorPuzzleGame/Content/DownloadedAssets/VintageRadio/Materials/M_VintageRadio_Master.uasset" 1107
"C:/Users/calli/OneDrive/Desktop/Game Dev Stuff/HorrorPuzzle/HorrorPuzzleGame/Content/DownloadedAssets/VintageRadio/Materials/M_VintageRadio_Master.uexp" 1108
"C:/Users/calli/OneDrive/Desktop/Game Dev Stuff/HorrorPuzzle/HorrorPuzzleGame/Content/DownloadedAssets/VintageRadio/Materials/MI_VintageRadio.uasset" 1109
"C:/Users/calli/OneDrive/Desktop/Game Dev Stuff/HorrorPuzzle/HorrorPuzzleGame/Content/DownloadedAssets/VintageRadio/Materials/MI_VintageRadio.uexp" 1110
"C:/Users/calli/OneDrive/Desktop/Game Dev Stuff/HorrorPuzzle/HorrorPuzzleGame/Content/DownloadedAssets/VintageRadio/Meshes/SM_VintageRadio.ubulk" 1111
"C:/Users/calli/OneDrive/Desktop/Game Dev Stuff/HorrorPuzzle/HorrorPuzzleGame/Content/DownloadedAssets/VintageRadio/Meshes/SM_VintageRadio.uasset" 1112
"C:/Users/calli/OneDrive/Desktop/Game Dev Stuff/HorrorPuzzle/HorrorPuzzleGame/Content/DownloadedAssets/VintageRadio/Meshes/SM_VintageRadio.uexp" 1113
"C:/Users/calli/OneDrive/Desktop/Game Dev Stuff/HorrorPuzzle/HorrorPuzzleGame/Content/Audio/Radio.uasset" 1114
"C:/Users/calli/OneDrive/Desktop/Game Dev Stuff/HorrorPuzzle/HorrorPuzzleGame/Content/Audio/Radio.uexp" 1115
"C:/Users/calli/OneDrive/Desktop/Game Dev Stuff/HorrorPuzzle/HorrorPuzzleGame/Content/Audio/CreepyLaVienRose.ubulk" 1116
"C:/Users/calli/OneDrive/Desktop/Game Dev Stuff/HorrorPuzzle/HorrorPuzzleGame/Content/Audio/CreepyLaVienRose.uasset" 1117
"C:/Users/calli/OneDrive/Desktop/Game Dev Stuff/HorrorPuzzle/HorrorPuzzleGame/Content/Audio/CreepyLaVienRose.uexp" 1118
"C:/Users/calli/OneDrive/Desktop/Game Dev Stuff/HorrorPuzzle/HorrorPuzzleGame/Content/Blueprints/Radio.uasset" 1119
"C:/Users/calli/OneDrive/Desktop/Game Dev Stuff/HorrorPuzzle/HorrorPuzzleGame/Content/Blueprints/Radio.uexp" 1120
"C:/Users/calli/OneDrive/Desktop/Game Dev Stuff/HorrorPuzzle/HorrorPuzzleGame/Content/Fab/Wooden_Door/Door_Door_OcclusionRoughnessMetallic.ubulk" 1121
"C:/Users/calli/OneDrive/Desktop/Game Dev Stuff/HorrorPuzzle/HorrorPuzzleGame/Content/Fab/Wooden_Door/Door_Door_OcclusionRoughnessMetallic.uasset" 1122
"C:/Users/calli/OneDrive/Desktop/Game Dev Stuff/HorrorPuzzle/HorrorPuzzleGame/Content/Fab/Wooden_Door/Door_Door_OcclusionRoughnessMetallic.uexp" 1123
"C:/Users/calli/OneDrive/Desktop/Game Dev Stuff/HorrorPuzzle/HorrorPuzzleGame/Content/Fab/Wooden_Door/Door_Door_Normal.ubulk" 1124
"C:/Users/calli/OneDrive/Desktop/Game Dev Stuff/HorrorPuzzle/HorrorPuzzleGame/Content/Fab/Wooden_Door/Door_Door_Normal.uasset" 1125
"C:/Users/calli/OneDrive/Desktop/Game Dev Stuff/HorrorPuzzle/HorrorPuzzleGame/Content/Fab/Wooden_Door/Door_Door_Normal.uexp" 1126
"C:/Users/calli/OneDrive/Desktop/Game Dev Stuff/HorrorPuzzle/HorrorPuzzleGame/Content/Fab/Wooden_Door/Door_Door_BaseColor.ubulk" 1127
"C:/Users/calli/OneDrive/Desktop/Game Dev Stuff/HorrorPuzzle/HorrorPuzzleGame/Content/Fab/Wooden_Door/Door_Door_BaseColor.uasset" 1128
"C:/Users/calli/OneDrive/Desktop/Game Dev Stuff/HorrorPuzzle/HorrorPuzzleGame/Content/Fab/Wooden_Door/Door_Door_BaseColor.uexp" 1129
"C:/Users/calli/OneDrive/Desktop/Game Dev Stuff/HorrorPuzzle/HorrorPuzzleGame/Content/Fab/Wooden_Door/DoorMaterial.uasset" 1130
"C:/Users/calli/OneDrive/Desktop/Game Dev Stuff/HorrorPuzzle/HorrorPuzzleGame/Content/Fab/Wooden_Door/DoorMaterial.uexp" 1131
"../../../Engine/Content/EngineResources/DefaultTexture.ubulk" 1132
"../../../Engine/Content/EngineResources/DefaultTexture.uasset" 1133
"../../../Engine/Content/EngineResources/DefaultTexture.uexp" 1134
"../../../Engine/Content/EngineMaterials/DefaultNormal.ubulk" 1135
"../../../Engine/Content/EngineMaterials/DefaultNormal.uasset" 1136
"../../../Engine/Content/EngineMaterials/DefaultNormal.uexp" 1137
"../../../Engine/Content/Functions/Engine_MaterialFunctions01/Shading/ConvertFromDiffSpec.uasset" 1138
"../../../Engine/Content/Functions/Engine_MaterialFunctions01/Shading/ConvertFromDiffSpec.uexp" 1139
"../../../Engine/Plugins/Interchange/Assets/Content/Materials/MapOrColorFunction.uasset" 1140
"../../../Engine/Plugins/Interchange/Assets/Content/Materials/MapOrColorFunction.uexp" 1141
"../../../Engine/Plugins/Interchange/Assets/Content/Materials/MapOrLinearColorFunction.uasset" 1142
"../../../Engine/Plugins/Interchange/Assets/Content/Materials/MapOrLinearColorFunction.uexp" 1143
"../../../Engine/Plugins/Interchange/Assets/Content/Materials/MapOrScalarFunction.uasset" 1144
"../../../Engine/Plugins/Interchange/Assets/Content/Materials/MapOrScalarFunction.uexp" 1145
"../../../Engine/Plugins/Interchange/Assets/Content/Materials/PhongSurfaceMaterial.uasset" 1146
"../../../Engine/Plugins/Interchange/Assets/Content/Materials/PhongSurfaceMaterial.uexp" 1147
"C:/Users/calli/OneDrive/Desktop/Game Dev Stuff/HorrorPuzzle/HorrorPuzzleGame/Content/Fab/Wooden_Door/02_-_Default.uasset" 1148
"C:/Users/calli/OneDrive/Desktop/Game Dev Stuff/HorrorPuzzle/HorrorPuzzleGame/Content/Fab/Wooden_Door/02_-_Default.uexp" 1149
"C:/Users/calli/OneDrive/Desktop/Game Dev Stuff/HorrorPuzzle/HorrorPuzzleGame/Content/Fab/Wooden_Door/DoorFrame.ubulk" 1150
"C:/Users/calli/OneDrive/Desktop/Game Dev Stuff/HorrorPuzzle/HorrorPuzzleGame/Content/Fab/Wooden_Door/DoorFrame.uasset" 1151
"C:/Users/calli/OneDrive/Desktop/Game Dev Stuff/HorrorPuzzle/HorrorPuzzleGame/Content/Fab/Wooden_Door/DoorFrame.uexp" 1152
"C:/Users/calli/OneDrive/Desktop/Game Dev Stuff/HorrorPuzzle/HorrorPuzzleGame/Content/Fab/Wooden_Door/Door.ubulk" 1153
"C:/Users/calli/OneDrive/Desktop/Game Dev Stuff/HorrorPuzzle/HorrorPuzzleGame/Content/Fab/Wooden_Door/Door.uasset" 1154
"C:/Users/calli/OneDrive/Desktop/Game Dev Stuff/HorrorPuzzle/HorrorPuzzleGame/Content/Fab/Wooden_Door/Door.uexp" 1155
"C:/Users/calli/OneDrive/Desktop/Game Dev Stuff/HorrorPuzzle/HorrorPuzzleGame/Content/Audio/NewSoundAttenuation.uasset" 1156
"C:/Users/calli/OneDrive/Desktop/Game Dev Stuff/HorrorPuzzle/HorrorPuzzleGame/Content/Audio/NewSoundAttenuation.uexp" 1157
"C:/Users/calli/OneDrive/Desktop/Game Dev Stuff/HorrorPuzzle/HorrorPuzzleGame/Content/Audio/DoorCreak.ubulk" 1158
"C:/Users/calli/OneDrive/Desktop/Game Dev Stuff/HorrorPuzzle/HorrorPuzzleGame/Content/Audio/DoorCreak.uasset" 1159
"C:/Users/calli/OneDrive/Desktop/Game Dev Stuff/HorrorPuzzle/HorrorPuzzleGame/Content/Audio/DoorCreak.uexp" 1160
"C:/Users/calli/OneDrive/Desktop/Game Dev Stuff/HorrorPuzzle/HorrorPuzzleGame/Content/Blueprints/Door.uasset" 1161
"C:/Users/calli/OneDrive/Desktop/Game Dev Stuff/HorrorPuzzle/HorrorPuzzleGame/Content/Blueprints/Door.uexp" 1162
"C:/Users/calli/OneDrive/Desktop/Game Dev Stuff/HorrorPuzzle/HorrorPuzzleGame/Content/Notes/LR_1_poisons.uasset" 1163
"C:/Users/calli/OneDrive/Desktop/Game Dev Stuff/HorrorPuzzle/HorrorPuzzleGame/Content/Notes/LR_1_poisons.uexp" 1164
"C:/Users/calli/OneDrive/Desktop/Game Dev Stuff/HorrorPuzzle/HorrorPuzzleGame/Content/Notes/LR_1_newspaper.uasset" 1165
"C:/Users/calli/OneDrive/Desktop/Game Dev Stuff/HorrorPuzzle/HorrorPuzzleGame/Content/Notes/LR_1_newspaper.uexp" 1166
"C:/Users/calli/OneDrive/Desktop/Game Dev Stuff/HorrorPuzzle/HorrorPuzzleGame/Content/Notes/LR_1_manuscrpitA.uasset" 1167
"C:/Users/calli/OneDrive/Desktop/Game Dev Stuff/HorrorPuzzle/HorrorPuzzleGame/Content/Notes/LR_1_manuscrpitA.uexp" 1168
"C:/Users/calli/OneDrive/Desktop/Game Dev Stuff/HorrorPuzzle/HorrorPuzzleGame/Content/Notes/LR_1_manuscriptC.uasset" 1169
"C:/Users/calli/OneDrive/Desktop/Game Dev Stuff/HorrorPuzzle/HorrorPuzzleGame/Content/Notes/LR_1_manuscriptC.uexp" 1170
"C:/Users/calli/OneDrive/Desktop/Game Dev Stuff/HorrorPuzzle/HorrorPuzzleGame/Content/Notes/LR_1_manuscriptB.uasset" 1171
"C:/Users/calli/OneDrive/Desktop/Game Dev Stuff/HorrorPuzzle/HorrorPuzzleGame/Content/Notes/LR_1_manuscriptB.uexp" 1172
"C:/Users/calli/OneDrive/Desktop/Game Dev Stuff/HorrorPuzzle/HorrorPuzzleGame/Content/Notes/CB_2_story.uasset" 1173
"C:/Users/calli/OneDrive/Desktop/Game Dev Stuff/HorrorPuzzle/HorrorPuzzleGame/Content/Notes/CB_2_story.uexp" 1174
"C:/Users/calli/OneDrive/Desktop/Game Dev Stuff/HorrorPuzzle/HorrorPuzzleGame/Content/Notes/CB_2_letter.uasset" 1175
"C:/Users/calli/OneDrive/Desktop/Game Dev Stuff/HorrorPuzzle/HorrorPuzzleGame/Content/Notes/CB_2_letter.uexp" 1176
"C:/Users/calli/OneDrive/Desktop/Game Dev Stuff/HorrorPuzzle/HorrorPuzzleGame/Content/Notes/CB_1_manuscript.uasset" 1177
"C:/Users/calli/OneDrive/Desktop/Game Dev Stuff/HorrorPuzzle/HorrorPuzzleGame/Content/Notes/CB_1_manuscript.uexp" 1178
"C:/Users/calli/OneDrive/Desktop/Game Dev Stuff/HorrorPuzzle/HorrorPuzzleGame/Content/Notes/CB_1_diary.uasset" 1179
"C:/Users/calli/OneDrive/Desktop/Game Dev Stuff/HorrorPuzzle/HorrorPuzzleGame/Content/Notes/CB_1_diary.uexp" 1180
"C:/Users/calli/OneDrive/Desktop/Game Dev Stuff/HorrorPuzzle/HorrorPuzzleGame/Content/Materials/Wall.uasset" 1181
"C:/Users/calli/OneDrive/Desktop/Game Dev Stuff/HorrorPuzzle/HorrorPuzzleGame/Content/Materials/Wall.uexp" 1182
"C:/Users/calli/OneDrive/Desktop/Game Dev Stuff/HorrorPuzzle/HorrorPuzzleGame/Content/Materials/Ceiling.uasset" 1183
"C:/Users/calli/OneDrive/Desktop/Game Dev Stuff/HorrorPuzzle/HorrorPuzzleGame/Content/Materials/Ceiling.uexp" 1184
"../../../Engine/Plugins/Interchange/Assets/Content/gltf/MaterialInstances/MI_Default_Opaque.uasset" 1185
"../../../Engine/Plugins/Interchange/Assets/Content/gltf/MaterialInstances/MI_Default_Opaque.uexp" 1186
"C:/Users/calli/OneDrive/Desktop/Game Dev Stuff/HorrorPuzzle/HorrorPuzzleGame/Content/Fab/Teddy_bear__3D_Scan_/teddy_bear/Textures/Image_0.ubulk" 1187
"C:/Users/calli/OneDrive/Desktop/Game Dev Stuff/HorrorPuzzle/HorrorPuzzleGame/Content/Fab/Teddy_bear__3D_Scan_/teddy_bear/Textures/Image_0.uasset" 1188
"C:/Users/calli/OneDrive/Desktop/Game Dev Stuff/HorrorPuzzle/HorrorPuzzleGame/Content/Fab/Teddy_bear__3D_Scan_/teddy_bear/Textures/Image_0.uexp" 1189
"C:/Users/calli/OneDrive/Desktop/Game Dev Stuff/HorrorPuzzle/HorrorPuzzleGame/Content/Fab/Teddy_bear__3D_Scan_/teddy_bear/Materials/Material_0_003.uasset" 1190
"C:/Users/calli/OneDrive/Desktop/Game Dev Stuff/HorrorPuzzle/HorrorPuzzleGame/Content/Fab/Teddy_bear__3D_Scan_/teddy_bear/Materials/Material_0_003.uexp" 1191
"C:/Users/calli/OneDrive/Desktop/Game Dev Stuff/HorrorPuzzle/HorrorPuzzleGame/Content/Fab/Teddy_bear__3D_Scan_/teddy_bear/StaticMeshes/teddy_bear.ubulk" 1192
"C:/Users/calli/OneDrive/Desktop/Game Dev Stuff/HorrorPuzzle/HorrorPuzzleGame/Content/Fab/Teddy_bear__3D_Scan_/teddy_bear/StaticMeshes/teddy_bear.uasset" 1193
"C:/Users/calli/OneDrive/Desktop/Game Dev Stuff/HorrorPuzzle/HorrorPuzzleGame/Content/Fab/Teddy_bear__3D_Scan_/teddy_bear/StaticMeshes/teddy_bear.uexp" 1194
"../../../Engine/Plugins/Interchange/Assets/Content/gltf/MaterialInstances/MI_Default_Opaque_DS.uasset" 1195
"../../../Engine/Plugins/Interchange/Assets/Content/gltf/MaterialInstances/MI_Default_Opaque_DS.uexp" 1196
"C:/Users/calli/OneDrive/Desktop/Game Dev Stuff/HorrorPuzzle/HorrorPuzzleGame/Content/Fab/Old_Dresser_01/old_dresser_01/Textures/old_dresser_01_texture_6.ubulk" 1197
"C:/Users/calli/OneDrive/Desktop/Game Dev Stuff/HorrorPuzzle/HorrorPuzzleGame/Content/Fab/Old_Dresser_01/old_dresser_01/Textures/old_dresser_01_texture_6.uasset" 1198
"C:/Users/calli/OneDrive/Desktop/Game Dev Stuff/HorrorPuzzle/HorrorPuzzleGame/Content/Fab/Old_Dresser_01/old_dresser_01/Textures/old_dresser_01_texture_6.uexp" 1199
"C:/Users/calli/OneDrive/Desktop/Game Dev Stuff/HorrorPuzzle/HorrorPuzzleGame/Content/Fab/Old_Dresser_01/old_dresser_01/Textures/old_dresser_01_texture_7.ubulk" 1200
"C:/Users/calli/OneDrive/Desktop/Game Dev Stuff/HorrorPuzzle/HorrorPuzzleGame/Content/Fab/Old_Dresser_01/old_dresser_01/Textures/old_dresser_01_texture_7.uasset" 1201
"C:/Users/calli/OneDrive/Desktop/Game Dev Stuff/HorrorPuzzle/HorrorPuzzleGame/Content/Fab/Old_Dresser_01/old_dresser_01/Textures/old_dresser_01_texture_7.uexp" 1202
"C:/Users/calli/OneDrive/Desktop/Game Dev Stuff/HorrorPuzzle/HorrorPuzzleGame/Content/Fab/Old_Dresser_01/old_dresser_01/Textures/old_dresser_01_texture_8.ubulk" 1203
"C:/Users/calli/OneDrive/Desktop/Game Dev Stuff/HorrorPuzzle/HorrorPuzzleGame/Content/Fab/Old_Dresser_01/old_dresser_01/Textures/old_dresser_01_texture_8.uasset" 1204
"C:/Users/calli/OneDrive/Desktop/Game Dev Stuff/HorrorPuzzle/HorrorPuzzleGame/Content/Fab/Old_Dresser_01/old_dresser_01/Textures/old_dresser_01_texture_8.uexp" 1205
"C:/Users/calli/OneDrive/Desktop/Game Dev Stuff/HorrorPuzzle/HorrorPuzzleGame/Content/Fab/Old_Dresser_01/old_dresser_01/Materials/Wood-3.uasset" 1206
"C:/Users/calli/OneDrive/Desktop/Game Dev Stuff/HorrorPuzzle/HorrorPuzzleGame/Content/Fab/Old_Dresser_01/old_dresser_01/Materials/Wood-3.uexp" 1207
"C:/Users/calli/OneDrive/Desktop/Game Dev Stuff/HorrorPuzzle/HorrorPuzzleGame/Content/Fab/Old_Dresser_01/old_dresser_01/Textures/old_dresser_01_texture_3.ubulk" 1208
"C:/Users/calli/OneDrive/Desktop/Game Dev Stuff/HorrorPuzzle/HorrorPuzzleGame/Content/Fab/Old_Dresser_01/old_dresser_01/Textures/old_dresser_01_texture_3.uasset" 1209
"C:/Users/calli/OneDrive/Desktop/Game Dev Stuff/HorrorPuzzle/HorrorPuzzleGame/Content/Fab/Old_Dresser_01/old_dresser_01/Textures/old_dresser_01_texture_3.uexp" 1210
"C:/Users/calli/OneDrive/Desktop/Game Dev Stuff/HorrorPuzzle/HorrorPuzzleGame/Content/Fab/Old_Dresser_01/old_dresser_01/Textures/old_dresser_01_texture_4.ubulk" 1211
"C:/Users/calli/OneDrive/Desktop/Game Dev Stuff/HorrorPuzzle/HorrorPuzzleGame/Content/Fab/Old_Dresser_01/old_dresser_01/Textures/old_dresser_01_texture_4.uasset" 1212
"C:/Users/calli/OneDrive/Desktop/Game Dev Stuff/HorrorPuzzle/HorrorPuzzleGame/Content/Fab/Old_Dresser_01/old_dresser_01/Textures/old_dresser_01_texture_4.uexp" 1213
"C:/Users/calli/OneDrive/Desktop/Game Dev Stuff/HorrorPuzzle/HorrorPuzzleGame/Content/Fab/Old_Dresser_01/old_dresser_01/Textures/old_dresser_01_texture_5.ubulk" 1214
"C:/Users/calli/OneDrive/Desktop/Game Dev Stuff/HorrorPuzzle/HorrorPuzzleGame/Content/Fab/Old_Dresser_01/old_dresser_01/Textures/old_dresser_01_texture_5.uasset" 1215
"C:/Users/calli/OneDrive/Desktop/Game Dev Stuff/HorrorPuzzle/HorrorPuzzleGame/Content/Fab/Old_Dresser_01/old_dresser_01/Textures/old_dresser_01_texture_5.uexp" 1216
"C:/Users/calli/OneDrive/Desktop/Game Dev Stuff/HorrorPuzzle/HorrorPuzzleGame/Content/Fab/Old_Dresser_01/old_dresser_01/Materials/Wood-2.uasset" 1217
"C:/Users/calli/OneDrive/Desktop/Game Dev Stuff/HorrorPuzzle/HorrorPuzzleGame/Content/Fab/Old_Dresser_01/old_dresser_01/Materials/Wood-2.uexp" 1218
"C:/Users/calli/OneDrive/Desktop/Game Dev Stuff/HorrorPuzzle/HorrorPuzzleGame/Content/Fab/Old_Dresser_01/old_dresser_01/Textures/old_dresser_01_texture_0.ubulk" 1219
"C:/Users/calli/OneDrive/Desktop/Game Dev Stuff/HorrorPuzzle/HorrorPuzzleGame/Content/Fab/Old_Dresser_01/old_dresser_01/Textures/old_dresser_01_texture_0.uasset" 1220
"C:/Users/calli/OneDrive/Desktop/Game Dev Stuff/HorrorPuzzle/HorrorPuzzleGame/Content/Fab/Old_Dresser_01/old_dresser_01/Textures/old_dresser_01_texture_0.uexp" 1221
"C:/Users/calli/OneDrive/Desktop/Game Dev Stuff/HorrorPuzzle/HorrorPuzzleGame/Content/Fab/Old_Dresser_01/old_dresser_01/Textures/old_dresser_01_texture_1.ubulk" 1222
"C:/Users/calli/OneDrive/Desktop/Game Dev Stuff/HorrorPuzzle/HorrorPuzzleGame/Content/Fab/Old_Dresser_01/old_dresser_01/Textures/old_dresser_01_texture_1.uasset" 1223
"C:/Users/calli/OneDrive/Desktop/Game Dev Stuff/HorrorPuzzle/HorrorPuzzleGame/Content/Fab/Old_Dresser_01/old_dresser_01/Textures/old_dresser_01_texture_1.uexp" 1224
"C:/Users/calli/OneDrive/Desktop/Game Dev Stuff/HorrorPuzzle/HorrorPuzzleGame/Content/Fab/Old_Dresser_01/old_dresser_01/Textures/old_dresser_01_texture_2.ubulk" 1225
"C:/Users/calli/OneDrive/Desktop/Game Dev Stuff/HorrorPuzzle/HorrorPuzzleGame/Content/Fab/Old_Dresser_01/old_dresser_01/Textures/old_dresser_01_texture_2.uasset" 1226
"C:/Users/calli/OneDrive/Desktop/Game Dev Stuff/HorrorPuzzle/HorrorPuzzleGame/Content/Fab/Old_Dresser_01/old_dresser_01/Textures/old_dresser_01_texture_2.uexp" 1227
"C:/Users/calli/OneDrive/Desktop/Game Dev Stuff/HorrorPuzzle/HorrorPuzzleGame/Content/Fab/Old_Dresser_01/old_dresser_01/Materials/Wood-1.uasset" 1228
"C:/Users/calli/OneDrive/Desktop/Game Dev Stuff/HorrorPuzzle/HorrorPuzzleGame/Content/Fab/Old_Dresser_01/old_dresser_01/Materials/Wood-1.uexp" 1229
"C:/Users/calli/OneDrive/Desktop/Game Dev Stuff/HorrorPuzzle/HorrorPuzzleGame/Content/Fab/Old_Dresser_01/old_dresser_01/Textures/old_dresser_01_texture_9.ubulk" 1230
"C:/Users/calli/OneDrive/Desktop/Game Dev Stuff/HorrorPuzzle/HorrorPuzzleGame/Content/Fab/Old_Dresser_01/old_dresser_01/Textures/old_dresser_01_texture_9.uasset" 1231
"C:/Users/calli/OneDrive/Desktop/Game Dev Stuff/HorrorPuzzle/HorrorPuzzleGame/Content/Fab/Old_Dresser_01/old_dresser_01/Textures/old_dresser_01_texture_9.uexp" 1232
"C:/Users/calli/OneDrive/Desktop/Game Dev Stuff/HorrorPuzzle/HorrorPuzzleGame/Content/Fab/Old_Dresser_01/old_dresser_01/Textures/old_dresser_01_texture_10.ubulk" 1233
"C:/Users/calli/OneDrive/Desktop/Game Dev Stuff/HorrorPuzzle/HorrorPuzzleGame/Content/Fab/Old_Dresser_01/old_dresser_01/Textures/old_dresser_01_texture_10.uasset" 1234
"C:/Users/calli/OneDrive/Desktop/Game Dev Stuff/HorrorPuzzle/HorrorPuzzleGame/Content/Fab/Old_Dresser_01/old_dresser_01/Textures/old_dresser_01_texture_10.uexp" 1235
"C:/Users/calli/OneDrive/Desktop/Game Dev Stuff/HorrorPuzzle/HorrorPuzzleGame/Content/Fab/Old_Dresser_01/old_dresser_01/Textures/old_dresser_01_texture_11.ubulk" 1236
"C:/Users/calli/OneDrive/Desktop/Game Dev Stuff/HorrorPuzzle/HorrorPuzzleGame/Content/Fab/Old_Dresser_01/old_dresser_01/Textures/old_dresser_01_texture_11.uasset" 1237
"C:/Users/calli/OneDrive/Desktop/Game Dev Stuff/HorrorPuzzle/HorrorPuzzleGame/Content/Fab/Old_Dresser_01/old_dresser_01/Textures/old_dresser_01_texture_11.uexp" 1238
"C:/Users/calli/OneDrive/Desktop/Game Dev Stuff/HorrorPuzzle/HorrorPuzzleGame/Content/Fab/Old_Dresser_01/old_dresser_01/Materials/Metal.uasset" 1239
"C:/Users/calli/OneDrive/Desktop/Game Dev Stuff/HorrorPuzzle/HorrorPuzzleGame/Content/Fab/Old_Dresser_01/old_dresser_01/Materials/Metal.uexp" 1240
"C:/Users/calli/OneDrive/Desktop/Game Dev Stuff/HorrorPuzzle/HorrorPuzzleGame/Content/Fab/Old_Dresser_01/old_dresser_01/StaticMeshes/old_dresser_01.ubulk" 1241
"C:/Users/calli/OneDrive/Desktop/Game Dev Stuff/HorrorPuzzle/HorrorPuzzleGame/Content/Fab/Old_Dresser_01/old_dresser_01/StaticMeshes/old_dresser_01.uasset" 1242
"C:/Users/calli/OneDrive/Desktop/Game Dev Stuff/HorrorPuzzle/HorrorPuzzleGame/Content/Fab/Old_Dresser_01/old_dresser_01/StaticMeshes/old_dresser_01.uexp" 1243
"../../../Engine/Plugins/Interchange/Assets/Content/gltf/MaterialInstances/MI_ClearCoat_Blend_DS.uasset" 1244
"../../../Engine/Plugins/Interchange/Assets/Content/gltf/MaterialInstances/MI_ClearCoat_Blend_DS.uexp" 1245
"C:/Users/calli/OneDrive/Desktop/Game Dev Stuff/HorrorPuzzle/HorrorPuzzleGame/Content/DownloadedAssets/Tiffany_Lamp/tiffany_lamp/Textures/tiffany_lamp_texture_15.ubulk" 1246
"C:/Users/calli/OneDrive/Desktop/Game Dev Stuff/HorrorPuzzle/HorrorPuzzleGame/Content/DownloadedAssets/Tiffany_Lamp/tiffany_lamp/Textures/tiffany_lamp_texture_15.uasset" 1247
"C:/Users/calli/OneDrive/Desktop/Game Dev Stuff/HorrorPuzzle/HorrorPuzzleGame/Content/DownloadedAssets/Tiffany_Lamp/tiffany_lamp/Textures/tiffany_lamp_texture_15.uexp" 1248
"C:/Users/calli/OneDrive/Desktop/Game Dev Stuff/HorrorPuzzle/HorrorPuzzleGame/Content/DownloadedAssets/Tiffany_Lamp/tiffany_lamp/Materials/Material_41.uasset" 1249
"C:/Users/calli/OneDrive/Desktop/Game Dev Stuff/HorrorPuzzle/HorrorPuzzleGame/Content/DownloadedAssets/Tiffany_Lamp/tiffany_lamp/Materials/Material_41.uexp" 1250
"C:/Users/calli/OneDrive/Desktop/Game Dev Stuff/HorrorPuzzle/HorrorPuzzleGame/Content/DownloadedAssets/Tiffany_Lamp/tiffany_lamp/Textures/tiffany_lamp_texture_0.ubulk" 1251
"C:/Users/calli/OneDrive/Desktop/Game Dev Stuff/HorrorPuzzle/HorrorPuzzleGame/Content/DownloadedAssets/Tiffany_Lamp/tiffany_lamp/Textures/tiffany_lamp_texture_0.uasset" 1252
"C:/Users/calli/OneDrive/Desktop/Game Dev Stuff/HorrorPuzzle/HorrorPuzzleGame/Content/DownloadedAssets/Tiffany_Lamp/tiffany_lamp/Textures/tiffany_lamp_texture_0.uexp" 1253
"C:/Users/calli/OneDrive/Desktop/Game Dev Stuff/HorrorPuzzle/HorrorPuzzleGame/Content/DownloadedAssets/Tiffany_Lamp/tiffany_lamp/Materials/Material_42.uasset" 1254
"C:/Users/calli/OneDrive/Desktop/Game Dev Stuff/HorrorPuzzle/HorrorPuzzleGame/Content/DownloadedAssets/Tiffany_Lamp/tiffany_lamp/Materials/Material_42.uexp" 1255
"C:/Users/calli/OneDrive/Desktop/Game Dev Stuff/HorrorPuzzle/HorrorPuzzleGame/Content/DownloadedAssets/Tiffany_Lamp/tiffany_lamp/Materials/Material_43.uasset" 1256
"C:/Users/calli/OneDrive/Desktop/Game Dev Stuff/HorrorPuzzle/HorrorPuzzleGame/Content/DownloadedAssets/Tiffany_Lamp/tiffany_lamp/Materials/Material_43.uexp" 1257
"C:/Users/calli/OneDrive/Desktop/Game Dev Stuff/HorrorPuzzle/HorrorPuzzleGame/Content/DownloadedAssets/Tiffany_Lamp/tiffany_lamp/Textures/tiffany_lamp_texture_9.ubulk" 1258
"C:/Users/calli/OneDrive/Desktop/Game Dev Stuff/HorrorPuzzle/HorrorPuzzleGame/Content/DownloadedAssets/Tiffany_Lamp/tiffany_lamp/Textures/tiffany_lamp_texture_9.uasset" 1259
"C:/Users/calli/OneDrive/Desktop/Game Dev Stuff/HorrorPuzzle/HorrorPuzzleGame/Content/DownloadedAssets/Tiffany_Lamp/tiffany_lamp/Textures/tiffany_lamp_texture_9.uexp" 1260
"C:/Users/calli/OneDrive/Desktop/Game Dev Stuff/HorrorPuzzle/HorrorPuzzleGame/Content/DownloadedAssets/Tiffany_Lamp/tiffany_lamp/Materials/Material_44.uasset" 1261
"C:/Users/calli/OneDrive/Desktop/Game Dev Stuff/HorrorPuzzle/HorrorPuzzleGame/Content/DownloadedAssets/Tiffany_Lamp/tiffany_lamp/Materials/Material_44.uexp" 1262
"C:/Users/calli/OneDrive/Desktop/Game Dev Stuff/HorrorPuzzle/HorrorPuzzleGame/Content/DownloadedAssets/Tiffany_Lamp/tiffany_lamp/Textures/tiffany_lamp_texture_1.ubulk" 1263
"C:/Users/calli/OneDrive/Desktop/Game Dev Stuff/HorrorPuzzle/HorrorPuzzleGame/Content/DownloadedAssets/Tiffany_Lamp/tiffany_lamp/Textures/tiffany_lamp_texture_1.uasset" 1264
"C:/Users/calli/OneDrive/Desktop/Game Dev Stuff/HorrorPuzzle/HorrorPuzzleGame/Content/DownloadedAssets/Tiffany_Lamp/tiffany_lamp/Textures/tiffany_lamp_texture_1.uexp" 1265
"C:/Users/calli/OneDrive/Desktop/Game Dev Stuff/HorrorPuzzle/HorrorPuzzleGame/Content/DownloadedAssets/Tiffany_Lamp/tiffany_lamp/Textures/tiffany_lamp_texture_11.ubulk" 1266
"C:/Users/calli/OneDrive/Desktop/Game Dev Stuff/HorrorPuzzle/HorrorPuzzleGame/Content/DownloadedAssets/Tiffany_Lamp/tiffany_lamp/Textures/tiffany_lamp_texture_11.uasset" 1267
"C:/Users/calli/OneDrive/Desktop/Game Dev Stuff/HorrorPuzzle/HorrorPuzzleGame/Content/DownloadedAssets/Tiffany_Lamp/tiffany_lamp/Textures/tiffany_lamp_texture_11.uexp" 1268
"C:/Users/calli/OneDrive/Desktop/Game Dev Stuff/HorrorPuzzle/HorrorPuzzleGame/Content/DownloadedAssets/Tiffany_Lamp/tiffany_lamp/Textures/tiffany_lamp_texture_12.ubulk" 1269
"C:/Users/calli/OneDrive/Desktop/Game Dev Stuff/HorrorPuzzle/HorrorPuzzleGame/Content/DownloadedAssets/Tiffany_Lamp/tiffany_lamp/Textures/tiffany_lamp_texture_12.uasset" 1270
"C:/Users/calli/OneDrive/Desktop/Game Dev Stuff/HorrorPuzzle/HorrorPuzzleGame/Content/DownloadedAssets/Tiffany_Lamp/tiffany_lamp/Textures/tiffany_lamp_texture_12.uexp" 1271
"C:/Users/calli/OneDrive/Desktop/Game Dev Stuff/HorrorPuzzle/HorrorPuzzleGame/Content/DownloadedAssets/Tiffany_Lamp/tiffany_lamp/Materials/Material_45.uasset" 1272
"C:/Users/calli/OneDrive/Desktop/Game Dev Stuff/HorrorPuzzle/HorrorPuzzleGame/Content/DownloadedAssets/Tiffany_Lamp/tiffany_lamp/Materials/Material_45.uexp" 1273
"C:/Users/calli/OneDrive/Desktop/Game Dev Stuff/HorrorPuzzle/HorrorPuzzleGame/Content/DownloadedAssets/Tiffany_Lamp/tiffany_lamp/Textures/tiffany_lamp_texture_2.ubulk" 1274
"C:/Users/calli/OneDrive/Desktop/Game Dev Stuff/HorrorPuzzle/HorrorPuzzleGame/Content/DownloadedAssets/Tiffany_Lamp/tiffany_lamp/Textures/tiffany_lamp_texture_2.uasset" 1275
"C:/Users/calli/OneDrive/Desktop/Game Dev Stuff/HorrorPuzzle/HorrorPuzzleGame/Content/DownloadedAssets/Tiffany_Lamp/tiffany_lamp/Textures/tiffany_lamp_texture_2.uexp" 1276
"C:/Users/calli/OneDrive/Desktop/Game Dev Stuff/HorrorPuzzle/HorrorPuzzleGame/Content/DownloadedAssets/Tiffany_Lamp/tiffany_lamp/Textures/tiffany_lamp_texture_5.ubulk" 1277
"C:/Users/calli/OneDrive/Desktop/Game Dev Stuff/HorrorPuzzle/HorrorPuzzleGame/Content/DownloadedAssets/Tiffany_Lamp/tiffany_lamp/Textures/tiffany_lamp_texture_5.uasset" 1278
"C:/Users/calli/OneDrive/Desktop/Game Dev Stuff/HorrorPuzzle/HorrorPuzzleGame/Content/DownloadedAssets/Tiffany_Lamp/tiffany_lamp/Textures/tiffany_lamp_texture_5.uexp" 1279
"C:/Users/calli/OneDrive/Desktop/Game Dev Stuff/HorrorPuzzle/HorrorPuzzleGame/Content/DownloadedAssets/Tiffany_Lamp/tiffany_lamp/Materials/Material_47.uasset" 1280
"C:/Users/calli/OneDrive/Desktop/Game Dev Stuff/HorrorPuzzle/HorrorPuzzleGame/Content/DownloadedAssets/Tiffany_Lamp/tiffany_lamp/Materials/Material_47.uexp" 1281
"C:/Users/calli/OneDrive/Desktop/Game Dev Stuff/HorrorPuzzle/HorrorPuzzleGame/Content/DownloadedAssets/Tiffany_Lamp/tiffany_lamp/Textures/tiffany_lamp_texture_4.ubulk" 1282
"C:/Users/calli/OneDrive/Desktop/Game Dev Stuff/HorrorPuzzle/HorrorPuzzleGame/Content/DownloadedAssets/Tiffany_Lamp/tiffany_lamp/Textures/tiffany_lamp_texture_4.uasset" 1283
"C:/Users/calli/OneDrive/Desktop/Game Dev Stuff/HorrorPuzzle/HorrorPuzzleGame/Content/DownloadedAssets/Tiffany_Lamp/tiffany_lamp/Textures/tiffany_lamp_texture_4.uexp" 1284
"C:/Users/calli/OneDrive/Desktop/Game Dev Stuff/HorrorPuzzle/HorrorPuzzleGame/Content/DownloadedAssets/Tiffany_Lamp/tiffany_lamp/Materials/Material_48.uasset" 1285
"C:/Users/calli/OneDrive/Desktop/Game Dev Stuff/HorrorPuzzle/HorrorPuzzleGame/Content/DownloadedAssets/Tiffany_Lamp/tiffany_lamp/Materials/Material_48.uexp" 1286
"C:/Users/calli/OneDrive/Desktop/Game Dev Stuff/HorrorPuzzle/HorrorPuzzleGame/Content/DownloadedAssets/Tiffany_Lamp/tiffany_lamp/Materials/Material_49.uasset" 1287
"C:/Users/calli/OneDrive/Desktop/Game Dev Stuff/HorrorPuzzle/HorrorPuzzleGame/Content/DownloadedAssets/Tiffany_Lamp/tiffany_lamp/Materials/Material_49.uexp" 1288
"C:/Users/calli/OneDrive/Desktop/Game Dev Stuff/HorrorPuzzle/HorrorPuzzleGame/Content/DownloadedAssets/Tiffany_Lamp/tiffany_lamp/Textures/tiffany_lamp_texture_13.ubulk" 1289
"C:/Users/calli/OneDrive/Desktop/Game Dev Stuff/HorrorPuzzle/HorrorPuzzleGame/Content/DownloadedAssets/Tiffany_Lamp/tiffany_lamp/Textures/tiffany_lamp_texture_13.uasset" 1290
"C:/Users/calli/OneDrive/Desktop/Game Dev Stuff/HorrorPuzzle/HorrorPuzzleGame/Content/DownloadedAssets/Tiffany_Lamp/tiffany_lamp/Textures/tiffany_lamp_texture_13.uexp" 1291
"C:/Users/calli/OneDrive/Desktop/Game Dev Stuff/HorrorPuzzle/HorrorPuzzleGame/Content/DownloadedAssets/Tiffany_Lamp/tiffany_lamp/Textures/tiffany_lamp_texture_14.ubulk" 1292
"C:/Users/calli/OneDrive/Desktop/Game Dev Stuff/HorrorPuzzle/HorrorPuzzleGame/Content/DownloadedAssets/Tiffany_Lamp/tiffany_lamp/Textures/tiffany_lamp_texture_14.uasset" 1293
"C:/Users/calli/OneDrive/Desktop/Game Dev Stuff/HorrorPuzzle/HorrorPuzzleGame/Content/DownloadedAssets/Tiffany_Lamp/tiffany_lamp/Textures/tiffany_lamp_texture_14.uexp" 1294
"C:/Users/calli/OneDrive/Desktop/Game Dev Stuff/HorrorPuzzle/HorrorPuzzleGame/Content/DownloadedAssets/Tiffany_Lamp/tiffany_lamp/Materials/Material_50.uasset" 1295
"C:/Users/calli/OneDrive/Desktop/Game Dev Stuff/HorrorPuzzle/HorrorPuzzleGame/Content/DownloadedAssets/Tiffany_Lamp/tiffany_lamp/Materials/Material_50.uexp" 1296
"C:/Users/calli/OneDrive/Desktop/Game Dev Stuff/HorrorPuzzle/HorrorPuzzleGame/Content/DownloadedAssets/Tiffany_Lamp/tiffany_lamp/Textures/tiffany_lamp_texture_6.ubulk" 1297
"C:/Users/calli/OneDrive/Desktop/Game Dev Stuff/HorrorPuzzle/HorrorPuzzleGame/Content/DownloadedAssets/Tiffany_Lamp/tiffany_lamp/Textures/tiffany_lamp_texture_6.uasset" 1298
"C:/Users/calli/OneDrive/Desktop/Game Dev Stuff/HorrorPuzzle/HorrorPuzzleGame/Content/DownloadedAssets/Tiffany_Lamp/tiffany_lamp/Textures/tiffany_lamp_texture_6.uexp" 1299
"C:/Users/calli/OneDrive/Desktop/Game Dev Stuff/HorrorPuzzle/HorrorPuzzleGame/Content/DownloadedAssets/Tiffany_Lamp/tiffany_lamp/Textures/tiffany_lamp_texture_7.ubulk" 1300
"C:/Users/calli/OneDrive/Desktop/Game Dev Stuff/HorrorPuzzle/HorrorPuzzleGame/Content/DownloadedAssets/Tiffany_Lamp/tiffany_lamp/Textures/tiffany_lamp_texture_7.uasset" 1301
"C:/Users/calli/OneDrive/Desktop/Game Dev Stuff/HorrorPuzzle/HorrorPuzzleGame/Content/DownloadedAssets/Tiffany_Lamp/tiffany_lamp/Textures/tiffany_lamp_texture_7.uexp" 1302
"C:/Users/calli/OneDrive/Desktop/Game Dev Stuff/HorrorPuzzle/HorrorPuzzleGame/Content/DownloadedAssets/Tiffany_Lamp/tiffany_lamp/Textures/tiffany_lamp_texture_8.ubulk" 1303
"C:/Users/calli/OneDrive/Desktop/Game Dev Stuff/HorrorPuzzle/HorrorPuzzleGame/Content/DownloadedAssets/Tiffany_Lamp/tiffany_lamp/Textures/tiffany_lamp_texture_8.uasset" 1304
"C:/Users/calli/OneDrive/Desktop/Game Dev Stuff/HorrorPuzzle/HorrorPuzzleGame/Content/DownloadedAssets/Tiffany_Lamp/tiffany_lamp/Textures/tiffany_lamp_texture_8.uexp" 1305
"C:/Users/calli/OneDrive/Desktop/Game Dev Stuff/HorrorPuzzle/HorrorPuzzleGame/Content/DownloadedAssets/Tiffany_Lamp/tiffany_lamp/Materials/Material_51.uasset" 1306
"C:/Users/calli/OneDrive/Desktop/Game Dev Stuff/HorrorPuzzle/HorrorPuzzleGame/Content/DownloadedAssets/Tiffany_Lamp/tiffany_lamp/Materials/Material_51.uexp" 1307
"C:/Users/calli/OneDrive/Desktop/Game Dev Stuff/HorrorPuzzle/HorrorPuzzleGame/Content/DownloadedAssets/Tiffany_Lamp/tiffany_lamp/Textures/tiffany_lamp_texture_10.ubulk" 1308
"C:/Users/calli/OneDrive/Desktop/Game Dev Stuff/HorrorPuzzle/HorrorPuzzleGame/Content/DownloadedAssets/Tiffany_Lamp/tiffany_lamp/Textures/tiffany_lamp_texture_10.uasset" 1309
"C:/Users/calli/OneDrive/Desktop/Game Dev Stuff/HorrorPuzzle/HorrorPuzzleGame/Content/DownloadedAssets/Tiffany_Lamp/tiffany_lamp/Textures/tiffany_lamp_texture_10.uexp" 1310
"C:/Users/calli/OneDrive/Desktop/Game Dev Stuff/HorrorPuzzle/HorrorPuzzleGame/Content/DownloadedAssets/Tiffany_Lamp/tiffany_lamp/Materials/Material_52.uasset" 1311
"C:/Users/calli/OneDrive/Desktop/Game Dev Stuff/HorrorPuzzle/HorrorPuzzleGame/Content/DownloadedAssets/Tiffany_Lamp/tiffany_lamp/Materials/Material_52.uexp" 1312
"C:/Users/calli/OneDrive/Desktop/Game Dev Stuff/HorrorPuzzle/HorrorPuzzleGame/Content/DownloadedAssets/Tiffany_Lamp/tiffany_lamp/Textures/tiffany_lamp_texture_16.ubulk" 1313
"C:/Users/calli/OneDrive/Desktop/Game Dev Stuff/HorrorPuzzle/HorrorPuzzleGame/Content/DownloadedAssets/Tiffany_Lamp/tiffany_lamp/Textures/tiffany_lamp_texture_16.uasset" 1314
"C:/Users/calli/OneDrive/Desktop/Game Dev Stuff/HorrorPuzzle/HorrorPuzzleGame/Content/DownloadedAssets/Tiffany_Lamp/tiffany_lamp/Textures/tiffany_lamp_texture_16.uexp" 1315
"C:/Users/calli/OneDrive/Desktop/Game Dev Stuff/HorrorPuzzle/HorrorPuzzleGame/Content/DownloadedAssets/Tiffany_Lamp/tiffany_lamp/Materials/Material_53.uasset" 1316
"C:/Users/calli/OneDrive/Desktop/Game Dev Stuff/HorrorPuzzle/HorrorPuzzleGame/Content/DownloadedAssets/Tiffany_Lamp/tiffany_lamp/Materials/Material_53.uexp" 1317
"C:/Users/calli/OneDrive/Desktop/Game Dev Stuff/HorrorPuzzle/HorrorPuzzleGame/Content/DownloadedAssets/Tiffany_Lamp/tiffany_lamp/Materials/Material_54.uasset" 1318
"C:/Users/calli/OneDrive/Desktop/Game Dev Stuff/HorrorPuzzle/HorrorPuzzleGame/Content/DownloadedAssets/Tiffany_Lamp/tiffany_lamp/Materials/Material_54.uexp" 1319
"C:/Users/calli/OneDrive/Desktop/Game Dev Stuff/HorrorPuzzle/HorrorPuzzleGame/Content/DownloadedAssets/Tiffany_Lamp/tiffany_lamp/Materials/Material_55.uasset" 1320
"C:/Users/calli/OneDrive/Desktop/Game Dev Stuff/HorrorPuzzle/HorrorPuzzleGame/Content/DownloadedAssets/Tiffany_Lamp/tiffany_lamp/Materials/Material_55.uexp" 1321
"C:/Users/calli/OneDrive/Desktop/Game Dev Stuff/HorrorPuzzle/HorrorPuzzleGame/Content/DownloadedAssets/Tiffany_Lamp/tiffany_lamp/Materials/Material_56.uasset" 1322
"C:/Users/calli/OneDrive/Desktop/Game Dev Stuff/HorrorPuzzle/HorrorPuzzleGame/Content/DownloadedAssets/Tiffany_Lamp/tiffany_lamp/Materials/Material_56.uexp" 1323
"C:/Users/calli/OneDrive/Desktop/Game Dev Stuff/HorrorPuzzle/HorrorPuzzleGame/Content/DownloadedAssets/Tiffany_Lamp/tiffany_lamp/Textures/tiffany_lamp_texture_17.ubulk" 1324
"C:/Users/calli/OneDrive/Desktop/Game Dev Stuff/HorrorPuzzle/HorrorPuzzleGame/Content/DownloadedAssets/Tiffany_Lamp/tiffany_lamp/Textures/tiffany_lamp_texture_17.uasset" 1325
"C:/Users/calli/OneDrive/Desktop/Game Dev Stuff/HorrorPuzzle/HorrorPuzzleGame/Content/DownloadedAssets/Tiffany_Lamp/tiffany_lamp/Textures/tiffany_lamp_texture_17.uexp" 1326
"C:/Users/calli/OneDrive/Desktop/Game Dev Stuff/HorrorPuzzle/HorrorPuzzleGame/Content/DownloadedAssets/Tiffany_Lamp/tiffany_lamp/Materials/Material_57.uasset" 1327
"C:/Users/calli/OneDrive/Desktop/Game Dev Stuff/HorrorPuzzle/HorrorPuzzleGame/Content/DownloadedAssets/Tiffany_Lamp/tiffany_lamp/Materials/Material_57.uexp" 1328
"C:/Users/calli/OneDrive/Desktop/Game Dev Stuff/HorrorPuzzle/HorrorPuzzleGame/Content/DownloadedAssets/Tiffany_Lamp/tiffany_lamp/Textures/tiffany_lamp_texture_24.ubulk" 1329
"C:/Users/calli/OneDrive/Desktop/Game Dev Stuff/HorrorPuzzle/HorrorPuzzleGame/Content/DownloadedAssets/Tiffany_Lamp/tiffany_lamp/Textures/tiffany_lamp_texture_24.uasset" 1330
"C:/Users/calli/OneDrive/Desktop/Game Dev Stuff/HorrorPuzzle/HorrorPuzzleGame/Content/DownloadedAssets/Tiffany_Lamp/tiffany_lamp/Textures/tiffany_lamp_texture_24.uexp" 1331
"C:/Users/calli/OneDrive/Desktop/Game Dev Stuff/HorrorPuzzle/HorrorPuzzleGame/Content/DownloadedAssets/Tiffany_Lamp/tiffany_lamp/Materials/Color_A01.uasset" 1332
"C:/Users/calli/OneDrive/Desktop/Game Dev Stuff/HorrorPuzzle/HorrorPuzzleGame/Content/DownloadedAssets/Tiffany_Lamp/tiffany_lamp/Materials/Color_A01.uexp" 1333
"../../../Engine/Plugins/Interchange/Assets/Content/gltf/MaterialInstances/MI_Default_Blend_DS.uasset" 1334
"../../../Engine/Plugins/Interchange/Assets/Content/gltf/MaterialInstances/MI_Default_Blend_DS.uexp" 1335
"C:/Users/calli/OneDrive/Desktop/Game Dev Stuff/HorrorPuzzle/HorrorPuzzleGame/Content/DownloadedAssets/Tiffany_Lamp/tiffany_lamp/Textures/tiffany_lamp_texture_19.ubulk" 1336
"C:/Users/calli/OneDrive/Desktop/Game Dev Stuff/HorrorPuzzle/HorrorPuzzleGame/Content/DownloadedAssets/Tiffany_Lamp/tiffany_lamp/Textures/tiffany_lamp_texture_19.uasset" 1337
"C:/Users/calli/OneDrive/Desktop/Game Dev Stuff/HorrorPuzzle/HorrorPuzzleGame/Content/DownloadedAssets/Tiffany_Lamp/tiffany_lamp/Textures/tiffany_lamp_texture_19.uexp" 1338
"C:/Users/calli/OneDrive/Desktop/Game Dev Stuff/HorrorPuzzle/HorrorPuzzleGame/Content/DownloadedAssets/Tiffany_Lamp/tiffany_lamp/Textures/tiffany_lamp_texture_21.uasset" 1339
"C:/Users/calli/OneDrive/Desktop/Game Dev Stuff/HorrorPuzzle/HorrorPuzzleGame/Content/DownloadedAssets/Tiffany_Lamp/tiffany_lamp/Textures/tiffany_lamp_texture_21.uexp" 1340
"C:/Users/calli/OneDrive/Desktop/Game Dev Stuff/HorrorPuzzle/HorrorPuzzleGame/Content/DownloadedAssets/Tiffany_Lamp/tiffany_lamp/Materials/Color_A01_2.uasset" 1341
"C:/Users/calli/OneDrive/Desktop/Game Dev Stuff/HorrorPuzzle/HorrorPuzzleGame/Content/DownloadedAssets/Tiffany_Lamp/tiffany_lamp/Materials/Color_A01_2.uexp" 1342
"C:/Users/calli/OneDrive/Desktop/Game Dev Stuff/HorrorPuzzle/HorrorPuzzleGame/Content/DownloadedAssets/Tiffany_Lamp/tiffany_lamp/Textures/tiffany_lamp_texture_22.ubulk" 1343
"C:/Users/calli/OneDrive/Desktop/Game Dev Stuff/HorrorPuzzle/HorrorPuzzleGame/Content/DownloadedAssets/Tiffany_Lamp/tiffany_lamp/Textures/tiffany_lamp_texture_22.uasset" 1344
"C:/Users/calli/OneDrive/Desktop/Game Dev Stuff/HorrorPuzzle/HorrorPuzzleGame/Content/DownloadedAssets/Tiffany_Lamp/tiffany_lamp/Textures/tiffany_lamp_texture_22.uexp" 1345
"C:/Users/calli/OneDrive/Desktop/Game Dev Stuff/HorrorPuzzle/HorrorPuzzleGame/Content/DownloadedAssets/Tiffany_Lamp/tiffany_lamp/Materials/Color_A01_3.uasset" 1346
"C:/Users/calli/OneDrive/Desktop/Game Dev Stuff/HorrorPuzzle/HorrorPuzzleGame/Content/DownloadedAssets/Tiffany_Lamp/tiffany_lamp/Materials/Color_A01_3.uexp" 1347
"C:/Users/calli/OneDrive/Desktop/Game Dev Stuff/HorrorPuzzle/HorrorPuzzleGame/Content/DownloadedAssets/Tiffany_Lamp/tiffany_lamp/Textures/tiffany_lamp_texture_23.ubulk" 1348
"C:/Users/calli/OneDrive/Desktop/Game Dev Stuff/HorrorPuzzle/HorrorPuzzleGame/Content/DownloadedAssets/Tiffany_Lamp/tiffany_lamp/Textures/tiffany_lamp_texture_23.uasset" 1349
"C:/Users/calli/OneDrive/Desktop/Game Dev Stuff/HorrorPuzzle/HorrorPuzzleGame/Content/DownloadedAssets/Tiffany_Lamp/tiffany_lamp/Textures/tiffany_lamp_texture_23.uexp" 1350
"C:/Users/calli/OneDrive/Desktop/Game Dev Stuff/HorrorPuzzle/HorrorPuzzleGame/Content/DownloadedAssets/Tiffany_Lamp/tiffany_lamp/Materials/Color_A01_4.uasset" 1351
"C:/Users/calli/OneDrive/Desktop/Game Dev Stuff/HorrorPuzzle/HorrorPuzzleGame/Content/DownloadedAssets/Tiffany_Lamp/tiffany_lamp/Materials/Color_A01_4.uexp" 1352
"C:/Users/calli/OneDrive/Desktop/Game Dev Stuff/HorrorPuzzle/HorrorPuzzleGame/Content/DownloadedAssets/Tiffany_Lamp/tiffany_lamp/Textures/tiffany_lamp_texture_18.ubulk" 1353
"C:/Users/calli/OneDrive/Desktop/Game Dev Stuff/HorrorPuzzle/HorrorPuzzleGame/Content/DownloadedAssets/Tiffany_Lamp/tiffany_lamp/Textures/tiffany_lamp_texture_18.uasset" 1354
"C:/Users/calli/OneDrive/Desktop/Game Dev Stuff/HorrorPuzzle/HorrorPuzzleGame/Content/DownloadedAssets/Tiffany_Lamp/tiffany_lamp/Textures/tiffany_lamp_texture_18.uexp" 1355
"C:/Users/calli/OneDrive/Desktop/Game Dev Stuff/HorrorPuzzle/HorrorPuzzleGame/Content/DownloadedAssets/Tiffany_Lamp/tiffany_lamp/Materials/Color_A01_5.uasset" 1356
"C:/Users/calli/OneDrive/Desktop/Game Dev Stuff/HorrorPuzzle/HorrorPuzzleGame/Content/DownloadedAssets/Tiffany_Lamp/tiffany_lamp/Materials/Color_A01_5.uexp" 1357
"C:/Users/calli/OneDrive/Desktop/Game Dev Stuff/HorrorPuzzle/HorrorPuzzleGame/Content/DownloadedAssets/Tiffany_Lamp/tiffany_lamp/Textures/tiffany_lamp_texture_20.ubulk" 1358
"C:/Users/calli/OneDrive/Desktop/Game Dev Stuff/HorrorPuzzle/HorrorPuzzleGame/Content/DownloadedAssets/Tiffany_Lamp/tiffany_lamp/Textures/tiffany_lamp_texture_20.uasset" 1359
"C:/Users/calli/OneDrive/Desktop/Game Dev Stuff/HorrorPuzzle/HorrorPuzzleGame/Content/DownloadedAssets/Tiffany_Lamp/tiffany_lamp/Textures/tiffany_lamp_texture_20.uexp" 1360
"C:/Users/calli/OneDrive/Desktop/Game Dev Stuff/HorrorPuzzle/HorrorPuzzleGame/Content/DownloadedAssets/Tiffany_Lamp/tiffany_lamp/Materials/Color_A01_6.uasset" 1361
"C:/Users/calli/OneDrive/Desktop/Game Dev Stuff/HorrorPuzzle/HorrorPuzzleGame/Content/DownloadedAssets/Tiffany_Lamp/tiffany_lamp/Materials/Color_A01_6.uexp" 1362
"C:/Users/calli/OneDrive/Desktop/Game Dev Stuff/HorrorPuzzle/HorrorPuzzleGame/Content/DownloadedAssets/Tiffany_Lamp/tiffany_lamp/Textures/tiffany_lamp_texture_33.ubulk" 1363
"C:/Users/calli/OneDrive/Desktop/Game Dev Stuff/HorrorPuzzle/HorrorPuzzleGame/Content/DownloadedAssets/Tiffany_Lamp/tiffany_lamp/Textures/tiffany_lamp_texture_33.uasset" 1364
"C:/Users/calli/OneDrive/Desktop/Game Dev Stuff/HorrorPuzzle/HorrorPuzzleGame/Content/DownloadedAssets/Tiffany_Lamp/tiffany_lamp/Textures/tiffany_lamp_texture_33.uexp" 1365
"C:/Users/calli/OneDrive/Desktop/Game Dev Stuff/HorrorPuzzle/HorrorPuzzleGame/Content/DownloadedAssets/Tiffany_Lamp/tiffany_lamp/Materials/Color_A01_7.uasset" 1366
"C:/Users/calli/OneDrive/Desktop/Game Dev Stuff/HorrorPuzzle/HorrorPuzzleGame/Content/DownloadedAssets/Tiffany_Lamp/tiffany_lamp/Materials/Color_A01_7.uexp" 1367
"C:/Users/calli/OneDrive/Desktop/Game Dev Stuff/HorrorPuzzle/HorrorPuzzleGame/Content/DownloadedAssets/Tiffany_Lamp/tiffany_lamp/Textures/tiffany_lamp_texture_28.ubulk" 1368
"C:/Users/calli/OneDrive/Desktop/Game Dev Stuff/HorrorPuzzle/HorrorPuzzleGame/Content/DownloadedAssets/Tiffany_Lamp/tiffany_lamp/Textures/tiffany_lamp_texture_28.uasset" 1369
"C:/Users/calli/OneDrive/Desktop/Game Dev Stuff/HorrorPuzzle/HorrorPuzzleGame/Content/DownloadedAssets/Tiffany_Lamp/tiffany_lamp/Textures/tiffany_lamp_texture_28.uexp" 1370
"C:/Users/calli/OneDrive/Desktop/Game Dev Stuff/HorrorPuzzle/HorrorPuzzleGame/Content/DownloadedAssets/Tiffany_Lamp/tiffany_lamp/Materials/Color_A01_8.uasset" 1371
"C:/Users/calli/OneDrive/Desktop/Game Dev Stuff/HorrorPuzzle/HorrorPuzzleGame/Content/DownloadedAssets/Tiffany_Lamp/tiffany_lamp/Materials/Color_A01_8.uexp" 1372
"C:/Users/calli/OneDrive/Desktop/Game Dev Stuff/HorrorPuzzle/HorrorPuzzleGame/Content/DownloadedAssets/Tiffany_Lamp/tiffany_lamp/Textures/tiffany_lamp_texture_34.ubulk" 1373
"C:/Users/calli/OneDrive/Desktop/Game Dev Stuff/HorrorPuzzle/HorrorPuzzleGame/Content/DownloadedAssets/Tiffany_Lamp/tiffany_lamp/Textures/tiffany_lamp_texture_34.uasset" 1374
"C:/Users/calli/OneDrive/Desktop/Game Dev Stuff/HorrorPuzzle/HorrorPuzzleGame/Content/DownloadedAssets/Tiffany_Lamp/tiffany_lamp/Textures/tiffany_lamp_texture_34.uexp" 1375
"C:/Users/calli/OneDrive/Desktop/Game Dev Stuff/HorrorPuzzle/HorrorPuzzleGame/Content/DownloadedAssets/Tiffany_Lamp/tiffany_lamp/Materials/Color_A01_9.uasset" 1376
"C:/Users/calli/OneDrive/Desktop/Game Dev Stuff/HorrorPuzzle/HorrorPuzzleGame/Content/DownloadedAssets/Tiffany_Lamp/tiffany_lamp/Materials/Color_A01_9.uexp" 1377
"C:/Users/calli/OneDrive/Desktop/Game Dev Stuff/HorrorPuzzle/HorrorPuzzleGame/Content/DownloadedAssets/Tiffany_Lamp/tiffany_lamp/Textures/tiffany_lamp_texture_32.uasset" 1378
"C:/Users/calli/OneDrive/Desktop/Game Dev Stuff/HorrorPuzzle/HorrorPuzzleGame/Content/DownloadedAssets/Tiffany_Lamp/tiffany_lamp/Textures/tiffany_lamp_texture_32.uexp" 1379
"C:/Users/calli/OneDrive/Desktop/Game Dev Stuff/HorrorPuzzle/HorrorPuzzleGame/Content/DownloadedAssets/Tiffany_Lamp/tiffany_lamp/Materials/Color_A01_10.uasset" 1380
"C:/Users/calli/OneDrive/Desktop/Game Dev Stuff/HorrorPuzzle/HorrorPuzzleGame/Content/DownloadedAssets/Tiffany_Lamp/tiffany_lamp/Materials/Color_A01_10.uexp" 1381
"C:/Users/calli/OneDrive/Desktop/Game Dev Stuff/HorrorPuzzle/HorrorPuzzleGame/Content/DownloadedAssets/Tiffany_Lamp/tiffany_lamp/Textures/tiffany_lamp_texture_31.ubulk" 1382
"C:/Users/calli/OneDrive/Desktop/Game Dev Stuff/HorrorPuzzle/HorrorPuzzleGame/Content/DownloadedAssets/Tiffany_Lamp/tiffany_lamp/Textures/tiffany_lamp_texture_31.uasset" 1383
"C:/Users/calli/OneDrive/Desktop/Game Dev Stuff/HorrorPuzzle/HorrorPuzzleGame/Content/DownloadedAssets/Tiffany_Lamp/tiffany_lamp/Textures/tiffany_lamp_texture_31.uexp" 1384
"C:/Users/calli/OneDrive/Desktop/Game Dev Stuff/HorrorPuzzle/HorrorPuzzleGame/Content/DownloadedAssets/Tiffany_Lamp/tiffany_lamp/Materials/Color_A01_11.uasset" 1385
"C:/Users/calli/OneDrive/Desktop/Game Dev Stuff/HorrorPuzzle/HorrorPuzzleGame/Content/DownloadedAssets/Tiffany_Lamp/tiffany_lamp/Materials/Color_A01_11.uexp" 1386
"C:/Users/calli/OneDrive/Desktop/Game Dev Stuff/HorrorPuzzle/HorrorPuzzleGame/Content/DownloadedAssets/Tiffany_Lamp/tiffany_lamp/Textures/tiffany_lamp_texture_26.ubulk" 1387
"C:/Users/calli/OneDrive/Desktop/Game Dev Stuff/HorrorPuzzle/HorrorPuzzleGame/Content/DownloadedAssets/Tiffany_Lamp/tiffany_lamp/Textures/tiffany_lamp_texture_26.uasset" 1388
"C:/Users/calli/OneDrive/Desktop/Game Dev Stuff/HorrorPuzzle/HorrorPuzzleGame/Content/DownloadedAssets/Tiffany_Lamp/tiffany_lamp/Textures/tiffany_lamp_texture_26.uexp" 1389
"C:/Users/calli/OneDrive/Desktop/Game Dev Stuff/HorrorPuzzle/HorrorPuzzleGame/Content/DownloadedAssets/Tiffany_Lamp/tiffany_lamp/Materials/Color_A01_12.uasset" 1390
"C:/Users/calli/OneDrive/Desktop/Game Dev Stuff/HorrorPuzzle/HorrorPuzzleGame/Content/DownloadedAssets/Tiffany_Lamp/tiffany_lamp/Materials/Color_A01_12.uexp" 1391
"C:/Users/calli/OneDrive/Desktop/Game Dev Stuff/HorrorPuzzle/HorrorPuzzleGame/Content/DownloadedAssets/Tiffany_Lamp/tiffany_lamp/Textures/tiffany_lamp_texture_25.ubulk" 1392
"C:/Users/calli/OneDrive/Desktop/Game Dev Stuff/HorrorPuzzle/HorrorPuzzleGame/Content/DownloadedAssets/Tiffany_Lamp/tiffany_lamp/Textures/tiffany_lamp_texture_25.uasset" 1393
"C:/Users/calli/OneDrive/Desktop/Game Dev Stuff/HorrorPuzzle/HorrorPuzzleGame/Content/DownloadedAssets/Tiffany_Lamp/tiffany_lamp/Textures/tiffany_lamp_texture_25.uexp" 1394
"C:/Users/calli/OneDrive/Desktop/Game Dev Stuff/HorrorPuzzle/HorrorPuzzleGame/Content/DownloadedAssets/Tiffany_Lamp/tiffany_lamp/Materials/Color_A01_13.uasset" 1395
"C:/Users/calli/OneDrive/Desktop/Game Dev Stuff/HorrorPuzzle/HorrorPuzzleGame/Content/DownloadedAssets/Tiffany_Lamp/tiffany_lamp/Materials/Color_A01_13.uexp" 1396
"C:/Users/calli/OneDrive/Desktop/Game Dev Stuff/HorrorPuzzle/HorrorPuzzleGame/Content/DownloadedAssets/Tiffany_Lamp/tiffany_lamp/Textures/tiffany_lamp_texture_27.ubulk" 1397
"C:/Users/calli/OneDrive/Desktop/Game Dev Stuff/HorrorPuzzle/HorrorPuzzleGame/Content/DownloadedAssets/Tiffany_Lamp/tiffany_lamp/Textures/tiffany_lamp_texture_27.uasset" 1398
"C:/Users/calli/OneDrive/Desktop/Game Dev Stuff/HorrorPuzzle/HorrorPuzzleGame/Content/DownloadedAssets/Tiffany_Lamp/tiffany_lamp/Textures/tiffany_lamp_texture_27.uexp" 1399
"C:/Users/calli/OneDrive/Desktop/Game Dev Stuff/HorrorPuzzle/HorrorPuzzleGame/Content/DownloadedAssets/Tiffany_Lamp/tiffany_lamp/Materials/Color_A01_14.uasset" 1400
"C:/Users/calli/OneDrive/Desktop/Game Dev Stuff/HorrorPuzzle/HorrorPuzzleGame/Content/DownloadedAssets/Tiffany_Lamp/tiffany_lamp/Materials/Color_A01_14.uexp" 1401
"C:/Users/calli/OneDrive/Desktop/Game Dev Stuff/HorrorPuzzle/HorrorPuzzleGame/Content/DownloadedAssets/Tiffany_Lamp/tiffany_lamp/Textures/tiffany_lamp_texture_30.uasset" 1402
"C:/Users/calli/OneDrive/Desktop/Game Dev Stuff/HorrorPuzzle/HorrorPuzzleGame/Content/DownloadedAssets/Tiffany_Lamp/tiffany_lamp/Textures/tiffany_lamp_texture_30.uexp" 1403
"C:/Users/calli/OneDrive/Desktop/Game Dev Stuff/HorrorPuzzle/HorrorPuzzleGame/Content/DownloadedAssets/Tiffany_Lamp/tiffany_lamp/Materials/Color_A01_15.uasset" 1404
"C:/Users/calli/OneDrive/Desktop/Game Dev Stuff/HorrorPuzzle/HorrorPuzzleGame/Content/DownloadedAssets/Tiffany_Lamp/tiffany_lamp/Materials/Color_A01_15.uexp" 1405
"C:/Users/calli/OneDrive/Desktop/Game Dev Stuff/HorrorPuzzle/HorrorPuzzleGame/Content/DownloadedAssets/Tiffany_Lamp/tiffany_lamp/Textures/tiffany_lamp_texture_35.ubulk" 1406
"C:/Users/calli/OneDrive/Desktop/Game Dev Stuff/HorrorPuzzle/HorrorPuzzleGame/Content/DownloadedAssets/Tiffany_Lamp/tiffany_lamp/Textures/tiffany_lamp_texture_35.uasset" 1407
"C:/Users/calli/OneDrive/Desktop/Game Dev Stuff/HorrorPuzzle/HorrorPuzzleGame/Content/DownloadedAssets/Tiffany_Lamp/tiffany_lamp/Textures/tiffany_lamp_texture_35.uexp" 1408
"C:/Users/calli/OneDrive/Desktop/Game Dev Stuff/HorrorPuzzle/HorrorPuzzleGame/Content/DownloadedAssets/Tiffany_Lamp/tiffany_lamp/Materials/Color_A01_16.uasset" 1409
"C:/Users/calli/OneDrive/Desktop/Game Dev Stuff/HorrorPuzzle/HorrorPuzzleGame/Content/DownloadedAssets/Tiffany_Lamp/tiffany_lamp/Materials/Color_A01_16.uexp" 1410
"C:/Users/calli/OneDrive/Desktop/Game Dev Stuff/HorrorPuzzle/HorrorPuzzleGame/Content/DownloadedAssets/Tiffany_Lamp/tiffany_lamp/Textures/tiffany_lamp_texture_37.ubulk" 1411
"C:/Users/calli/OneDrive/Desktop/Game Dev Stuff/HorrorPuzzle/HorrorPuzzleGame/Content/DownloadedAssets/Tiffany_Lamp/tiffany_lamp/Textures/tiffany_lamp_texture_37.uasset" 1412
"C:/Users/calli/OneDrive/Desktop/Game Dev Stuff/HorrorPuzzle/HorrorPuzzleGame/Content/DownloadedAssets/Tiffany_Lamp/tiffany_lamp/Textures/tiffany_lamp_texture_37.uexp" 1413
"C:/Users/calli/OneDrive/Desktop/Game Dev Stuff/HorrorPuzzle/HorrorPuzzleGame/Content/DownloadedAssets/Tiffany_Lamp/tiffany_lamp/Materials/Color_A01_17.uasset" 1414
"C:/Users/calli/OneDrive/Desktop/Game Dev Stuff/HorrorPuzzle/HorrorPuzzleGame/Content/DownloadedAssets/Tiffany_Lamp/tiffany_lamp/Materials/Color_A01_17.uexp" 1415
"C:/Users/calli/OneDrive/Desktop/Game Dev Stuff/HorrorPuzzle/HorrorPuzzleGame/Content/DownloadedAssets/Tiffany_Lamp/tiffany_lamp/Textures/tiffany_lamp_texture_36.ubulk" 1416
"C:/Users/calli/OneDrive/Desktop/Game Dev Stuff/HorrorPuzzle/HorrorPuzzleGame/Content/DownloadedAssets/Tiffany_Lamp/tiffany_lamp/Textures/tiffany_lamp_texture_36.uasset" 1417
"C:/Users/calli/OneDrive/Desktop/Game Dev Stuff/HorrorPuzzle/HorrorPuzzleGame/Content/DownloadedAssets/Tiffany_Lamp/tiffany_lamp/Textures/tiffany_lamp_texture_36.uexp" 1418
"C:/Users/calli/OneDrive/Desktop/Game Dev Stuff/HorrorPuzzle/HorrorPuzzleGame/Content/DownloadedAssets/Tiffany_Lamp/tiffany_lamp/Materials/Color_A01_18.uasset" 1419
"C:/Users/calli/OneDrive/Desktop/Game Dev Stuff/HorrorPuzzle/HorrorPuzzleGame/Content/DownloadedAssets/Tiffany_Lamp/tiffany_lamp/Materials/Color_A01_18.uexp" 1420
"C:/Users/calli/OneDrive/Desktop/Game Dev Stuff/HorrorPuzzle/HorrorPuzzleGame/Content/DownloadedAssets/Tiffany_Lamp/tiffany_lamp/Textures/tiffany_lamp_texture_38.ubulk" 1421
"C:/Users/calli/OneDrive/Desktop/Game Dev Stuff/HorrorPuzzle/HorrorPuzzleGame/Content/DownloadedAssets/Tiffany_Lamp/tiffany_lamp/Textures/tiffany_lamp_texture_38.uasset" 1422
"C:/Users/calli/OneDrive/Desktop/Game Dev Stuff/HorrorPuzzle/HorrorPuzzleGame/Content/DownloadedAssets/Tiffany_Lamp/tiffany_lamp/Textures/tiffany_lamp_texture_38.uexp" 1423
"C:/Users/calli/OneDrive/Desktop/Game Dev Stuff/HorrorPuzzle/HorrorPuzzleGame/Content/DownloadedAssets/Tiffany_Lamp/tiffany_lamp/Materials/Color_A01_19.uasset" 1424
"C:/Users/calli/OneDrive/Desktop/Game Dev Stuff/HorrorPuzzle/HorrorPuzzleGame/Content/DownloadedAssets/Tiffany_Lamp/tiffany_lamp/Materials/Color_A01_19.uexp" 1425
"C:/Users/calli/OneDrive/Desktop/Game Dev Stuff/HorrorPuzzle/HorrorPuzzleGame/Content/DownloadedAssets/Tiffany_Lamp/tiffany_lamp/Textures/tiffany_lamp_texture_29.ubulk" 1426
"C:/Users/calli/OneDrive/Desktop/Game Dev Stuff/HorrorPuzzle/HorrorPuzzleGame/Content/DownloadedAssets/Tiffany_Lamp/tiffany_lamp/Textures/tiffany_lamp_texture_29.uasset" 1427
"C:/Users/calli/OneDrive/Desktop/Game Dev Stuff/HorrorPuzzle/HorrorPuzzleGame/Content/DownloadedAssets/Tiffany_Lamp/tiffany_lamp/Textures/tiffany_lamp_texture_29.uexp" 1428
"C:/Users/calli/OneDrive/Desktop/Game Dev Stuff/HorrorPuzzle/HorrorPuzzleGame/Content/DownloadedAssets/Tiffany_Lamp/tiffany_lamp/Materials/Color_A01_20.uasset" 1429
"C:/Users/calli/OneDrive/Desktop/Game Dev Stuff/HorrorPuzzle/HorrorPuzzleGame/Content/DownloadedAssets/Tiffany_Lamp/tiffany_lamp/Materials/Color_A01_20.uexp" 1430
"C:/Users/calli/OneDrive/Desktop/Game Dev Stuff/HorrorPuzzle/HorrorPuzzleGame/Content/DownloadedAssets/Tiffany_Lamp/tiffany_lamp/Textures/tiffany_lamp_texture_3.ubulk" 1431
"C:/Users/calli/OneDrive/Desktop/Game Dev Stuff/HorrorPuzzle/HorrorPuzzleGame/Content/DownloadedAssets/Tiffany_Lamp/tiffany_lamp/Textures/tiffany_lamp_texture_3.uasset" 1432
"C:/Users/calli/OneDrive/Desktop/Game Dev Stuff/HorrorPuzzle/HorrorPuzzleGame/Content/DownloadedAssets/Tiffany_Lamp/tiffany_lamp/Textures/tiffany_lamp_texture_3.uexp" 1433
"C:/Users/calli/OneDrive/Desktop/Game Dev Stuff/HorrorPuzzle/HorrorPuzzleGame/Content/DownloadedAssets/Tiffany_Lamp/tiffany_lamp/Materials/Color_H01.uasset" 1434
"C:/Users/calli/OneDrive/Desktop/Game Dev Stuff/HorrorPuzzle/HorrorPuzzleGame/Content/DownloadedAssets/Tiffany_Lamp/tiffany_lamp/Materials/Color_H01.uexp" 1435
"C:/Users/calli/OneDrive/Desktop/Game Dev Stuff/HorrorPuzzle/HorrorPuzzleGame/Content/DownloadedAssets/Tiffany_Lamp/tiffany_lamp/Materials/Color_M081.uasset" 1436
"C:/Users/calli/OneDrive/Desktop/Game Dev Stuff/HorrorPuzzle/HorrorPuzzleGame/Content/DownloadedAssets/Tiffany_Lamp/tiffany_lamp/Materials/Color_M081.uexp" 1437
"C:/Users/calli/OneDrive/Desktop/Game Dev Stuff/HorrorPuzzle/HorrorPuzzleGame/Content/DownloadedAssets/Tiffany_Lamp/tiffany_lamp/Materials/DefaultMaterial1.uasset" 1438
"C:/Users/calli/OneDrive/Desktop/Game Dev Stuff/HorrorPuzzle/HorrorPuzzleGame/Content/DownloadedAssets/Tiffany_Lamp/tiffany_lamp/Materials/DefaultMaterial1.uexp" 1439
"C:/Users/calli/OneDrive/Desktop/Game Dev Stuff/HorrorPuzzle/HorrorPuzzleGame/Content/DownloadedAssets/Tiffany_Lamp/tiffany_lamp/StaticMeshes/tiffany_lamp.ubulk" 1440
"C:/Users/calli/OneDrive/Desktop/Game Dev Stuff/HorrorPuzzle/HorrorPuzzleGame/Content/DownloadedAssets/Tiffany_Lamp/tiffany_lamp/StaticMeshes/tiffany_lamp.uasset" 1441
"C:/Users/calli/OneDrive/Desktop/Game Dev Stuff/HorrorPuzzle/HorrorPuzzleGame/Content/DownloadedAssets/Tiffany_Lamp/tiffany_lamp/StaticMeshes/tiffany_lamp.uexp" 1442
"C:/Users/calli/OneDrive/Desktop/Game Dev Stuff/HorrorPuzzle/HorrorPuzzleGame/Content/DownloadedAssets/OldFurniturePack_01/Textures/T_WoodenShelf_04_roughness.ubulk" 1443
"C:/Users/calli/OneDrive/Desktop/Game Dev Stuff/HorrorPuzzle/HorrorPuzzleGame/Content/DownloadedAssets/OldFurniturePack_01/Textures/T_WoodenShelf_04_roughness.uasset" 1444
"C:/Users/calli/OneDrive/Desktop/Game Dev Stuff/HorrorPuzzle/HorrorPuzzleGame/Content/DownloadedAssets/OldFurniturePack_01/Textures/T_WoodenShelf_04_roughness.uexp" 1445
"C:/Users/calli/OneDrive/Desktop/Game Dev Stuff/HorrorPuzzle/HorrorPuzzleGame/Content/DownloadedAssets/OldFurniturePack_01/Textures/T_WoodenShelf_04_normal.ubulk" 1446
"C:/Users/calli/OneDrive/Desktop/Game Dev Stuff/HorrorPuzzle/HorrorPuzzleGame/Content/DownloadedAssets/OldFurniturePack_01/Textures/T_WoodenShelf_04_normal.uasset" 1447
"C:/Users/calli/OneDrive/Desktop/Game Dev Stuff/HorrorPuzzle/HorrorPuzzleGame/Content/DownloadedAssets/OldFurniturePack_01/Textures/T_WoodenShelf_04_normal.uexp" 1448
"C:/Users/calli/OneDrive/Desktop/Game Dev Stuff/HorrorPuzzle/HorrorPuzzleGame/Content/DownloadedAssets/OldFurniturePack_01/Textures/T_WoodenShelf_04_diffuse.ubulk" 1449
"C:/Users/calli/OneDrive/Desktop/Game Dev Stuff/HorrorPuzzle/HorrorPuzzleGame/Content/DownloadedAssets/OldFurniturePack_01/Textures/T_WoodenShelf_04_diffuse.uasset" 1450
"C:/Users/calli/OneDrive/Desktop/Game Dev Stuff/HorrorPuzzle/HorrorPuzzleGame/Content/DownloadedAssets/OldFurniturePack_01/Textures/T_WoodenShelf_04_diffuse.uexp" 1451
"C:/Users/calli/OneDrive/Desktop/Game Dev Stuff/HorrorPuzzle/HorrorPuzzleGame/Content/DownloadedAssets/OldFurniturePack_01/Textures/T_CabinetParts_roughness.ubulk" 1452
"C:/Users/calli/OneDrive/Desktop/Game Dev Stuff/HorrorPuzzle/HorrorPuzzleGame/Content/DownloadedAssets/OldFurniturePack_01/Textures/T_CabinetParts_roughness.uasset" 1453
"C:/Users/calli/OneDrive/Desktop/Game Dev Stuff/HorrorPuzzle/HorrorPuzzleGame/Content/DownloadedAssets/OldFurniturePack_01/Textures/T_CabinetParts_roughness.uexp" 1454
"C:/Users/calli/OneDrive/Desktop/Game Dev Stuff/HorrorPuzzle/HorrorPuzzleGame/Content/DownloadedAssets/OldFurniturePack_01/Textures/T_CabinetParts_normal.ubulk" 1455
"C:/Users/calli/OneDrive/Desktop/Game Dev Stuff/HorrorPuzzle/HorrorPuzzleGame/Content/DownloadedAssets/OldFurniturePack_01/Textures/T_CabinetParts_normal.uasset" 1456
"C:/Users/calli/OneDrive/Desktop/Game Dev Stuff/HorrorPuzzle/HorrorPuzzleGame/Content/DownloadedAssets/OldFurniturePack_01/Textures/T_CabinetParts_normal.uexp" 1457
"C:/Users/calli/OneDrive/Desktop/Game Dev Stuff/HorrorPuzzle/HorrorPuzzleGame/Content/DownloadedAssets/OldFurniturePack_01/Textures/T_CabinetParts_metallic.ubulk" 1458
"C:/Users/calli/OneDrive/Desktop/Game Dev Stuff/HorrorPuzzle/HorrorPuzzleGame/Content/DownloadedAssets/OldFurniturePack_01/Textures/T_CabinetParts_metallic.uasset" 1459
"C:/Users/calli/OneDrive/Desktop/Game Dev Stuff/HorrorPuzzle/HorrorPuzzleGame/Content/DownloadedAssets/OldFurniturePack_01/Textures/T_CabinetParts_metallic.uexp" 1460
"C:/Users/calli/OneDrive/Desktop/Game Dev Stuff/HorrorPuzzle/HorrorPuzzleGame/Content/DownloadedAssets/OldFurniturePack_01/Textures/T_CabinetParts_diffuse.ubulk" 1461
"C:/Users/calli/OneDrive/Desktop/Game Dev Stuff/HorrorPuzzle/HorrorPuzzleGame/Content/DownloadedAssets/OldFurniturePack_01/Textures/T_CabinetParts_diffuse.uasset" 1462
"C:/Users/calli/OneDrive/Desktop/Game Dev Stuff/HorrorPuzzle/HorrorPuzzleGame/Content/DownloadedAssets/OldFurniturePack_01/Textures/T_CabinetParts_diffuse.uexp" 1463
"C:/Users/calli/OneDrive/Desktop/Game Dev Stuff/HorrorPuzzle/HorrorPuzzleGame/Content/DownloadedAssets/OldFurniturePack_01/Materials/M_MasterMaterial.uasset" 1464
"C:/Users/calli/OneDrive/Desktop/Game Dev Stuff/HorrorPuzzle/HorrorPuzzleGame/Content/DownloadedAssets/OldFurniturePack_01/Materials/M_MasterMaterial.uexp" 1465
"C:/Users/calli/OneDrive/Desktop/Game Dev Stuff/HorrorPuzzle/HorrorPuzzleGame/Content/DownloadedAssets/OldFurniturePack_01/Materials/MI_WoodenShelf_04.uasset" 1466
"C:/Users/calli/OneDrive/Desktop/Game Dev Stuff/HorrorPuzzle/HorrorPuzzleGame/Content/DownloadedAssets/OldFurniturePack_01/Materials/MI_WoodenShelf_04.uexp" 1467
"C:/Users/calli/OneDrive/Desktop/Game Dev Stuff/HorrorPuzzle/HorrorPuzzleGame/Content/DownloadedAssets/OldFurniturePack_01/Meshes/SM_WoodenShelf_04.ubulk" 1468
"C:/Users/calli/OneDrive/Desktop/Game Dev Stuff/HorrorPuzzle/HorrorPuzzleGame/Content/DownloadedAssets/OldFurniturePack_01/Meshes/SM_WoodenShelf_04.uasset" 1469
"C:/Users/calli/OneDrive/Desktop/Game Dev Stuff/HorrorPuzzle/HorrorPuzzleGame/Content/DownloadedAssets/OldFurniturePack_01/Meshes/SM_WoodenShelf_04.uexp" 1470
"C:/Users/calli/OneDrive/Desktop/Game Dev Stuff/HorrorPuzzle/HorrorPuzzleGame/Content/DownloadedAssets/OldFurniturePack_01/Textures/T_WoodenShelf_03_roughness.ubulk" 1471
"C:/Users/calli/OneDrive/Desktop/Game Dev Stuff/HorrorPuzzle/HorrorPuzzleGame/Content/DownloadedAssets/OldFurniturePack_01/Textures/T_WoodenShelf_03_roughness.uasset" 1472
"C:/Users/calli/OneDrive/Desktop/Game Dev Stuff/HorrorPuzzle/HorrorPuzzleGame/Content/DownloadedAssets/OldFurniturePack_01/Textures/T_WoodenShelf_03_roughness.uexp" 1473
"C:/Users/calli/OneDrive/Desktop/Game Dev Stuff/HorrorPuzzle/HorrorPuzzleGame/Content/DownloadedAssets/OldFurniturePack_01/Textures/T_WoodenShelf_03_normal.ubulk" 1474
"C:/Users/calli/OneDrive/Desktop/Game Dev Stuff/HorrorPuzzle/HorrorPuzzleGame/Content/DownloadedAssets/OldFurniturePack_01/Textures/T_WoodenShelf_03_normal.uasset" 1475
"C:/Users/calli/OneDrive/Desktop/Game Dev Stuff/HorrorPuzzle/HorrorPuzzleGame/Content/DownloadedAssets/OldFurniturePack_01/Textures/T_WoodenShelf_03_normal.uexp" 1476
"C:/Users/calli/OneDrive/Desktop/Game Dev Stuff/HorrorPuzzle/HorrorPuzzleGame/Content/DownloadedAssets/OldFurniturePack_01/Textures/T_WoodenShelf_03_metallic.ubulk" 1477
"C:/Users/calli/OneDrive/Desktop/Game Dev Stuff/HorrorPuzzle/HorrorPuzzleGame/Content/DownloadedAssets/OldFurniturePack_01/Textures/T_WoodenShelf_03_metallic.uasset" 1478
"C:/Users/calli/OneDrive/Desktop/Game Dev Stuff/HorrorPuzzle/HorrorPuzzleGame/Content/DownloadedAssets/OldFurniturePack_01/Textures/T_WoodenShelf_03_metallic.uexp" 1479
"C:/Users/calli/OneDrive/Desktop/Game Dev Stuff/HorrorPuzzle/HorrorPuzzleGame/Content/DownloadedAssets/OldFurniturePack_01/Textures/T_WoodenShelf_03_diffuse.ubulk" 1480
"C:/Users/calli/OneDrive/Desktop/Game Dev Stuff/HorrorPuzzle/HorrorPuzzleGame/Content/DownloadedAssets/OldFurniturePack_01/Textures/T_WoodenShelf_03_diffuse.uasset" 1481
"C:/Users/calli/OneDrive/Desktop/Game Dev Stuff/HorrorPuzzle/HorrorPuzzleGame/Content/DownloadedAssets/OldFurniturePack_01/Textures/T_WoodenShelf_03_diffuse.uexp" 1482
"C:/Users/calli/OneDrive/Desktop/Game Dev Stuff/HorrorPuzzle/HorrorPuzzleGame/Content/DownloadedAssets/OldFurniturePack_01/Materials/MI_WoodenShelf_03.uasset" 1483
"C:/Users/calli/OneDrive/Desktop/Game Dev Stuff/HorrorPuzzle/HorrorPuzzleGame/Content/DownloadedAssets/OldFurniturePack_01/Materials/MI_WoodenShelf_03.uexp" 1484
"C:/Users/calli/OneDrive/Desktop/Game Dev Stuff/HorrorPuzzle/HorrorPuzzleGame/Content/DownloadedAssets/OldFurniturePack_01/Meshes/SM_WoodenShelf_03.ubulk" 1485
"C:/Users/calli/OneDrive/Desktop/Game Dev Stuff/HorrorPuzzle/HorrorPuzzleGame/Content/DownloadedAssets/OldFurniturePack_01/Meshes/SM_WoodenShelf_03.uasset" 1486
"C:/Users/calli/OneDrive/Desktop/Game Dev Stuff/HorrorPuzzle/HorrorPuzzleGame/Content/DownloadedAssets/OldFurniturePack_01/Meshes/SM_WoodenShelf_03.uexp" 1487
"C:/Users/calli/OneDrive/Desktop/Game Dev Stuff/HorrorPuzzle/HorrorPuzzleGame/Content/DownloadedAssets/OldFurniturePack_01/Textures/T_TableAndChair_02_roughness.ubulk" 1488
"C:/Users/calli/OneDrive/Desktop/Game Dev Stuff/HorrorPuzzle/HorrorPuzzleGame/Content/DownloadedAssets/OldFurniturePack_01/Textures/T_TableAndChair_02_roughness.uasset" 1489
"C:/Users/calli/OneDrive/Desktop/Game Dev Stuff/HorrorPuzzle/HorrorPuzzleGame/Content/DownloadedAssets/OldFurniturePack_01/Textures/T_TableAndChair_02_roughness.uexp" 1490
"C:/Users/calli/OneDrive/Desktop/Game Dev Stuff/HorrorPuzzle/HorrorPuzzleGame/Content/DownloadedAssets/OldFurniturePack_01/Textures/T_TableAndChair_02_normal.ubulk" 1491
"C:/Users/calli/OneDrive/Desktop/Game Dev Stuff/HorrorPuzzle/HorrorPuzzleGame/Content/DownloadedAssets/OldFurniturePack_01/Textures/T_TableAndChair_02_normal.uasset" 1492
"C:/Users/calli/OneDrive/Desktop/Game Dev Stuff/HorrorPuzzle/HorrorPuzzleGame/Content/DownloadedAssets/OldFurniturePack_01/Textures/T_TableAndChair_02_normal.uexp" 1493
"C:/Users/calli/OneDrive/Desktop/Game Dev Stuff/HorrorPuzzle/HorrorPuzzleGame/Content/DownloadedAssets/OldFurniturePack_01/Textures/T_TableAndChair_02_diffuse.ubulk" 1494
"C:/Users/calli/OneDrive/Desktop/Game Dev Stuff/HorrorPuzzle/HorrorPuzzleGame/Content/DownloadedAssets/OldFurniturePack_01/Textures/T_TableAndChair_02_diffuse.uasset" 1495
"C:/Users/calli/OneDrive/Desktop/Game Dev Stuff/HorrorPuzzle/HorrorPuzzleGame/Content/DownloadedAssets/OldFurniturePack_01/Textures/T_TableAndChair_02_diffuse.uexp" 1496
"C:/Users/calli/OneDrive/Desktop/Game Dev Stuff/HorrorPuzzle/HorrorPuzzleGame/Content/DownloadedAssets/OldFurniturePack_01/Materials/MI_TableAndChair_02.uasset" 1497
"C:/Users/calli/OneDrive/Desktop/Game Dev Stuff/HorrorPuzzle/HorrorPuzzleGame/Content/DownloadedAssets/OldFurniturePack_01/Materials/MI_TableAndChair_02.uexp" 1498
"C:/Users/calli/OneDrive/Desktop/Game Dev Stuff/HorrorPuzzle/HorrorPuzzleGame/Content/DownloadedAssets/OldFurniturePack_01/Meshes/SM_Table_02.ubulk" 1499
"C:/Users/calli/OneDrive/Desktop/Game Dev Stuff/HorrorPuzzle/HorrorPuzzleGame/Content/DownloadedAssets/OldFurniturePack_01/Meshes/SM_Table_02.uasset" 1500
"C:/Users/calli/OneDrive/Desktop/Game Dev Stuff/HorrorPuzzle/HorrorPuzzleGame/Content/DownloadedAssets/OldFurniturePack_01/Meshes/SM_Table_02.uexp" 1501
"C:/Users/calli/OneDrive/Desktop/Game Dev Stuff/HorrorPuzzle/HorrorPuzzleGame/Content/DownloadedAssets/OldFurniturePack_01/Textures/T_Couch_roughness.ubulk" 1502
"C:/Users/calli/OneDrive/Desktop/Game Dev Stuff/HorrorPuzzle/HorrorPuzzleGame/Content/DownloadedAssets/OldFurniturePack_01/Textures/T_Couch_roughness.uasset" 1503
"C:/Users/calli/OneDrive/Desktop/Game Dev Stuff/HorrorPuzzle/HorrorPuzzleGame/Content/DownloadedAssets/OldFurniturePack_01/Textures/T_Couch_roughness.uexp" 1504
"C:/Users/calli/OneDrive/Desktop/Game Dev Stuff/HorrorPuzzle/HorrorPuzzleGame/Content/DownloadedAssets/OldFurniturePack_01/Textures/T_Couch_normal.ubulk" 1505
"C:/Users/calli/OneDrive/Desktop/Game Dev Stuff/HorrorPuzzle/HorrorPuzzleGame/Content/DownloadedAssets/OldFurniturePack_01/Textures/T_Couch_normal.uasset" 1506
"C:/Users/calli/OneDrive/Desktop/Game Dev Stuff/HorrorPuzzle/HorrorPuzzleGame/Content/DownloadedAssets/OldFurniturePack_01/Textures/T_Couch_normal.uexp" 1507
"C:/Users/calli/OneDrive/Desktop/Game Dev Stuff/HorrorPuzzle/HorrorPuzzleGame/Content/DownloadedAssets/OldFurniturePack_01/Textures/T_Couch_diffuse.ubulk" 1508
"C:/Users/calli/OneDrive/Desktop/Game Dev Stuff/HorrorPuzzle/HorrorPuzzleGame/Content/DownloadedAssets/OldFurniturePack_01/Textures/T_Couch_diffuse.uasset" 1509
"C:/Users/calli/OneDrive/Desktop/Game Dev Stuff/HorrorPuzzle/HorrorPuzzleGame/Content/DownloadedAssets/OldFurniturePack_01/Textures/T_Couch_diffuse.uexp" 1510
"C:/Users/calli/OneDrive/Desktop/Game Dev Stuff/HorrorPuzzle/HorrorPuzzleGame/Content/DownloadedAssets/OldFurniturePack_01/Materials/MI_Couch.uasset" 1511
"C:/Users/calli/OneDrive/Desktop/Game Dev Stuff/HorrorPuzzle/HorrorPuzzleGame/Content/DownloadedAssets/OldFurniturePack_01/Materials/MI_Couch.uexp" 1512
"C:/Users/calli/OneDrive/Desktop/Game Dev Stuff/HorrorPuzzle/HorrorPuzzleGame/Content/DownloadedAssets/OldFurniturePack_01/Meshes/SM_Couch.ubulk" 1513
"C:/Users/calli/OneDrive/Desktop/Game Dev Stuff/HorrorPuzzle/HorrorPuzzleGame/Content/DownloadedAssets/OldFurniturePack_01/Meshes/SM_Couch.uasset" 1514
"C:/Users/calli/OneDrive/Desktop/Game Dev Stuff/HorrorPuzzle/HorrorPuzzleGame/Content/DownloadedAssets/OldFurniturePack_01/Meshes/SM_Couch.uexp" 1515
"C:/Users/calli/OneDrive/Desktop/Game Dev Stuff/HorrorPuzzle/HorrorPuzzleGame/Content/DownloadedAssets/OldFurniturePack_01/Textures/T_TableAndChair_01_roughness.ubulk" 1516
"C:/Users/calli/OneDrive/Desktop/Game Dev Stuff/HorrorPuzzle/HorrorPuzzleGame/Content/DownloadedAssets/OldFurniturePack_01/Textures/T_TableAndChair_01_roughness.uasset" 1517
"C:/Users/calli/OneDrive/Desktop/Game Dev Stuff/HorrorPuzzle/HorrorPuzzleGame/Content/DownloadedAssets/OldFurniturePack_01/Textures/T_TableAndChair_01_roughness.uexp" 1518
"C:/Users/calli/OneDrive/Desktop/Game Dev Stuff/HorrorPuzzle/HorrorPuzzleGame/Content/DownloadedAssets/OldFurniturePack_01/Textures/T_TableAndChair_01_normal.ubulk" 1519
"C:/Users/calli/OneDrive/Desktop/Game Dev Stuff/HorrorPuzzle/HorrorPuzzleGame/Content/DownloadedAssets/OldFurniturePack_01/Textures/T_TableAndChair_01_normal.uasset" 1520
"C:/Users/calli/OneDrive/Desktop/Game Dev Stuff/HorrorPuzzle/HorrorPuzzleGame/Content/DownloadedAssets/OldFurniturePack_01/Textures/T_TableAndChair_01_normal.uexp" 1521
"C:/Users/calli/OneDrive/Desktop/Game Dev Stuff/HorrorPuzzle/HorrorPuzzleGame/Content/DownloadedAssets/OldFurniturePack_01/Textures/T_TableAndChair_01_diffuse.ubulk" 1522
"C:/Users/calli/OneDrive/Desktop/Game Dev Stuff/HorrorPuzzle/HorrorPuzzleGame/Content/DownloadedAssets/OldFurniturePack_01/Textures/T_TableAndChair_01_diffuse.uasset" 1523
"C:/Users/calli/OneDrive/Desktop/Game Dev Stuff/HorrorPuzzle/HorrorPuzzleGame/Content/DownloadedAssets/OldFurniturePack_01/Textures/T_TableAndChair_01_diffuse.uexp" 1524
"C:/Users/calli/OneDrive/Desktop/Game Dev Stuff/HorrorPuzzle/HorrorPuzzleGame/Content/DownloadedAssets/OldFurniturePack_01/Materials/MI_TableAndChair_01.uasset" 1525
"C:/Users/calli/OneDrive/Desktop/Game Dev Stuff/HorrorPuzzle/HorrorPuzzleGame/Content/DownloadedAssets/OldFurniturePack_01/Materials/MI_TableAndChair_01.uexp" 1526
"C:/Users/calli/OneDrive/Desktop/Game Dev Stuff/HorrorPuzzle/HorrorPuzzleGame/Content/DownloadedAssets/OldFurniturePack_01/Meshes/SM_Chair_01.ubulk" 1527
"C:/Users/calli/OneDrive/Desktop/Game Dev Stuff/HorrorPuzzle/HorrorPuzzleGame/Content/DownloadedAssets/OldFurniturePack_01/Meshes/SM_Chair_01.uasset" 1528
"C:/Users/calli/OneDrive/Desktop/Game Dev Stuff/HorrorPuzzle/HorrorPuzzleGame/Content/DownloadedAssets/OldFurniturePack_01/Meshes/SM_Chair_01.uexp" 1529
"C:/Users/calli/OneDrive/Desktop/Game Dev Stuff/HorrorPuzzle/HorrorPuzzleGame/Content/DownloadedAssets/OldFurniturePack_01/Textures/T_Carpet_01_roughness.ubulk" 1530
"C:/Users/calli/OneDrive/Desktop/Game Dev Stuff/HorrorPuzzle/HorrorPuzzleGame/Content/DownloadedAssets/OldFurniturePack_01/Textures/T_Carpet_01_roughness.uasset" 1531
"C:/Users/calli/OneDrive/Desktop/Game Dev Stuff/HorrorPuzzle/HorrorPuzzleGame/Content/DownloadedAssets/OldFurniturePack_01/Textures/T_Carpet_01_roughness.uexp" 1532
"C:/Users/calli/OneDrive/Desktop/Game Dev Stuff/HorrorPuzzle/HorrorPuzzleGame/Content/DownloadedAssets/OldFurniturePack_01/Textures/T_Carpet_01_normal.ubulk" 1533
"C:/Users/calli/OneDrive/Desktop/Game Dev Stuff/HorrorPuzzle/HorrorPuzzleGame/Content/DownloadedAssets/OldFurniturePack_01/Textures/T_Carpet_01_normal.uasset" 1534
"C:/Users/calli/OneDrive/Desktop/Game Dev Stuff/HorrorPuzzle/HorrorPuzzleGame/Content/DownloadedAssets/OldFurniturePack_01/Textures/T_Carpet_01_normal.uexp" 1535
"C:/Users/calli/OneDrive/Desktop/Game Dev Stuff/HorrorPuzzle/HorrorPuzzleGame/Content/DownloadedAssets/OldFurniturePack_01/Textures/T_Carpet_01_diffuse.ubulk" 1536
"C:/Users/calli/OneDrive/Desktop/Game Dev Stuff/HorrorPuzzle/HorrorPuzzleGame/Content/DownloadedAssets/OldFurniturePack_01/Textures/T_Carpet_01_diffuse.uasset" 1537
"C:/Users/calli/OneDrive/Desktop/Game Dev Stuff/HorrorPuzzle/HorrorPuzzleGame/Content/DownloadedAssets/OldFurniturePack_01/Textures/T_Carpet_01_diffuse.uexp" 1538
"C:/Users/calli/OneDrive/Desktop/Game Dev Stuff/HorrorPuzzle/HorrorPuzzleGame/Content/DownloadedAssets/OldFurniturePack_01/Materials/MI_Carpets.uasset" 1539
"C:/Users/calli/OneDrive/Desktop/Game Dev Stuff/HorrorPuzzle/HorrorPuzzleGame/Content/DownloadedAssets/OldFurniturePack_01/Materials/MI_Carpets.uexp" 1540
"C:/Users/calli/OneDrive/Desktop/Game Dev Stuff/HorrorPuzzle/HorrorPuzzleGame/Content/DownloadedAssets/OldFurniturePack_01/Meshes/SM_Carpet_01.ubulk" 1541
"C:/Users/calli/OneDrive/Desktop/Game Dev Stuff/HorrorPuzzle/HorrorPuzzleGame/Content/DownloadedAssets/OldFurniturePack_01/Meshes/SM_Carpet_01.uasset" 1542
"C:/Users/calli/OneDrive/Desktop/Game Dev Stuff/HorrorPuzzle/HorrorPuzzleGame/Content/DownloadedAssets/OldFurniturePack_01/Meshes/SM_Carpet_01.uexp" 1543
"C:/Users/calli/OneDrive/Desktop/Game Dev Stuff/HorrorPuzzle/HorrorPuzzleGame/Content/DownloadedAssets/OldFurniturePack_01/Textures/T_WoodenShelf_02_roughness.ubulk" 1544
"C:/Users/calli/OneDrive/Desktop/Game Dev Stuff/HorrorPuzzle/HorrorPuzzleGame/Content/DownloadedAssets/OldFurniturePack_01/Textures/T_WoodenShelf_02_roughness.uasset" 1545
"C:/Users/calli/OneDrive/Desktop/Game Dev Stuff/HorrorPuzzle/HorrorPuzzleGame/Content/DownloadedAssets/OldFurniturePack_01/Textures/T_WoodenShelf_02_roughness.uexp" 1546
"C:/Users/calli/OneDrive/Desktop/Game Dev Stuff/HorrorPuzzle/HorrorPuzzleGame/Content/DownloadedAssets/OldFurniturePack_01/Textures/T_WoodenShelf_02_normal.ubulk" 1547
"C:/Users/calli/OneDrive/Desktop/Game Dev Stuff/HorrorPuzzle/HorrorPuzzleGame/Content/DownloadedAssets/OldFurniturePack_01/Textures/T_WoodenShelf_02_normal.uasset" 1548
"C:/Users/calli/OneDrive/Desktop/Game Dev Stuff/HorrorPuzzle/HorrorPuzzleGame/Content/DownloadedAssets/OldFurniturePack_01/Textures/T_WoodenShelf_02_normal.uexp" 1549
"C:/Users/calli/OneDrive/Desktop/Game Dev Stuff/HorrorPuzzle/HorrorPuzzleGame/Content/DownloadedAssets/OldFurniturePack_01/Textures/T_WoodenShelf_02_diffuse.ubulk" 1550
"C:/Users/calli/OneDrive/Desktop/Game Dev Stuff/HorrorPuzzle/HorrorPuzzleGame/Content/DownloadedAssets/OldFurniturePack_01/Textures/T_WoodenShelf_02_diffuse.uasset" 1551
"C:/Users/calli/OneDrive/Desktop/Game Dev Stuff/HorrorPuzzle/HorrorPuzzleGame/Content/DownloadedAssets/OldFurniturePack_01/Textures/T_WoodenShelf_02_diffuse.uexp" 1552
"C:/Users/calli/OneDrive/Desktop/Game Dev Stuff/HorrorPuzzle/HorrorPuzzleGame/Content/DownloadedAssets/OldFurniturePack_01/Materials/MI_WoodenShelf_02.uasset" 1553
"C:/Users/calli/OneDrive/Desktop/Game Dev Stuff/HorrorPuzzle/HorrorPuzzleGame/Content/DownloadedAssets/OldFurniturePack_01/Materials/MI_WoodenShelf_02.uexp" 1554
"C:/Users/calli/OneDrive/Desktop/Game Dev Stuff/HorrorPuzzle/HorrorPuzzleGame/Content/DownloadedAssets/OldFurniturePack_01/Meshes/SM_WoodenShelf_02.ubulk" 1555
"C:/Users/calli/OneDrive/Desktop/Game Dev Stuff/HorrorPuzzle/HorrorPuzzleGame/Content/DownloadedAssets/OldFurniturePack_01/Meshes/SM_WoodenShelf_02.uasset" 1556
"C:/Users/calli/OneDrive/Desktop/Game Dev Stuff/HorrorPuzzle/HorrorPuzzleGame/Content/DownloadedAssets/OldFurniturePack_01/Meshes/SM_WoodenShelf_02.uexp" 1557
"C:/Users/calli/OneDrive/Desktop/Game Dev Stuff/HorrorPuzzle/HorrorPuzzleGame/Content/DownloadedAssets/OldFurniturePack_01/Materials/MI_CabinetParts.uasset" 1558
"C:/Users/calli/OneDrive/Desktop/Game Dev Stuff/HorrorPuzzle/HorrorPuzzleGame/Content/DownloadedAssets/OldFurniturePack_01/Materials/MI_CabinetParts.uexp" 1559
"C:/Users/calli/OneDrive/Desktop/Game Dev Stuff/HorrorPuzzle/HorrorPuzzleGame/Content/DownloadedAssets/OldFurniturePack_01/Meshes/SM_Drawr_01.ubulk" 1560
"C:/Users/calli/OneDrive/Desktop/Game Dev Stuff/HorrorPuzzle/HorrorPuzzleGame/Content/DownloadedAssets/OldFurniturePack_01/Meshes/SM_Drawr_01.uasset" 1561
"C:/Users/calli/OneDrive/Desktop/Game Dev Stuff/HorrorPuzzle/HorrorPuzzleGame/Content/DownloadedAssets/OldFurniturePack_01/Meshes/SM_Drawr_01.uexp" 1562
"C:/Users/calli/OneDrive/Desktop/Game Dev Stuff/HorrorPuzzle/HorrorPuzzleGame/Content/DownloadedAssets/OldFurniturePack_01/Blueprints/BP_WoodenBookShelf_02.uasset" 1563
"C:/Users/calli/OneDrive/Desktop/Game Dev Stuff/HorrorPuzzle/HorrorPuzzleGame/Content/DownloadedAssets/OldFurniturePack_01/Blueprints/BP_WoodenBookShelf_02.uexp" 1564
"C:/Users/calli/OneDrive/Desktop/Game Dev Stuff/HorrorPuzzle/HorrorPuzzleGame/Content/DownloadedAssets/Herringbone_Parquet_-_Material/herringbone_parquet_material/Textures/herringbone_parquet_material_texture_0.ubulk" 1565
"C:/Users/calli/OneDrive/Desktop/Game Dev Stuff/HorrorPuzzle/HorrorPuzzleGame/Content/DownloadedAssets/Herringbone_Parquet_-_Material/herringbone_parquet_material/Textures/herringbone_parquet_material_texture_0.uasset" 1566
"C:/Users/calli/OneDrive/Desktop/Game Dev Stuff/HorrorPuzzle/HorrorPuzzleGame/Content/DownloadedAssets/Herringbone_Parquet_-_Material/herringbone_parquet_material/Textures/herringbone_parquet_material_texture_0.uexp" 1567
"C:/Users/calli/OneDrive/Desktop/Game Dev Stuff/HorrorPuzzle/HorrorPuzzleGame/Content/DownloadedAssets/Herringbone_Parquet_-_Material/herringbone_parquet_material/Textures/herringbone_parquet_material_texture_1.ubulk" 1568
"C:/Users/calli/OneDrive/Desktop/Game Dev Stuff/HorrorPuzzle/HorrorPuzzleGame/Content/DownloadedAssets/Herringbone_Parquet_-_Material/herringbone_parquet_material/Textures/herringbone_parquet_material_texture_1.uasset" 1569
"C:/Users/calli/OneDrive/Desktop/Game Dev Stuff/HorrorPuzzle/HorrorPuzzleGame/Content/DownloadedAssets/Herringbone_Parquet_-_Material/herringbone_parquet_material/Textures/herringbone_parquet_material_texture_1.uexp" 1570
"C:/Users/calli/OneDrive/Desktop/Game Dev Stuff/HorrorPuzzle/HorrorPuzzleGame/Content/DownloadedAssets/Herringbone_Parquet_-_Material/herringbone_parquet_material/Textures/herringbone_parquet_material_texture_2.ubulk" 1571
"C:/Users/calli/OneDrive/Desktop/Game Dev Stuff/HorrorPuzzle/HorrorPuzzleGame/Content/DownloadedAssets/Herringbone_Parquet_-_Material/herringbone_parquet_material/Textures/herringbone_parquet_material_texture_2.uasset" 1572
"C:/Users/calli/OneDrive/Desktop/Game Dev Stuff/HorrorPuzzle/HorrorPuzzleGame/Content/DownloadedAssets/Herringbone_Parquet_-_Material/herringbone_parquet_material/Textures/herringbone_parquet_material_texture_2.uexp" 1573
"C:/Users/calli/OneDrive/Desktop/Game Dev Stuff/HorrorPuzzle/HorrorPuzzleGame/Content/DownloadedAssets/Herringbone_Parquet_-_Material/herringbone_parquet_material/Materials/Scene_-_Root.uasset" 1574
"C:/Users/calli/OneDrive/Desktop/Game Dev Stuff/HorrorPuzzle/HorrorPuzzleGame/Content/DownloadedAssets/Herringbone_Parquet_-_Material/herringbone_parquet_material/Materials/Scene_-_Root.uexp" 1575
"C:/Users/calli/OneDrive/Desktop/Game Dev Stuff/HorrorPuzzle/HorrorPuzzleGame/Content/Blueprints/RadioTrigger.uasset" 1576
"C:/Users/calli/OneDrive/Desktop/Game Dev Stuff/HorrorPuzzle/HorrorPuzzleGame/Content/Blueprints/RadioTrigger.uexp" 1577
"C:/Users/calli/OneDrive/Desktop/Game Dev Stuff/HorrorPuzzle/HorrorPuzzleGame/Content/DownloadedAssets/Piano/piano/Textures/piano_texture_6.ubulk" 1578
"C:/Users/calli/OneDrive/Desktop/Game Dev Stuff/HorrorPuzzle/HorrorPuzzleGame/Content/DownloadedAssets/Piano/piano/Textures/piano_texture_6.uasset" 1579
"C:/Users/calli/OneDrive/Desktop/Game Dev Stuff/HorrorPuzzle/HorrorPuzzleGame/Content/DownloadedAssets/Piano/piano/Textures/piano_texture_6.uexp" 1580
"C:/Users/calli/OneDrive/Desktop/Game Dev Stuff/HorrorPuzzle/HorrorPuzzleGame/Content/DownloadedAssets/Piano/piano/Textures/piano_texture_7.ubulk" 1581
"C:/Users/calli/OneDrive/Desktop/Game Dev Stuff/HorrorPuzzle/HorrorPuzzleGame/Content/DownloadedAssets/Piano/piano/Textures/piano_texture_7.uasset" 1582
"C:/Users/calli/OneDrive/Desktop/Game Dev Stuff/HorrorPuzzle/HorrorPuzzleGame/Content/DownloadedAssets/Piano/piano/Textures/piano_texture_7.uexp" 1583
"C:/Users/calli/OneDrive/Desktop/Game Dev Stuff/HorrorPuzzle/HorrorPuzzleGame/Content/DownloadedAssets/Piano/piano/Textures/piano_texture_8.ubulk" 1584
"C:/Users/calli/OneDrive/Desktop/Game Dev Stuff/HorrorPuzzle/HorrorPuzzleGame/Content/DownloadedAssets/Piano/piano/Textures/piano_texture_8.uasset" 1585
"C:/Users/calli/OneDrive/Desktop/Game Dev Stuff/HorrorPuzzle/HorrorPuzzleGame/Content/DownloadedAssets/Piano/piano/Textures/piano_texture_8.uexp" 1586
"C:/Users/calli/OneDrive/Desktop/Game Dev Stuff/HorrorPuzzle/HorrorPuzzleGame/Content/DownloadedAssets/Piano/piano/Materials/piano_white.uasset" 1587
"C:/Users/calli/OneDrive/Desktop/Game Dev Stuff/HorrorPuzzle/HorrorPuzzleGame/Content/DownloadedAssets/Piano/piano/Materials/piano_white.uexp" 1588
"C:/Users/calli/OneDrive/Desktop/Game Dev Stuff/HorrorPuzzle/HorrorPuzzleGame/Content/DownloadedAssets/Piano/piano/Textures/piano_texture_3.ubulk" 1589
"C:/Users/calli/OneDrive/Desktop/Game Dev Stuff/HorrorPuzzle/HorrorPuzzleGame/Content/DownloadedAssets/Piano/piano/Textures/piano_texture_3.uasset" 1590
"C:/Users/calli/OneDrive/Desktop/Game Dev Stuff/HorrorPuzzle/HorrorPuzzleGame/Content/DownloadedAssets/Piano/piano/Textures/piano_texture_3.uexp" 1591
"C:/Users/calli/OneDrive/Desktop/Game Dev Stuff/HorrorPuzzle/HorrorPuzzleGame/Content/DownloadedAssets/Piano/piano/Textures/piano_texture_4.ubulk" 1592
"C:/Users/calli/OneDrive/Desktop/Game Dev Stuff/HorrorPuzzle/HorrorPuzzleGame/Content/DownloadedAssets/Piano/piano/Textures/piano_texture_4.uasset" 1593
"C:/Users/calli/OneDrive/Desktop/Game Dev Stuff/HorrorPuzzle/HorrorPuzzleGame/Content/DownloadedAssets/Piano/piano/Textures/piano_texture_4.uexp" 1594
"C:/Users/calli/OneDrive/Desktop/Game Dev Stuff/HorrorPuzzle/HorrorPuzzleGame/Content/DownloadedAssets/Piano/piano/Textures/piano_texture_5.ubulk" 1595
"C:/Users/calli/OneDrive/Desktop/Game Dev Stuff/HorrorPuzzle/HorrorPuzzleGame/Content/DownloadedAssets/Piano/piano/Textures/piano_texture_5.uasset" 1596
"C:/Users/calli/OneDrive/Desktop/Game Dev Stuff/HorrorPuzzle/HorrorPuzzleGame/Content/DownloadedAssets/Piano/piano/Textures/piano_texture_5.uexp" 1597
"C:/Users/calli/OneDrive/Desktop/Game Dev Stuff/HorrorPuzzle/HorrorPuzzleGame/Content/DownloadedAssets/Piano/piano/Materials/piano_gold.uasset" 1598
"C:/Users/calli/OneDrive/Desktop/Game Dev Stuff/HorrorPuzzle/HorrorPuzzleGame/Content/DownloadedAssets/Piano/piano/Materials/piano_gold.uexp" 1599
"C:/Users/calli/OneDrive/Desktop/Game Dev Stuff/HorrorPuzzle/HorrorPuzzleGame/Content/DownloadedAssets/Piano/piano/Textures/piano_texture_0.ubulk" 1600
"C:/Users/calli/OneDrive/Desktop/Game Dev Stuff/HorrorPuzzle/HorrorPuzzleGame/Content/DownloadedAssets/Piano/piano/Textures/piano_texture_0.uasset" 1601
"C:/Users/calli/OneDrive/Desktop/Game Dev Stuff/HorrorPuzzle/HorrorPuzzleGame/Content/DownloadedAssets/Piano/piano/Textures/piano_texture_0.uexp" 1602
"C:/Users/calli/OneDrive/Desktop/Game Dev Stuff/HorrorPuzzle/HorrorPuzzleGame/Content/DownloadedAssets/Piano/piano/Textures/piano_texture_1.ubulk" 1603
"C:/Users/calli/OneDrive/Desktop/Game Dev Stuff/HorrorPuzzle/HorrorPuzzleGame/Content/DownloadedAssets/Piano/piano/Textures/piano_texture_1.uasset" 1604
"C:/Users/calli/OneDrive/Desktop/Game Dev Stuff/HorrorPuzzle/HorrorPuzzleGame/Content/DownloadedAssets/Piano/piano/Textures/piano_texture_1.uexp" 1605
"C:/Users/calli/OneDrive/Desktop/Game Dev Stuff/HorrorPuzzle/HorrorPuzzleGame/Content/DownloadedAssets/Piano/piano/Textures/piano_texture_2.ubulk" 1606
"C:/Users/calli/OneDrive/Desktop/Game Dev Stuff/HorrorPuzzle/HorrorPuzzleGame/Content/DownloadedAssets/Piano/piano/Textures/piano_texture_2.uasset" 1607
"C:/Users/calli/OneDrive/Desktop/Game Dev Stuff/HorrorPuzzle/HorrorPuzzleGame/Content/DownloadedAssets/Piano/piano/Textures/piano_texture_2.uexp" 1608
"C:/Users/calli/OneDrive/Desktop/Game Dev Stuff/HorrorPuzzle/HorrorPuzzleGame/Content/DownloadedAssets/Piano/piano/Materials/piano_black.uasset" 1609
"C:/Users/calli/OneDrive/Desktop/Game Dev Stuff/HorrorPuzzle/HorrorPuzzleGame/Content/DownloadedAssets/Piano/piano/Materials/piano_black.uexp" 1610
"C:/Users/calli/OneDrive/Desktop/Game Dev Stuff/HorrorPuzzle/HorrorPuzzleGame/Content/DownloadedAssets/Piano/piano/StaticMeshes/piano.ubulk" 1611
"C:/Users/calli/OneDrive/Desktop/Game Dev Stuff/HorrorPuzzle/HorrorPuzzleGame/Content/DownloadedAssets/Piano/piano/StaticMeshes/piano.uasset" 1612
"C:/Users/calli/OneDrive/Desktop/Game Dev Stuff/HorrorPuzzle/HorrorPuzzleGame/Content/DownloadedAssets/Piano/piano/StaticMeshes/piano.uexp" 1613
"C:/Users/calli/OneDrive/Desktop/Game Dev Stuff/HorrorPuzzle/HorrorPuzzleGame/Content/Blueprints/Piano.uasset" 1614
"C:/Users/calli/OneDrive/Desktop/Game Dev Stuff/HorrorPuzzle/HorrorPuzzleGame/Content/Blueprints/Piano.uexp" 1615
"C:/Users/calli/OneDrive/Desktop/Game Dev Stuff/HorrorPuzzle/HorrorPuzzleGame/Content/Blueprints/LivingRoomPuzzleManager.uasset" 1616
"C:/Users/calli/OneDrive/Desktop/Game Dev Stuff/HorrorPuzzle/HorrorPuzzleGame/Content/Blueprints/LivingRoomPuzzleManager.uexp" 1617
"C:/Users/calli/OneDrive/Desktop/Game Dev Stuff/HorrorPuzzle/HorrorPuzzleGame/Content/UI/scary-woods.uasset" 1618
"C:/Users/calli/OneDrive/Desktop/Game Dev Stuff/HorrorPuzzle/HorrorPuzzleGame/Content/UI/scary-woods.uexp" 1619
"C:/Users/calli/OneDrive/Desktop/Game Dev Stuff/HorrorPuzzle/HorrorPuzzleGame/Content/UI/Creepywood2.uasset" 1620
"C:/Users/calli/OneDrive/Desktop/Game Dev Stuff/HorrorPuzzle/HorrorPuzzleGame/Content/UI/Creepywood2.uexp" 1621
"C:/Users/calli/OneDrive/Desktop/Game Dev Stuff/HorrorPuzzle/HorrorPuzzleGame/Content/UI/Window.uasset" 1622
"C:/Users/calli/OneDrive/Desktop/Game Dev Stuff/HorrorPuzzle/HorrorPuzzleGame/Content/UI/Window.uexp" 1623
"C:/Users/calli/OneDrive/Desktop/Game Dev Stuff/HorrorPuzzle/HorrorPuzzleGame/Content/Blueprints/Image.uasset" 1624
"C:/Users/calli/OneDrive/Desktop/Game Dev Stuff/HorrorPuzzle/HorrorPuzzleGame/Content/Blueprints/Image.uexp" 1625
"C:/Users/calli/OneDrive/Desktop/Game Dev Stuff/HorrorPuzzle/HorrorPuzzleGame/Content/Characters/ghost-woman-a-pose/source/invocacaodomal/Textures/invocacaodomal_texture_1.ubulk" 1626
"C:/Users/calli/OneDrive/Desktop/Game Dev Stuff/HorrorPuzzle/HorrorPuzzleGame/Content/Characters/ghost-woman-a-pose/source/invocacaodomal/Textures/invocacaodomal_texture_1.uasset" 1627
"C:/Users/calli/OneDrive/Desktop/Game Dev Stuff/HorrorPuzzle/HorrorPuzzleGame/Content/Characters/ghost-woman-a-pose/source/invocacaodomal/Textures/invocacaodomal_texture_1.uexp" 1628
"C:/Users/calli/OneDrive/Desktop/Game Dev Stuff/HorrorPuzzle/HorrorPuzzleGame/Content/Characters/ghost-woman-a-pose/source/invocacaodomal/Materials/mvadapter_material_texture_mesh_494c898ad09230fe_glb.uasset" 1629
"C:/Users/calli/OneDrive/Desktop/Game Dev Stuff/HorrorPuzzle/HorrorPuzzleGame/Content/Characters/ghost-woman-a-pose/source/invocacaodomal/Materials/mvadapter_material_texture_mesh_494c898ad09230fe_glb.uexp" 1630
"C:/Users/calli/OneDrive/Desktop/Game Dev Stuff/HorrorPuzzle/HorrorPuzzleGame/Content/Characters/ghost-woman-a-pose/source/invocacaodomal/StaticMeshes/invocacaodomal.ubulk" 1631
"C:/Users/calli/OneDrive/Desktop/Game Dev Stuff/HorrorPuzzle/HorrorPuzzleGame/Content/Characters/ghost-woman-a-pose/source/invocacaodomal/StaticMeshes/invocacaodomal.uasset" 1632
"C:/Users/calli/OneDrive/Desktop/Game Dev Stuff/HorrorPuzzle/HorrorPuzzleGame/Content/Characters/ghost-woman-a-pose/source/invocacaodomal/StaticMeshes/invocacaodomal.uexp" 1633
"C:/Users/calli/OneDrive/Desktop/Game Dev Stuff/HorrorPuzzle/HorrorPuzzleGame/Content/Blueprints/Ghost.uasset" 1634
"C:/Users/calli/OneDrive/Desktop/Game Dev Stuff/HorrorPuzzle/HorrorPuzzleGame/Content/Blueprints/Ghost.uexp" 1635
"C:/Users/calli/OneDrive/Desktop/Game Dev Stuff/HorrorPuzzle/HorrorPuzzleGame/Content/Blueprints/DoorUnlockTrigger.uasset" 1636
"C:/Users/calli/OneDrive/Desktop/Game Dev Stuff/HorrorPuzzle/HorrorPuzzleGame/Content/Blueprints/DoorUnlockTrigger.uexp" 1637
"C:/Users/calli/OneDrive/Desktop/Game Dev Stuff/HorrorPuzzle/HorrorPuzzleGame/Content/Materials/Painting.uasset" 1638
"C:/Users/calli/OneDrive/Desktop/Game Dev Stuff/HorrorPuzzle/HorrorPuzzleGame/Content/Materials/Painting.uexp" 1639
"C:/Users/calli/OneDrive/Desktop/Game Dev Stuff/HorrorPuzzle/HorrorPuzzleGame/Content/UI/PNG-Single_Sheet.uasset" 1640
"C:/Users/calli/OneDrive/Desktop/Game Dev Stuff/HorrorPuzzle/HorrorPuzzleGame/Content/UI/PNG-Single_Sheet.uexp" 1641
"C:/Users/calli/OneDrive/Desktop/Game Dev Stuff/HorrorPuzzle/HorrorPuzzleGame/Content/UI/LetterUI.uasset" 1642
"C:/Users/calli/OneDrive/Desktop/Game Dev Stuff/HorrorPuzzle/HorrorPuzzleGame/Content/UI/LetterUI.uexp" 1643
"../../../Engine/Plugins/Fab/Content/MaterialFunctions/QMF_RoughnessAdjustments.uasset" 1644
"../../../Engine/Plugins/Fab/Content/MaterialFunctions/QMF_RoughnessAdjustments.uexp" 1645
"../../../Engine/Plugins/Fab/Content/MaterialFunctions/QMF_NormalAdjustments.uasset" 1646
"../../../Engine/Plugins/Fab/Content/MaterialFunctions/QMF_NormalAdjustments.uexp" 1647
"../../../Engine/Plugins/Fab/Content/MaterialFunctions/QMF_BaseColorAdjustments.uasset" 1648
"../../../Engine/Plugins/Fab/Content/MaterialFunctions/QMF_BaseColorAdjustments.uexp" 1649
"../../../Engine/Plugins/Fab/Content/MaterialFunctions/QMF_AOAdjustments.uasset" 1650
"../../../Engine/Plugins/Fab/Content/MaterialFunctions/QMF_AOAdjustments.uexp" 1651
"../../../Engine/Plugins/Fab/Content/Textures/Standard/T_DefaultNormal.uasset" 1652
"../../../Engine/Plugins/Fab/Content/Textures/Standard/T_DefaultNormal.uexp" 1653
"../../../Engine/Plugins/Fab/Content/Textures/Standard/T_DefaultMasks.uasset" 1654
"../../../Engine/Plugins/Fab/Content/Textures/Standard/T_DefaultMasks.uexp" 1655
"../../../Engine/Plugins/Fab/Content/Textures/Standard/T_DefaultDisplacement.uasset" 1656
"../../../Engine/Plugins/Fab/Content/Textures/Standard/T_DefaultDisplacement.uexp" 1657
"../../../Engine/Plugins/Fab/Content/Textures/Standard/T_DefaultColor.uasset" 1658
"../../../Engine/Plugins/Fab/Content/Textures/Standard/T_DefaultColor.uexp" 1659
"../../../Engine/Plugins/Fab/Content/Materials/Standard/M_MS_Base.uasset" 1660
"../../../Engine/Plugins/Fab/Content/Materials/Standard/M_MS_Base.uexp" 1661
"C:/Users/calli/OneDrive/Desktop/Game Dev Stuff/HorrorPuzzle/HorrorPuzzleGame/Content/Fab/Megascans/3D/Book_wldodgk/Medium/wldodgk_tier_2/Textures/T_wldodgk_2K_ORM.ubulk" 1662
"C:/Users/calli/OneDrive/Desktop/Game Dev Stuff/HorrorPuzzle/HorrorPuzzleGame/Content/Fab/Megascans/3D/Book_wldodgk/Medium/wldodgk_tier_2/Textures/T_wldodgk_2K_ORM.uasset" 1663
"C:/Users/calli/OneDrive/Desktop/Game Dev Stuff/HorrorPuzzle/HorrorPuzzleGame/Content/Fab/Megascans/3D/Book_wldodgk/Medium/wldodgk_tier_2/Textures/T_wldodgk_2K_ORM.uexp" 1664
"C:/Users/calli/OneDrive/Desktop/Game Dev Stuff/HorrorPuzzle/HorrorPuzzleGame/Content/Fab/Megascans/3D/Book_wldodgk/Medium/wldodgk_tier_2/Textures/T_wldodgk_2K_N.ubulk" 1665
"C:/Users/calli/OneDrive/Desktop/Game Dev Stuff/HorrorPuzzle/HorrorPuzzleGame/Content/Fab/Megascans/3D/Book_wldodgk/Medium/wldodgk_tier_2/Textures/T_wldodgk_2K_N.uasset" 1666
"C:/Users/calli/OneDrive/Desktop/Game Dev Stuff/HorrorPuzzle/HorrorPuzzleGame/Content/Fab/Megascans/3D/Book_wldodgk/Medium/wldodgk_tier_2/Textures/T_wldodgk_2K_N.uexp" 1667
"C:/Users/calli/OneDrive/Desktop/Game Dev Stuff/HorrorPuzzle/HorrorPuzzleGame/Content/Fab/Megascans/3D/Book_wldodgk/Medium/wldodgk_tier_2/Textures/T_wldodgk_2K_B.ubulk" 1668
"C:/Users/calli/OneDrive/Desktop/Game Dev Stuff/HorrorPuzzle/HorrorPuzzleGame/Content/Fab/Megascans/3D/Book_wldodgk/Medium/wldodgk_tier_2/Textures/T_wldodgk_2K_B.uasset" 1669
"C:/Users/calli/OneDrive/Desktop/Game Dev Stuff/HorrorPuzzle/HorrorPuzzleGame/Content/Fab/Megascans/3D/Book_wldodgk/Medium/wldodgk_tier_2/Textures/T_wldodgk_2K_B.uexp" 1670
"C:/Users/calli/OneDrive/Desktop/Game Dev Stuff/HorrorPuzzle/HorrorPuzzleGame/Content/Fab/Megascans/3D/Book_wldodgk/Medium/wldodgk_tier_2/Materials/MI_wldodgk.uasset" 1671
"C:/Users/calli/OneDrive/Desktop/Game Dev Stuff/HorrorPuzzle/HorrorPuzzleGame/Content/Fab/Megascans/3D/Book_wldodgk/Medium/wldodgk_tier_2/Materials/MI_wldodgk.uexp" 1672
"C:/Users/calli/OneDrive/Desktop/Game Dev Stuff/HorrorPuzzle/HorrorPuzzleGame/Content/Fab/Megascans/3D/Book_wldodgk/Medium/wldodgk_tier_2/StaticMeshes/wldodgk_tier_2.ubulk" 1673
"C:/Users/calli/OneDrive/Desktop/Game Dev Stuff/HorrorPuzzle/HorrorPuzzleGame/Content/Fab/Megascans/3D/Book_wldodgk/Medium/wldodgk_tier_2/StaticMeshes/wldodgk_tier_2.uasset" 1674
"C:/Users/calli/OneDrive/Desktop/Game Dev Stuff/HorrorPuzzle/HorrorPuzzleGame/Content/Fab/Megascans/3D/Book_wldodgk/Medium/wldodgk_tier_2/StaticMeshes/wldodgk_tier_2.uexp" 1675
"C:/Users/calli/OneDrive/Desktop/Game Dev Stuff/HorrorPuzzle/HorrorPuzzleGame/Content/Blueprints/BP_Book.uasset" 1676
"C:/Users/calli/OneDrive/Desktop/Game Dev Stuff/HorrorPuzzle/HorrorPuzzleGame/Content/Blueprints/BP_Book.uexp" 1677
"C:/Users/calli/OneDrive/Desktop/Game Dev Stuff/HorrorPuzzle/HorrorPuzzleGame/Content/Fab/Megascans/3D/Decorative_Picture_Frame_ukkpdhqbw/Medium/ukkpdhqbw_tier_2/Textures/T_ukkpdhqbw_2K_ORM.ubulk" 1678
"C:/Users/calli/OneDrive/Desktop/Game Dev Stuff/HorrorPuzzle/HorrorPuzzleGame/Content/Fab/Megascans/3D/Decorative_Picture_Frame_ukkpdhqbw/Medium/ukkpdhqbw_tier_2/Textures/T_ukkpdhqbw_2K_ORM.uasset" 1679
"C:/Users/calli/OneDrive/Desktop/Game Dev Stuff/HorrorPuzzle/HorrorPuzzleGame/Content/Fab/Megascans/3D/Decorative_Picture_Frame_ukkpdhqbw/Medium/ukkpdhqbw_tier_2/Textures/T_ukkpdhqbw_2K_ORM.uexp" 1680
"C:/Users/calli/OneDrive/Desktop/Game Dev Stuff/HorrorPuzzle/HorrorPuzzleGame/Content/Fab/Megascans/3D/Decorative_Picture_Frame_ukkpdhqbw/Medium/ukkpdhqbw_tier_2/Textures/T_ukkpdhqbw_2K_N.ubulk" 1681
"C:/Users/calli/OneDrive/Desktop/Game Dev Stuff/HorrorPuzzle/HorrorPuzzleGame/Content/Fab/Megascans/3D/Decorative_Picture_Frame_ukkpdhqbw/Medium/ukkpdhqbw_tier_2/Textures/T_ukkpdhqbw_2K_N.uasset" 1682
"C:/Users/calli/OneDrive/Desktop/Game Dev Stuff/HorrorPuzzle/HorrorPuzzleGame/Content/Fab/Megascans/3D/Decorative_Picture_Frame_ukkpdhqbw/Medium/ukkpdhqbw_tier_2/Textures/T_ukkpdhqbw_2K_N.uexp" 1683
"C:/Users/calli/OneDrive/Desktop/Game Dev Stuff/HorrorPuzzle/HorrorPuzzleGame/Content/Fab/Megascans/3D/Decorative_Picture_Frame_ukkpdhqbw/Medium/ukkpdhqbw_tier_2/Textures/T_ukkpdhqbw_2K_B.ubulk" 1684
"C:/Users/calli/OneDrive/Desktop/Game Dev Stuff/HorrorPuzzle/HorrorPuzzleGame/Content/Fab/Megascans/3D/Decorative_Picture_Frame_ukkpdhqbw/Medium/ukkpdhqbw_tier_2/Textures/T_ukkpdhqbw_2K_B.uasset" 1685
"C:/Users/calli/OneDrive/Desktop/Game Dev Stuff/HorrorPuzzle/HorrorPuzzleGame/Content/Fab/Megascans/3D/Decorative_Picture_Frame_ukkpdhqbw/Medium/ukkpdhqbw_tier_2/Textures/T_ukkpdhqbw_2K_B.uexp" 1686
"C:/Users/calli/OneDrive/Desktop/Game Dev Stuff/HorrorPuzzle/HorrorPuzzleGame/Content/Fab/Megascans/3D/Decorative_Picture_Frame_ukkpdhqbw/Medium/ukkpdhqbw_tier_2/Materials/MI_ukkpdhqbw.uasset" 1687
"C:/Users/calli/OneDrive/Desktop/Game Dev Stuff/HorrorPuzzle/HorrorPuzzleGame/Content/Fab/Megascans/3D/Decorative_Picture_Frame_ukkpdhqbw/Medium/ukkpdhqbw_tier_2/Materials/MI_ukkpdhqbw.uexp" 1688
"C:/Users/calli/OneDrive/Desktop/Game Dev Stuff/HorrorPuzzle/HorrorPuzzleGame/Content/Fab/Megascans/3D/Decorative_Picture_Frame_ukkpdhqbw/Medium/ukkpdhqbw_tier_2/StaticMeshes/ukkpdhqbw_tier_2.ubulk" 1689
"C:/Users/calli/OneDrive/Desktop/Game Dev Stuff/HorrorPuzzle/HorrorPuzzleGame/Content/Fab/Megascans/3D/Decorative_Picture_Frame_ukkpdhqbw/Medium/ukkpdhqbw_tier_2/StaticMeshes/ukkpdhqbw_tier_2.uasset" 1690
"C:/Users/calli/OneDrive/Desktop/Game Dev Stuff/HorrorPuzzle/HorrorPuzzleGame/Content/Fab/Megascans/3D/Decorative_Picture_Frame_ukkpdhqbw/Medium/ukkpdhqbw_tier_2/StaticMeshes/ukkpdhqbw_tier_2.uexp" 1691
"C:/Users/calli/OneDrive/Desktop/Game Dev Stuff/HorrorPuzzle/HorrorPuzzleGame/Content/Blueprints/BP_InteractablePainting.uasset" 1692
"C:/Users/calli/OneDrive/Desktop/Game Dev Stuff/HorrorPuzzle/HorrorPuzzleGame/Content/Blueprints/BP_InteractablePainting.uexp" 1693
"C:/Users/calli/OneDrive/Desktop/Game Dev Stuff/HorrorPuzzle/HorrorPuzzleGame/Content/Fab/Bed/bed_with_a_bed_cover/Textures/bed_with_a_bed_cover_texture_3.ubulk" 1694
"C:/Users/calli/OneDrive/Desktop/Game Dev Stuff/HorrorPuzzle/HorrorPuzzleGame/Content/Fab/Bed/bed_with_a_bed_cover/Textures/bed_with_a_bed_cover_texture_3.uasset" 1695
"C:/Users/calli/OneDrive/Desktop/Game Dev Stuff/HorrorPuzzle/HorrorPuzzleGame/Content/Fab/Bed/bed_with_a_bed_cover/Textures/bed_with_a_bed_cover_texture_3.uexp" 1696
"C:/Users/calli/OneDrive/Desktop/Game Dev Stuff/HorrorPuzzle/HorrorPuzzleGame/Content/Fab/Bed/bed_with_a_bed_cover/Textures/bed_with_a_bed_cover_texture_4.ubulk" 1697
"C:/Users/calli/OneDrive/Desktop/Game Dev Stuff/HorrorPuzzle/HorrorPuzzleGame/Content/Fab/Bed/bed_with_a_bed_cover/Textures/bed_with_a_bed_cover_texture_4.uasset" 1698
"C:/Users/calli/OneDrive/Desktop/Game Dev Stuff/HorrorPuzzle/HorrorPuzzleGame/Content/Fab/Bed/bed_with_a_bed_cover/Textures/bed_with_a_bed_cover_texture_4.uexp" 1699
"C:/Users/calli/OneDrive/Desktop/Game Dev Stuff/HorrorPuzzle/HorrorPuzzleGame/Content/Fab/Bed/bed_with_a_bed_cover/Textures/bed_with_a_bed_cover_texture_5.ubulk" 1700
"C:/Users/calli/OneDrive/Desktop/Game Dev Stuff/HorrorPuzzle/HorrorPuzzleGame/Content/Fab/Bed/bed_with_a_bed_cover/Textures/bed_with_a_bed_cover_texture_5.uasset" 1701
"C:/Users/calli/OneDrive/Desktop/Game Dev Stuff/HorrorPuzzle/HorrorPuzzleGame/Content/Fab/Bed/bed_with_a_bed_cover/Textures/bed_with_a_bed_cover_texture_5.uexp" 1702
"C:/Users/calli/OneDrive/Desktop/Game Dev Stuff/HorrorPuzzle/HorrorPuzzleGame/Content/Fab/Bed/bed_with_a_bed_cover/Materials/Material_002.uasset" 1703
"C:/Users/calli/OneDrive/Desktop/Game Dev Stuff/HorrorPuzzle/HorrorPuzzleGame/Content/Fab/Bed/bed_with_a_bed_cover/Materials/Material_002.uexp" 1704
"C:/Users/calli/OneDrive/Desktop/Game Dev Stuff/HorrorPuzzle/HorrorPuzzleGame/Content/Fab/Bed/bed_with_a_bed_cover/Textures/bed_with_a_bed_cover_texture_0.ubulk" 1705
"C:/Users/calli/OneDrive/Desktop/Game Dev Stuff/HorrorPuzzle/HorrorPuzzleGame/Content/Fab/Bed/bed_with_a_bed_cover/Textures/bed_with_a_bed_cover_texture_0.uasset" 1706
"C:/Users/calli/OneDrive/Desktop/Game Dev Stuff/HorrorPuzzle/HorrorPuzzleGame/Content/Fab/Bed/bed_with_a_bed_cover/Textures/bed_with_a_bed_cover_texture_0.uexp" 1707
"C:/Users/calli/OneDrive/Desktop/Game Dev Stuff/HorrorPuzzle/HorrorPuzzleGame/Content/Fab/Bed/bed_with_a_bed_cover/Textures/bed_with_a_bed_cover_texture_1.ubulk" 1708
"C:/Users/calli/OneDrive/Desktop/Game Dev Stuff/HorrorPuzzle/HorrorPuzzleGame/Content/Fab/Bed/bed_with_a_bed_cover/Textures/bed_with_a_bed_cover_texture_1.uasset" 1709
"C:/Users/calli/OneDrive/Desktop/Game Dev Stuff/HorrorPuzzle/HorrorPuzzleGame/Content/Fab/Bed/bed_with_a_bed_cover/Textures/bed_with_a_bed_cover_texture_1.uexp" 1710
"C:/Users/calli/OneDrive/Desktop/Game Dev Stuff/HorrorPuzzle/HorrorPuzzleGame/Content/Fab/Bed/bed_with_a_bed_cover/Textures/bed_with_a_bed_cover_texture_2.ubulk" 1711
"C:/Users/calli/OneDrive/Desktop/Game Dev Stuff/HorrorPuzzle/HorrorPuzzleGame/Content/Fab/Bed/bed_with_a_bed_cover/Textures/bed_with_a_bed_cover_texture_2.uasset" 1712
"C:/Users/calli/OneDrive/Desktop/Game Dev Stuff/HorrorPuzzle/HorrorPuzzleGame/Content/Fab/Bed/bed_with_a_bed_cover/Textures/bed_with_a_bed_cover_texture_2.uexp" 1713
"C:/Users/calli/OneDrive/Desktop/Game Dev Stuff/HorrorPuzzle/HorrorPuzzleGame/Content/Fab/Bed/bed_with_a_bed_cover/Materials/Material_001.uasset" 1714
"C:/Users/calli/OneDrive/Desktop/Game Dev Stuff/HorrorPuzzle/HorrorPuzzleGame/Content/Fab/Bed/bed_with_a_bed_cover/Materials/Material_001.uexp" 1715
"C:/Users/calli/OneDrive/Desktop/Game Dev Stuff/HorrorPuzzle/HorrorPuzzleGame/Content/Fab/Bed/bed_with_a_bed_cover/Textures/bed_with_a_bed_cover_texture_6.ubulk" 1716
"C:/Users/calli/OneDrive/Desktop/Game Dev Stuff/HorrorPuzzle/HorrorPuzzleGame/Content/Fab/Bed/bed_with_a_bed_cover/Textures/bed_with_a_bed_cover_texture_6.uasset" 1717
"C:/Users/calli/OneDrive/Desktop/Game Dev Stuff/HorrorPuzzle/HorrorPuzzleGame/Content/Fab/Bed/bed_with_a_bed_cover/Textures/bed_with_a_bed_cover_texture_6.uexp" 1718
"C:/Users/calli/OneDrive/Desktop/Game Dev Stuff/HorrorPuzzle/HorrorPuzzleGame/Content/Fab/Bed/bed_with_a_bed_cover/Textures/bed_with_a_bed_cover_texture_7.ubulk" 1719
"C:/Users/calli/OneDrive/Desktop/Game Dev Stuff/HorrorPuzzle/HorrorPuzzleGame/Content/Fab/Bed/bed_with_a_bed_cover/Textures/bed_with_a_bed_cover_texture_7.uasset" 1720
"C:/Users/calli/OneDrive/Desktop/Game Dev Stuff/HorrorPuzzle/HorrorPuzzleGame/Content/Fab/Bed/bed_with_a_bed_cover/Textures/bed_with_a_bed_cover_texture_7.uexp" 1721
"C:/Users/calli/OneDrive/Desktop/Game Dev Stuff/HorrorPuzzle/HorrorPuzzleGame/Content/Fab/Bed/bed_with_a_bed_cover/Textures/bed_with_a_bed_cover_texture_8.ubulk" 1722
"C:/Users/calli/OneDrive/Desktop/Game Dev Stuff/HorrorPuzzle/HorrorPuzzleGame/Content/Fab/Bed/bed_with_a_bed_cover/Textures/bed_with_a_bed_cover_texture_8.uasset" 1723
"C:/Users/calli/OneDrive/Desktop/Game Dev Stuff/HorrorPuzzle/HorrorPuzzleGame/Content/Fab/Bed/bed_with_a_bed_cover/Textures/bed_with_a_bed_cover_texture_8.uexp" 1724
"C:/Users/calli/OneDrive/Desktop/Game Dev Stuff/HorrorPuzzle/HorrorPuzzleGame/Content/Fab/Bed/bed_with_a_bed_cover/Materials/Material.uasset" 1725
"C:/Users/calli/OneDrive/Desktop/Game Dev Stuff/HorrorPuzzle/HorrorPuzzleGame/Content/Fab/Bed/bed_with_a_bed_cover/Materials/Material.uexp" 1726
"C:/Users/calli/OneDrive/Desktop/Game Dev Stuff/HorrorPuzzle/HorrorPuzzleGame/Content/Fab/Bed/bed_with_a_bed_cover/StaticMeshes/bed_with_a_bed_cover.ubulk" 1727
"C:/Users/calli/OneDrive/Desktop/Game Dev Stuff/HorrorPuzzle/HorrorPuzzleGame/Content/Fab/Bed/bed_with_a_bed_cover/StaticMeshes/bed_with_a_bed_cover.uasset" 1728
"C:/Users/calli/OneDrive/Desktop/Game Dev Stuff/HorrorPuzzle/HorrorPuzzleGame/Content/Fab/Bed/bed_with_a_bed_cover/StaticMeshes/bed_with_a_bed_cover.uexp" 1729
"C:/Users/calli/OneDrive/Desktop/Game Dev Stuff/HorrorPuzzle/HorrorPuzzleGame/Content/Blueprints/Bed.uasset" 1730
"C:/Users/calli/OneDrive/Desktop/Game Dev Stuff/HorrorPuzzle/HorrorPuzzleGame/Content/Blueprints/Bed.uexp" 1731
"C:/Users/calli/OneDrive/Desktop/Game Dev Stuff/HorrorPuzzle/HorrorPuzzleGame/Content/Audio/ForestAmbeience.ubulk" 1732
"C:/Users/calli/OneDrive/Desktop/Game Dev Stuff/HorrorPuzzle/HorrorPuzzleGame/Content/Audio/ForestAmbeience.uasset" 1733
"C:/Users/calli/OneDrive/Desktop/Game Dev Stuff/HorrorPuzzle/HorrorPuzzleGame/Content/Audio/ForestAmbeience.uexp" 1734
"../../../Engine/Plugins/Fab/Content/MaterialFunctions/QMF_Tiling.uasset" 1735
"../../../Engine/Plugins/Fab/Content/MaterialFunctions/QMF_Tiling.uexp" 1736
"../../../Engine/Content/Functions/Engine_MaterialFunctions01/Gradient/LinearGradient.uasset" 1737
"../../../Engine/Content/Functions/Engine_MaterialFunctions01/Gradient/LinearGradient.uexp" 1738
"../../../Engine/Content/Functions/Engine_MaterialFunctions01/ImageAdjustment/CheapContrast.uasset" 1739
"../../../Engine/Content/Functions/Engine_MaterialFunctions01/ImageAdjustment/CheapContrast.uexp" 1740
"../../../Engine/Content/Functions/Engine_MaterialFunctions01/Texturing/WorldAlignedTexture.uasset" 1741
"../../../Engine/Content/Functions/Engine_MaterialFunctions01/Texturing/WorldAlignedTexture.uexp" 1742
"C:/Users/calli/OneDrive/Desktop/Game Dev Stuff/HorrorPuzzle/HorrorPuzzleGame/Content/DownloadedAssets/Megascans/Surfaces/Old_Wallpaper_ufimeaady/High/ufimeaady_tier_1/Textures/T_ufimeaady_4K_B.ubulk" 1743
"C:/Users/calli/OneDrive/Desktop/Game Dev Stuff/HorrorPuzzle/HorrorPuzzleGame/Content/DownloadedAssets/Megascans/Surfaces/Old_Wallpaper_ufimeaady/High/ufimeaady_tier_1/Textures/T_ufimeaady_4K_B.uasset" 1744
"C:/Users/calli/OneDrive/Desktop/Game Dev Stuff/HorrorPuzzle/HorrorPuzzleGame/Content/DownloadedAssets/Megascans/Surfaces/Old_Wallpaper_ufimeaady/High/ufimeaady_tier_1/Textures/T_ufimeaady_4K_B.uexp" 1745
"../../../Engine/Plugins/Fab/Content/Materials/Standard/M_MS_Srf.uasset" 1746
"../../../Engine/Plugins/Fab/Content/Materials/Standard/M_MS_Srf.uexp" 1747
"C:/Users/calli/OneDrive/Desktop/Game Dev Stuff/HorrorPuzzle/HorrorPuzzleGame/Content/DownloadedAssets/Megascans/Surfaces/Old_Wallpaper_ufimeaady/High/ufimeaady_tier_1/Textures/T_ufimeaady_4K_ORM.ubulk" 1748
"C:/Users/calli/OneDrive/Desktop/Game Dev Stuff/HorrorPuzzle/HorrorPuzzleGame/Content/DownloadedAssets/Megascans/Surfaces/Old_Wallpaper_ufimeaady/High/ufimeaady_tier_1/Textures/T_ufimeaady_4K_ORM.uasset" 1749
"C:/Users/calli/OneDrive/Desktop/Game Dev Stuff/HorrorPuzzle/HorrorPuzzleGame/Content/DownloadedAssets/Megascans/Surfaces/Old_Wallpaper_ufimeaady/High/ufimeaady_tier_1/Textures/T_ufimeaady_4K_ORM.uexp" 1750
"C:/Users/calli/OneDrive/Desktop/Game Dev Stuff/HorrorPuzzle/HorrorPuzzleGame/Content/DownloadedAssets/Megascans/Surfaces/Old_Wallpaper_ufimeaady/High/ufimeaady_tier_1/Textures/T_ufimeaady_4K_N.ubulk" 1751
"C:/Users/calli/OneDrive/Desktop/Game Dev Stuff/HorrorPuzzle/HorrorPuzzleGame/Content/DownloadedAssets/Megascans/Surfaces/Old_Wallpaper_ufimeaady/High/ufimeaady_tier_1/Textures/T_ufimeaady_4K_N.uasset" 1752
"C:/Users/calli/OneDrive/Desktop/Game Dev Stuff/HorrorPuzzle/HorrorPuzzleGame/Content/DownloadedAssets/Megascans/Surfaces/Old_Wallpaper_ufimeaady/High/ufimeaady_tier_1/Textures/T_ufimeaady_4K_N.uexp" 1753
"C:/Users/calli/OneDrive/Desktop/Game Dev Stuff/HorrorPuzzle/HorrorPuzzleGame/Content/DownloadedAssets/Megascans/Surfaces/Old_Wallpaper_ufimeaady/High/ufimeaady_tier_1/Textures/T_ufimeaady_4K_H.ubulk" 1754
"C:/Users/calli/OneDrive/Desktop/Game Dev Stuff/HorrorPuzzle/HorrorPuzzleGame/Content/DownloadedAssets/Megascans/Surfaces/Old_Wallpaper_ufimeaady/High/ufimeaady_tier_1/Textures/T_ufimeaady_4K_H.uasset" 1755
"C:/Users/calli/OneDrive/Desktop/Game Dev Stuff/HorrorPuzzle/HorrorPuzzleGame/Content/DownloadedAssets/Megascans/Surfaces/Old_Wallpaper_ufimeaady/High/ufimeaady_tier_1/Textures/T_ufimeaady_4K_H.uexp" 1756
"C:/Users/calli/OneDrive/Desktop/Game Dev Stuff/HorrorPuzzle/HorrorPuzzleGame/Content/DownloadedAssets/Megascans/Surfaces/Old_Wallpaper_ufimeaady/High/ufimeaady_tier_1/Materials/MI_ufimeaady.uasset" 1757
"C:/Users/calli/OneDrive/Desktop/Game Dev Stuff/HorrorPuzzle/HorrorPuzzleGame/Content/DownloadedAssets/Megascans/Surfaces/Old_Wallpaper_ufimeaady/High/ufimeaady_tier_1/Materials/MI_ufimeaady.uexp" 1758
"C:/Users/calli/OneDrive/Desktop/Game Dev Stuff/HorrorPuzzle/HorrorPuzzleGame/Content/DownloadedAssets/Megascans/3D/Old_Wooden_Window_vmfwcabdw/Medium/vmfwcabdw_tier_2/Textures/T_vmfwcabdw_2K_ORM.ubulk" 1759
"C:/Users/calli/OneDrive/Desktop/Game Dev Stuff/HorrorPuzzle/HorrorPuzzleGame/Content/DownloadedAssets/Megascans/3D/Old_Wooden_Window_vmfwcabdw/Medium/vmfwcabdw_tier_2/Textures/T_vmfwcabdw_2K_ORM.uasset" 1760
"C:/Users/calli/OneDrive/Desktop/Game Dev Stuff/HorrorPuzzle/HorrorPuzzleGame/Content/DownloadedAssets/Megascans/3D/Old_Wooden_Window_vmfwcabdw/Medium/vmfwcabdw_tier_2/Textures/T_vmfwcabdw_2K_ORM.uexp" 1761
"C:/Users/calli/OneDrive/Desktop/Game Dev Stuff/HorrorPuzzle/HorrorPuzzleGame/Content/DownloadedAssets/Megascans/3D/Old_Wooden_Window_vmfwcabdw/Medium/vmfwcabdw_tier_2/Textures/T_vmfwcabdw_2K_N.ubulk" 1762
"C:/Users/calli/OneDrive/Desktop/Game Dev Stuff/HorrorPuzzle/HorrorPuzzleGame/Content/DownloadedAssets/Megascans/3D/Old_Wooden_Window_vmfwcabdw/Medium/vmfwcabdw_tier_2/Textures/T_vmfwcabdw_2K_N.uasset" 1763
"C:/Users/calli/OneDrive/Desktop/Game Dev Stuff/HorrorPuzzle/HorrorPuzzleGame/Content/DownloadedAssets/Megascans/3D/Old_Wooden_Window_vmfwcabdw/Medium/vmfwcabdw_tier_2/Textures/T_vmfwcabdw_2K_N.uexp" 1764
"C:/Users/calli/OneDrive/Desktop/Game Dev Stuff/HorrorPuzzle/HorrorPuzzleGame/Content/DownloadedAssets/Megascans/3D/Old_Wooden_Window_vmfwcabdw/Medium/vmfwcabdw_tier_2/Textures/T_vmfwcabdw_2K_B.ubulk" 1765
"C:/Users/calli/OneDrive/Desktop/Game Dev Stuff/HorrorPuzzle/HorrorPuzzleGame/Content/DownloadedAssets/Megascans/3D/Old_Wooden_Window_vmfwcabdw/Medium/vmfwcabdw_tier_2/Textures/T_vmfwcabdw_2K_B.uasset" 1766
"C:/Users/calli/OneDrive/Desktop/Game Dev Stuff/HorrorPuzzle/HorrorPuzzleGame/Content/DownloadedAssets/Megascans/3D/Old_Wooden_Window_vmfwcabdw/Medium/vmfwcabdw_tier_2/Textures/T_vmfwcabdw_2K_B.uexp" 1767
"C:/Users/calli/OneDrive/Desktop/Game Dev Stuff/HorrorPuzzle/HorrorPuzzleGame/Content/DownloadedAssets/Megascans/3D/Old_Wooden_Window_vmfwcabdw/Medium/vmfwcabdw_tier_2/Materials/MI_vmfwcabdw.uasset" 1768
"C:/Users/calli/OneDrive/Desktop/Game Dev Stuff/HorrorPuzzle/HorrorPuzzleGame/Content/DownloadedAssets/Megascans/3D/Old_Wooden_Window_vmfwcabdw/Medium/vmfwcabdw_tier_2/Materials/MI_vmfwcabdw.uexp" 1769
"C:/Users/calli/OneDrive/Desktop/Game Dev Stuff/HorrorPuzzle/HorrorPuzzleGame/Content/DownloadedAssets/Megascans/3D/Old_Wooden_Window_vmfwcabdw/Medium/vmfwcabdw_tier_2/StaticMeshes/vmfwcabdw_tier_2.ubulk" 1770
"C:/Users/calli/OneDrive/Desktop/Game Dev Stuff/HorrorPuzzle/HorrorPuzzleGame/Content/DownloadedAssets/Megascans/3D/Old_Wooden_Window_vmfwcabdw/Medium/vmfwcabdw_tier_2/StaticMeshes/vmfwcabdw_tier_2.uasset" 1771
"C:/Users/calli/OneDrive/Desktop/Game Dev Stuff/HorrorPuzzle/HorrorPuzzleGame/Content/DownloadedAssets/Megascans/3D/Old_Wooden_Window_vmfwcabdw/Medium/vmfwcabdw_tier_2/StaticMeshes/vmfwcabdw_tier_2.uexp" 1772
"C:/Users/calli/OneDrive/Desktop/Game Dev Stuff/HorrorPuzzle/HorrorPuzzleGame/Content/DownloadedAssets/Megascans/3D/Modular_Stairs_and_Handrail_Kit_wczwafvdw/Medium/w/Textures/T_wczwafvdw_2K_ORM.ubulk" 1773
"C:/Users/calli/OneDrive/Desktop/Game Dev Stuff/HorrorPuzzle/HorrorPuzzleGame/Content/DownloadedAssets/Megascans/3D/Modular_Stairs_and_Handrail_Kit_wczwafvdw/Medium/w/Textures/T_wczwafvdw_2K_ORM.uasset" 1774
"C:/Users/calli/OneDrive/Desktop/Game Dev Stuff/HorrorPuzzle/HorrorPuzzleGame/Content/DownloadedAssets/Megascans/3D/Modular_Stairs_and_Handrail_Kit_wczwafvdw/Medium/w/Textures/T_wczwafvdw_2K_ORM.uexp" 1775
"C:/Users/calli/OneDrive/Desktop/Game Dev Stuff/HorrorPuzzle/HorrorPuzzleGame/Content/DownloadedAssets/Megascans/3D/Modular_Stairs_and_Handrail_Kit_wczwafvdw/Medium/w/Textures/T_wczwafvdw_2K_N.ubulk" 1776
"C:/Users/calli/OneDrive/Desktop/Game Dev Stuff/HorrorPuzzle/HorrorPuzzleGame/Content/DownloadedAssets/Megascans/3D/Modular_Stairs_and_Handrail_Kit_wczwafvdw/Medium/w/Textures/T_wczwafvdw_2K_N.uasset" 1777
"C:/Users/calli/OneDrive/Desktop/Game Dev Stuff/HorrorPuzzle/HorrorPuzzleGame/Content/DownloadedAssets/Megascans/3D/Modular_Stairs_and_Handrail_Kit_wczwafvdw/Medium/w/Textures/T_wczwafvdw_2K_N.uexp" 1778
"C:/Users/calli/OneDrive/Desktop/Game Dev Stuff/HorrorPuzzle/HorrorPuzzleGame/Content/DownloadedAssets/Megascans/3D/Modular_Stairs_and_Handrail_Kit_wczwafvdw/Medium/w/Textures/T_wczwafvdw_2K_B.ubulk" 1779
"C:/Users/calli/OneDrive/Desktop/Game Dev Stuff/HorrorPuzzle/HorrorPuzzleGame/Content/DownloadedAssets/Megascans/3D/Modular_Stairs_and_Handrail_Kit_wczwafvdw/Medium/w/Textures/T_wczwafvdw_2K_B.uasset" 1780
"C:/Users/calli/OneDrive/Desktop/Game Dev Stuff/HorrorPuzzle/HorrorPuzzleGame/Content/DownloadedAssets/Megascans/3D/Modular_Stairs_and_Handrail_Kit_wczwafvdw/Medium/w/Textures/T_wczwafvdw_2K_B.uexp" 1781
"C:/Users/calli/OneDrive/Desktop/Game Dev Stuff/HorrorPuzzle/HorrorPuzzleGame/Content/DownloadedAssets/Megascans/3D/Modular_Stairs_and_Handrail_Kit_wczwafvdw/Medium/w/Materials/MI_wczwafvdw.uasset" 1782
"C:/Users/calli/OneDrive/Desktop/Game Dev Stuff/HorrorPuzzle/HorrorPuzzleGame/Content/DownloadedAssets/Megascans/3D/Modular_Stairs_and_Handrail_Kit_wczwafvdw/Medium/w/Materials/MI_wczwafvdw.uexp" 1783
"C:/Users/calli/OneDrive/Desktop/Game Dev Stuff/HorrorPuzzle/HorrorPuzzleGame/Content/DownloadedAssets/Megascans/3D/Modular_Stairs_and_Handrail_Kit_wczwafvdw/Medium/w/StaticMeshes/wczwafvdw_LOD0_TIER2_000.ubulk" 1784
"C:/Users/calli/OneDrive/Desktop/Game Dev Stuff/HorrorPuzzle/HorrorPuzzleGame/Content/DownloadedAssets/Megascans/3D/Modular_Stairs_and_Handrail_Kit_wczwafvdw/Medium/w/StaticMeshes/wczwafvdw_LOD0_TIER2_000.uasset" 1785
"C:/Users/calli/OneDrive/Desktop/Game Dev Stuff/HorrorPuzzle/HorrorPuzzleGame/Content/DownloadedAssets/Megascans/3D/Modular_Stairs_and_Handrail_Kit_wczwafvdw/Medium/w/StaticMeshes/wczwafvdw_LOD0_TIER2_000.uexp" 1786
"C:/Users/calli/OneDrive/Desktop/Game Dev Stuff/HorrorPuzzle/HorrorPuzzleGame/Content/DownloadedAssets/Megascans/3D/Modular_Stairs_and_Handrail_Kit_wczwafvdw/Medium/w/StaticMeshes/wczwafvdw_LOD0_TIER2_001.ubulk" 1787
"C:/Users/calli/OneDrive/Desktop/Game Dev Stuff/HorrorPuzzle/HorrorPuzzleGame/Content/DownloadedAssets/Megascans/3D/Modular_Stairs_and_Handrail_Kit_wczwafvdw/Medium/w/StaticMeshes/wczwafvdw_LOD0_TIER2_001.uasset" 1788
"C:/Users/calli/OneDrive/Desktop/Game Dev Stuff/HorrorPuzzle/HorrorPuzzleGame/Content/DownloadedAssets/Megascans/3D/Modular_Stairs_and_Handrail_Kit_wczwafvdw/Medium/w/StaticMeshes/wczwafvdw_LOD0_TIER2_001.uexp" 1789
"C:/Users/calli/OneDrive/Desktop/Game Dev Stuff/HorrorPuzzle/HorrorPuzzleGame/Content/DownloadedAssets/Megascans/3D/Modular_Stairs_and_Handrail_Kit_wczwafvdw/Medium/w/StaticMeshes/wczwafvdw_LOD0_TIER2_002.ubulk" 1790
"C:/Users/calli/OneDrive/Desktop/Game Dev Stuff/HorrorPuzzle/HorrorPuzzleGame/Content/DownloadedAssets/Megascans/3D/Modular_Stairs_and_Handrail_Kit_wczwafvdw/Medium/w/StaticMeshes/wczwafvdw_LOD0_TIER2_002.uasset" 1791
"C:/Users/calli/OneDrive/Desktop/Game Dev Stuff/HorrorPuzzle/HorrorPuzzleGame/Content/DownloadedAssets/Megascans/3D/Modular_Stairs_and_Handrail_Kit_wczwafvdw/Medium/w/StaticMeshes/wczwafvdw_LOD0_TIER2_002.uexp" 1792
"C:/Users/calli/OneDrive/Desktop/Game Dev Stuff/HorrorPuzzle/HorrorPuzzleGame/Content/Levels/NewWorld.uexp" 1793
"C:/Users/calli/OneDrive/Desktop/Game Dev Stuff/HorrorPuzzle/HorrorPuzzleGame/Content/Levels/NewWorld.umap" 1794
