"../../../Engine/Plugins/Animation/ACLPlugin/Content/ACLAnimBoneCompressionSettings.uasset" 0
"../../../Engine/Plugins/Animation/ACLPlugin/Content/ACLAnimBoneCompressionSettings.uexp" 1
"../../../Engine/Plugins/2D/Paper2D/Content/PlaceholderTextures/DummySpriteTexture.ubulk" 2
"../../../Engine/Plugins/2D/Paper2D/Content/PlaceholderTextures/DummySpriteTexture.uasset" 3
"../../../Engine/Plugins/2D/Paper2D/Content/PlaceholderTextures/DummySpriteTexture.uexp" 4
"../../../Engine/Plugins/2D/Paper2D/Content/DummySprite.uasset" 5
"../../../Engine/Plugins/2D/Paper2D/Content/DummySprite.uexp" 6
"../../../Engine/Plugins/2D/Paper2D/Content/DefaultPaperTerrainMaterial.uasset" 7
"../../../Engine/Plugins/2D/Paper2D/Content/DefaultPaperTerrainMaterial.uexp" 8
"../../../Engine/Plugins/Interchange/Runtime/Content/Pipelines/DefaultTexturePipeline.uasset" 9
"../../../Engine/Plugins/Interchange/Runtime/Content/Pipelines/DefaultTexturePipeline.uexp" 10
"../../../Engine/Plugins/Interchange/Runtime/Content/Pipelines/DefaultSceneLevelPipeline.uasset" 11
"../../../Engine/Plugins/Interchange/Runtime/Content/Pipelines/DefaultSceneLevelPipeline.uexp" 12
"../../../Engine/Plugins/Interchange/Runtime/Content/Pipelines/DefaultSceneAssetsPipeline.uasset" 13
"../../../Engine/Plugins/Interchange/Runtime/Content/Pipelines/DefaultSceneAssetsPipeline.uexp" 14
"../../../Engine/Plugins/Interchange/Runtime/Content/Pipelines/DefaultMaterialXPipeline.uasset" 15
"../../../Engine/Plugins/Interchange/Runtime/Content/Pipelines/DefaultMaterialXPipeline.uexp" 16
"../../../Engine/Plugins/Interchange/Runtime/Content/Pipelines/DefaultMaterialPipeline.uasset" 17
"../../../Engine/Plugins/Interchange/Runtime/Content/Pipelines/DefaultMaterialPipeline.uexp" 18
"../../../Engine/Plugins/Interchange/Runtime/Content/Pipelines/DefaultGLTFSceneAssetsPipeline.uasset" 19
"../../../Engine/Plugins/Interchange/Runtime/Content/Pipelines/DefaultGLTFSceneAssetsPipeline.uexp" 20
"../../../Engine/Plugins/Interchange/Runtime/Content/Pipelines/DefaultGLTFPipeline.uasset" 21
"../../../Engine/Plugins/Interchange/Runtime/Content/Pipelines/DefaultGLTFPipeline.uexp" 22
"../../../Engine/Plugins/Interchange/Runtime/Content/Pipelines/DefaultGLTFAssetsPipeline.uasset" 23
"../../../Engine/Plugins/Interchange/Runtime/Content/Pipelines/DefaultGLTFAssetsPipeline.uexp" 24
"../../../Engine/Plugins/Interchange/Runtime/Content/Pipelines/DefaultAssetsPipeline.uasset" 25
"../../../Engine/Plugins/Interchange/Runtime/Content/Pipelines/DefaultAssetsPipeline.uexp" 26
"../../../Engine/Content/EngineSounds/Master.uasset" 27
"../../../Engine/Content/EngineSounds/Master.uexp" 28
"../../../Engine/Content/EngineMaterials/DefaultPhysicalMaterial.uasset" 29
"../../../Engine/Content/EngineMaterials/DefaultPhysicalMaterial.uexp" 30
"../../../Engine/Content/EngineMaterials/DefaultDestructiblePhysicalMaterial.uasset" 31
"../../../Engine/Content/EngineMaterials/DefaultDestructiblePhysicalMaterial.uexp" 32
"../../../Engine/Content/EngineFonts/Faces/DroidSansFallback.uexp" 33
"../../../Engine/Content/EngineFonts/Faces/DroidSansFallback.uasset" 34
"../../../Engine/Content/EngineFonts/Faces/DroidSansFallback.ufont" 35
"../../../Engine/Content/EngineFonts/Faces/RobotoRegular.uexp" 36
"../../../Engine/Content/EngineFonts/Faces/RobotoRegular.uasset" 37
"../../../Engine/Content/EngineFonts/Faces/RobotoRegular.ufont" 38
"../../../Engine/Content/EngineFonts/Faces/RobotoLight.uexp" 39
"../../../Engine/Content/EngineFonts/Faces/RobotoLight.uasset" 40
"../../../Engine/Content/EngineFonts/Faces/RobotoLight.ufont" 41
"../../../Engine/Content/EngineFonts/Faces/RobotoItalic.uexp" 42
"../../../Engine/Content/EngineFonts/Faces/RobotoItalic.uasset" 43
"../../../Engine/Content/EngineFonts/Faces/RobotoItalic.ufont" 44
"../../../Engine/Content/EngineFonts/Faces/RobotoBoldItalic.uexp" 45
"../../../Engine/Content/EngineFonts/Faces/RobotoBoldItalic.uasset" 46
"../../../Engine/Content/EngineFonts/Faces/RobotoBoldItalic.ufont" 47
"../../../Engine/Content/EngineFonts/Faces/RobotoBold.uexp" 48
"../../../Engine/Content/EngineFonts/Faces/RobotoBold.uasset" 49
"../../../Engine/Content/EngineFonts/Faces/RobotoBold.ufont" 50
"../../../Engine/Content/EngineFonts/Roboto.uasset" 51
"../../../Engine/Content/EngineFonts/Roboto.uexp" 52
"../../../Engine/Content/EngineFonts/Faces/DroidSansMono.uexp" 53
"../../../Engine/Content/EngineFonts/Faces/DroidSansMono.uasset" 54
"../../../Engine/Content/EngineFonts/Faces/DroidSansMono.ufont" 55
"../../../Engine/Content/EngineFonts/DroidSansMono.uasset" 56
"../../../Engine/Content/EngineFonts/DroidSansMono.uexp" 57
"../../../Engine/Content/EngineResources/GradientTexture0.uasset" 58
"../../../Engine/Content/EngineResources/GradientTexture0.uexp" 59
"../../../Engine/Content/EngineResources/Black.uasset" 60
"../../../Engine/Content/EngineResources/Black.uexp" 61
"../../../Engine/Content/EditorResources/S_Actor.ubulk" 62
"../../../Engine/Content/EditorResources/S_Actor.uasset" 63
"../../../Engine/Content/EditorResources/S_Actor.uexp" 64
"../../../Engine/Plugins/NNE/NNEDenoiser/Content/NNEDTOM_Output_Default.uasset" 65
"../../../Engine/Plugins/NNE/NNEDenoiser/Content/NNEDTOM_Output_Default.uexp" 66
"../../../Engine/Plugins/NNE/NNEDenoiser/Content/NNEDTOM_Output_Alpha.uasset" 67
"../../../Engine/Plugins/NNE/NNEDenoiser/Content/NNEDTOM_Output_Alpha.uexp" 68
"../../../Engine/Plugins/NNE/NNEDenoiser/Content/NNEDTIM_ColorAlbedoNormal_Default.uasset" 69
"../../../Engine/Plugins/NNE/NNEDenoiser/Content/NNEDTIM_ColorAlbedoNormal_Default.uexp" 70
"../../../Engine/Plugins/NNE/NNEDenoiser/Content/NNEDTIM_ColorAlbedoNormal_Alpha.uasset" 71
"../../../Engine/Plugins/NNE/NNEDenoiser/Content/NNEDTIM_ColorAlbedoNormal_Alpha.uexp" 72
"../../../Engine/Plugins/NNE/NNEDenoiser/Content/NNEDOM_Output_Default.uasset" 73
"../../../Engine/Plugins/NNE/NNEDenoiser/Content/NNEDOM_Output_Default.uexp" 74
"../../../Engine/Plugins/NNE/NNEDenoiser/Content/NNEDOM_Output_Alpha.uasset" 75
"../../../Engine/Plugins/NNE/NNEDenoiser/Content/NNEDOM_Output_Alpha.uexp" 76
"../../../Engine/Plugins/NNE/NNEDenoiser/Content/NNEDIM_HighQuality_Default.uasset" 77
"../../../Engine/Plugins/NNE/NNEDenoiser/Content/NNEDIM_HighQuality_Default.uexp" 78
"../../../Engine/Plugins/NNE/NNEDenoiser/Content/NNEDIM_HighQuality_Alpha.uasset" 79
"../../../Engine/Plugins/NNE/NNEDenoiser/Content/NNEDIM_HighQuality_Alpha.uexp" 80
"../../../Engine/Plugins/NNE/NNEDenoiser/Content/NNEDIM_ColorAlbedoNormal_Default.uasset" 81
"../../../Engine/Plugins/NNE/NNEDenoiser/Content/NNEDIM_ColorAlbedoNormal_Default.uexp" 82
"../../../Engine/Plugins/NNE/NNEDenoiser/Content/NNEDIM_ColorAlbedoNormal_Alpha.uasset" 83
"../../../Engine/Plugins/NNE/NNEDenoiser/Content/NNEDIM_ColorAlbedoNormal_Alpha.uexp" 84
"../../../Engine/Content/Functions/Engine_MaterialFunctions02/WorldPositionOffset/CameraOffset.uasset" 85
"../../../Engine/Content/Functions/Engine_MaterialFunctions02/WorldPositionOffset/CameraOffset.uexp" 86
"../../../Engine/Plugins/Animation/ControlRig/Content/M_Manip.uasset" 87
"../../../Engine/Plugins/Animation/ControlRig/Content/M_Manip.uexp" 88
"../../../Engine/Content/EditorResources/S_TriggerSphere.uasset" 89
"../../../Engine/Content/EditorResources/S_TriggerSphere.uexp" 90
"../../../Engine/Content/EditorResources/S_TriggerCapsule.uasset" 91
"../../../Engine/Content/EditorResources/S_TriggerCapsule.uexp" 92
"../../../Engine/Content/EditorResources/S_TriggerBox.uasset" 93
"../../../Engine/Content/EditorResources/S_TriggerBox.uexp" 94
"../../../Engine/Content/EditorResources/S_Trigger.ubulk" 95
"../../../Engine/Content/EditorResources/S_Trigger.uasset" 96
"../../../Engine/Content/EditorResources/S_Trigger.uexp" 97
"../../../Engine/Content/EditorResources/S_Terrain.ubulk" 98
"../../../Engine/Content/EditorResources/S_Terrain.uasset" 99
"../../../Engine/Content/EditorResources/S_Terrain.uexp" 100
"../../../Engine/Content/EditorResources/S_Solver.ubulk" 101
"../../../Engine/Content/EditorResources/S_Solver.uasset" 102
"../../../Engine/Content/EditorResources/S_Solver.uexp" 103
"../../../Engine/Content/EditorResources/S_BoxReflectionCapture.uasset" 104
"../../../Engine/Content/EditorResources/S_BoxReflectionCapture.uexp" 105
"../../../Engine/Content/EditorResources/BSPVertex.uasset" 106
"../../../Engine/Content/EditorResources/BSPVertex.uexp" 107
"../../../Engine/Content/EditorMaterials/PreviewShadowIndicator.ubulk" 108
"../../../Engine/Content/EditorMaterials/PreviewShadowIndicator.uasset" 109
"../../../Engine/Content/EditorMaterials/PreviewShadowIndicator.uexp" 110
"../../../Engine/Content/EditorMaterials/PreviewShadowIndicatorMaterial.uasset" 111
"../../../Engine/Content/EditorMaterials/PreviewShadowIndicatorMaterial.uexp" 112
"../../../Engine/Content/EditorMaterials/PhAT_UnselectedMaterial.uasset" 113
"../../../Engine/Content/EditorMaterials/PhAT_UnselectedMaterial.uexp" 114
"../../../Engine/Content/EditorMaterials/PhAT_NoCollisionMaterial.uasset" 115
"../../../Engine/Content/EditorMaterials/PhAT_NoCollisionMaterial.uexp" 116
"../../../Engine/Content/EditorLandscapeResources/WhiteSquareTexture.uasset" 117
"../../../Engine/Content/EditorLandscapeResources/WhiteSquareTexture.uexp" 118
"../../../Engine/Content/EditorLandscapeResources/LayerVisMaterial.uasset" 119
"../../../Engine/Content/EditorLandscapeResources/LayerVisMaterial.uexp" 120
"../../../Engine/Content/Functions/Engine_MaterialFunctions02/WorldPositionOffset/LocalPosition.uasset" 121
"../../../Engine/Content/Functions/Engine_MaterialFunctions02/WorldPositionOffset/LocalPosition.uexp" 122
"../../../Engine/Content/Functions/Engine_MaterialFunctions02/Utility/BreakOutFloat2Components.uasset" 123
"../../../Engine/Content/Functions/Engine_MaterialFunctions02/Utility/BreakOutFloat2Components.uexp" 124
"../../../Engine/Content/Functions/Engine_MaterialFunctions01/Texturing/ScaleUVsByCenter.uasset" 125
"../../../Engine/Content/Functions/Engine_MaterialFunctions01/Texturing/ScaleUVsByCenter.uexp" 126
"../../../Engine/Content/EngineMaterials/DefaultDiffuse.ubulk" 127
"../../../Engine/Content/EngineMaterials/DefaultDiffuse.uasset" 128
"../../../Engine/Content/EngineMaterials/DefaultDiffuse.uexp" 129
"../../../Engine/Content/Functions/Engine_MaterialFunctions01/Texturing/TextureCropping.uasset" 130
"../../../Engine/Content/Functions/Engine_MaterialFunctions01/Texturing/TextureCropping.uexp" 131
"../../../Engine/Content/Functions/Engine_MaterialFunctions02/ExampleContent/DebugNumberStrip.uasset" 132
"../../../Engine/Content/Functions/Engine_MaterialFunctions02/ExampleContent/DebugNumberStrip.uexp" 133
"../../../Engine/Content/Functions/Engine_MaterialFunctions01/Debug/DebugIntValues.uasset" 134
"../../../Engine/Content/Functions/Engine_MaterialFunctions01/Debug/DebugIntValues.uexp" 135
"../../../Engine/Content/EditorLandscapeResources/LandscapeLayerUsageMaterial.uasset" 136
"../../../Engine/Content/EditorLandscapeResources/LandscapeLayerUsageMaterial.uexp" 137
"../../../Engine/Content/EditorLandscapeResources/DefaultAlphaTexture.uasset" 138
"../../../Engine/Content/EditorLandscapeResources/DefaultAlphaTexture.uexp" 139
"../../../Engine/Content/EditorLandscapeResources/LandscapeDirtyMaterial.uasset" 140
"../../../Engine/Content/EditorLandscapeResources/LandscapeDirtyMaterial.uexp" 141
"../../../Engine/Content/Functions/Engine_MaterialFunctions02/Utility/VectorLength.uasset" 142
"../../../Engine/Content/Functions/Engine_MaterialFunctions02/Utility/VectorLength.uexp" 143
"../../../Engine/Content/Functions/Engine_MaterialFunctions02/Utility/BreakOutFloat3Components.uasset" 144
"../../../Engine/Content/Functions/Engine_MaterialFunctions02/Utility/BreakOutFloat3Components.uexp" 145
"../../../Engine/Content/Functions/Engine_MaterialFunctions02/WorldPositionOffset/ObjectScale.uasset" 146
"../../../Engine/Content/Functions/Engine_MaterialFunctions02/WorldPositionOffset/ObjectScale.uexp" 147
"../../../Engine/Content/Functions/Engine_MaterialFunctions02/SafeNormalize.uasset" 148
"../../../Engine/Content/Functions/Engine_MaterialFunctions02/SafeNormalize.uexp" 149
"../../../Engine/Plugins/Editor/SpeedTreeImporter/Content/SpeedTree9/UnpackInteger3.uasset" 150
"../../../Engine/Plugins/Editor/SpeedTreeImporter/Content/SpeedTree9/UnpackInteger3.uexp" 151
"../../../Engine/Plugins/Editor/SpeedTreeImporter/Content/SpeedTree9/UnpackDirection.uasset" 152
"../../../Engine/Plugins/Editor/SpeedTreeImporter/Content/SpeedTree9/UnpackDirection.uexp" 153
"../../../Engine/Plugins/Editor/SpeedTreeImporter/Content/SpeedTree9/game_wind_noise.ubulk" 154
"../../../Engine/Plugins/Editor/SpeedTreeImporter/Content/SpeedTree9/game_wind_noise.uasset" 155
"../../../Engine/Plugins/Editor/SpeedTreeImporter/Content/SpeedTree9/game_wind_noise.uexp" 156
"../../../Engine/Plugins/Editor/SpeedTreeImporter/Content/SpeedTree9/SpeedTreeWindMotion.uasset" 157
"../../../Engine/Plugins/Editor/SpeedTreeImporter/Content/SpeedTree9/SpeedTreeWindMotion.uexp" 158
"../../../Engine/Plugins/Editor/SpeedTreeImporter/Content/SpeedTree9/SpeedTreeBranchMotion.uasset" 159
"../../../Engine/Plugins/Editor/SpeedTreeImporter/Content/SpeedTree9/SpeedTreeBranchMotion.uexp" 160
"../../../Engine/Content/Functions/Engine_MaterialFunctions02/ObjectLocalBounds.uasset" 161
"../../../Engine/Content/Functions/Engine_MaterialFunctions02/ObjectLocalBounds.uexp" 162
"../../../Engine/Content/Functions/Engine_MaterialFunctions02/UVs/BoundingBoxBased_0-1_UVW.uasset" 163
"../../../Engine/Content/Functions/Engine_MaterialFunctions02/UVs/BoundingBoxBased_0-1_UVW.uexp" 164
"../../../Engine/Plugins/Editor/SpeedTreeImporter/Content/SpeedTree9/SpeedTreeWind.uasset" 165
"../../../Engine/Plugins/Editor/SpeedTreeImporter/Content/SpeedTree9/SpeedTreeWind.uexp" 166
"../../../Engine/Plugins/Editor/SpeedTreeImporter/Content/SpeedTree9/SpeedTreeCameraFacing.uasset" 167
"../../../Engine/Plugins/Editor/SpeedTreeImporter/Content/SpeedTree9/SpeedTreeCameraFacing.uexp" 168
"../../../Engine/Plugins/Editor/SpeedTreeImporter/Content/SpeedTree9/EmptyNormal.uasset" 169
"../../../Engine/Plugins/Editor/SpeedTreeImporter/Content/SpeedTree9/EmptyNormal.uexp" 170
"../../../Engine/Plugins/Editor/SpeedTreeImporter/Content/SpeedTree9/Empty.uasset" 171
"../../../Engine/Plugins/Editor/SpeedTreeImporter/Content/SpeedTree9/Empty.uexp" 172
"../../../Engine/Plugins/Editor/SpeedTreeImporter/Content/SpeedTree9/SpeedTreeMaster.uasset" 173
"../../../Engine/Plugins/Editor/SpeedTreeImporter/Content/SpeedTree9/SpeedTreeMaster.uexp" 174
"../../../Engine/Plugins/Editor/SpeedTreeImporter/Content/SpeedTree9/SpeedTreeBillboard.uasset" 175
"../../../Engine/Plugins/Editor/SpeedTreeImporter/Content/SpeedTree9/SpeedTreeBillboard.uexp" 176
"../../../Engine/Plugins/Editor/SpeedTreeImporter/Content/SpeedTree9/SpeedTreeBillboardMaster.uasset" 177
"../../../Engine/Plugins/Editor/SpeedTreeImporter/Content/SpeedTree9/SpeedTreeBillboardMaster.uexp" 178
"../../../Engine/Plugins/Animation/ControlRig/Content/Controls/ControlRigXRayMaterial.uasset" 179
"../../../Engine/Plugins/Animation/ControlRig/Content/Controls/ControlRigXRayMaterial.uexp" 180
"../../../Engine/Plugins/Animation/ControlRig/Content/Controls/ControlRigGizmoMaterial.uasset" 181
"../../../Engine/Plugins/Animation/ControlRig/Content/Controls/ControlRigGizmoMaterial.uexp" 182
"../../../Engine/Plugins/VirtualProduction/CameraCalibrationCore/Content/Materials/M_DefaultOddSquare.uasset" 183
"../../../Engine/Plugins/VirtualProduction/CameraCalibrationCore/Content/Materials/M_DefaultOddSquare.uexp" 184
"../../../Engine/Plugins/VirtualProduction/CameraCalibrationCore/Content/Materials/M_DefaultEvenSquare.uasset" 185
"../../../Engine/Plugins/VirtualProduction/CameraCalibrationCore/Content/Materials/M_DefaultEvenSquare.uexp" 186
"../../../Engine/Plugins/Runtime/HairStrands/Content/Materials/HairMeshesDefaultMaterial.uasset" 187
"../../../Engine/Plugins/Runtime/HairStrands/Content/Materials/HairMeshesDefaultMaterial.uexp" 188
"../../../Engine/Plugins/Runtime/HairStrands/Content/Materials/HairDefaultMaterial.uasset" 189
"../../../Engine/Plugins/Runtime/HairStrands/Content/Materials/HairDefaultMaterial.uexp" 190
"../../../Engine/Content/Functions/Engine_MaterialFunctions02/Utility/MakeFloat2.uasset" 191
"../../../Engine/Content/Functions/Engine_MaterialFunctions02/Utility/MakeFloat2.uexp" 192
"../../../Engine/Content/Functions/Engine_MaterialFunctions02/Utility/MakeFloat3.uasset" 193
"../../../Engine/Content/Functions/Engine_MaterialFunctions02/Utility/MakeFloat3.uexp" 194
"../../../Engine/Content/EngineMaterials/HairDebugColor.uasset" 195
"../../../Engine/Content/EngineMaterials/HairDebugColor.uexp" 196
"../../../Engine/Content/EngineMaterials/HairColorMap.uasset" 197
"../../../Engine/Content/EngineMaterials/HairColorMap.uexp" 198
"../../../Engine/Plugins/Runtime/HairStrands/Content/Materials/HairGroupColors.uasset" 199
"../../../Engine/Plugins/Runtime/HairStrands/Content/Materials/HairGroupColors.uexp" 200
"../../../Engine/Plugins/Runtime/HairStrands/Content/Materials/HairDebugMaterial.uasset" 201
"../../../Engine/Plugins/Runtime/HairStrands/Content/Materials/HairDebugMaterial.uexp" 202
"../../../Engine/Plugins/Runtime/HairStrands/Content/Materials/HairCardsDefaultMaterial.uasset" 203
"../../../Engine/Plugins/Runtime/HairStrands/Content/Materials/HairCardsDefaultMaterial.uexp" 204
"../../../Engine/Plugins/Runtime/AudioWidgets/Content/Resources/ScrubHandleDown_Clamped.uasset" 205
"../../../Engine/Plugins/Runtime/AudioWidgets/Content/Resources/ScrubHandleDown_Clamped.uexp" 206
"../../../Engine/Plugins/Interchange/Assets/Content/Functions/MX_UsdPreviewSurface.uasset" 207
"../../../Engine/Plugins/Interchange/Assets/Content/Functions/MX_UsdPreviewSurface.uexp" 208
"../../../Engine/Plugins/Interchange/Assets/Content/Functions/MX_UniformEDF.uasset" 209
"../../../Engine/Plugins/Interchange/Assets/Content/Functions/MX_UniformEDF.uexp" 210
"../../../Engine/Plugins/Interchange/Assets/Content/Functions/MX_TranslucentBSDF.uasset" 211
"../../../Engine/Plugins/Interchange/Assets/Content/Functions/MX_TranslucentBSDF.uexp" 212
"../../../Engine/Plugins/Interchange/Assets/Content/Functions/MX_ThinFilmBSDF.uasset" 213
"../../../Engine/Plugins/Interchange/Assets/Content/Functions/MX_ThinFilmBSDF.uexp" 214
"../../../Engine/Plugins/Interchange/Assets/Content/Functions/MX_SurfaceUnlit.uasset" 215
"../../../Engine/Plugins/Interchange/Assets/Content/Functions/MX_SurfaceUnlit.uexp" 216
"../../../Engine/Plugins/Interchange/Assets/Content/Functions/MX_Surface.uasset" 217
"../../../Engine/Plugins/Interchange/Assets/Content/Functions/MX_Surface.uexp" 218
"../../../Engine/Plugins/Interchange/Assets/Content/Functions/MX_SubsurfaceBSDF.uasset" 219
"../../../Engine/Plugins/Interchange/Assets/Content/Functions/MX_SubsurfaceBSDF.uexp" 220
"../../../Engine/Plugins/Interchange/Assets/Content/Functions/MX_SheenBSDF.uasset" 221
"../../../Engine/Plugins/Interchange/Assets/Content/Functions/MX_SheenBSDF.uexp" 222
"../../../Engine/Plugins/Interchange/Assets/Content/Functions/MX_OrenNayarBSDF.uasset" 223
"../../../Engine/Plugins/Interchange/Assets/Content/Functions/MX_OrenNayarBSDF.uexp" 224
"../../../Engine/Plugins/Interchange/Assets/Content/Functions/MF_IridescenceNoLUT.uasset" 225
"../../../Engine/Plugins/Interchange/Assets/Content/Functions/MF_IridescenceNoLUT.uexp" 226
"../../../Engine/Plugins/Interchange/Assets/Content/Functions/MX_StandardSurface.uasset" 227
"../../../Engine/Plugins/Interchange/Assets/Content/Functions/MX_StandardSurface.uexp" 228
"../../../Engine/Plugins/Interchange/Assets/Content/Functions/MX_TransmissionSurface.uasset" 229
"../../../Engine/Plugins/Interchange/Assets/Content/Functions/MX_TransmissionSurface.uexp" 230
"../../../Engine/Plugins/Interchange/Assets/Content/Functions/MX_OpenPBR_Translucent.uasset" 231
"../../../Engine/Plugins/Interchange/Assets/Content/Functions/MX_OpenPBR_Translucent.uexp" 232
"../../../Engine/Plugins/Interchange/Assets/Content/Functions/MX_OpenPBR_Opaque.uasset" 233
"../../../Engine/Plugins/Interchange/Assets/Content/Functions/MX_OpenPBR_Opaque.uexp" 234
"../../../Engine/Plugins/Interchange/Assets/Content/Functions/MX_MeasuredEDF.uasset" 235
"../../../Engine/Plugins/Interchange/Assets/Content/Functions/MX_MeasuredEDF.uexp" 236
"../../../Engine/Plugins/Interchange/Assets/Content/Functions/MX_GeneralizedSchlickBSDF.uasset" 237
"../../../Engine/Plugins/Interchange/Assets/Content/Functions/MX_GeneralizedSchlickBSDF.uexp" 238
"../../../Engine/Plugins/Interchange/Assets/Content/Functions/MX_Displacement.uasset" 239
"../../../Engine/Plugins/Interchange/Assets/Content/Functions/MX_Displacement.uexp" 240
"../../../Engine/Plugins/Interchange/Assets/Content/Functions/MX_DielectricBSDF.uasset" 241
"../../../Engine/Plugins/Interchange/Assets/Content/Functions/MX_DielectricBSDF.uexp" 242
"../../../Engine/Plugins/Interchange/Assets/Content/Functions/MX_ConicalEDF.uasset" 243
"../../../Engine/Plugins/Interchange/Assets/Content/Functions/MX_ConicalEDF.uexp" 244
"../../../Engine/Plugins/Interchange/Assets/Content/Functions/MX_ConductorBSDF.uasset" 245
"../../../Engine/Plugins/Interchange/Assets/Content/Functions/MX_ConductorBSDF.uexp" 246
"../../../Engine/Plugins/Interchange/Assets/Content/Functions/MX_BurleyDiffuseBSDF.uasset" 247
"../../../Engine/Plugins/Interchange/Assets/Content/Functions/MX_BurleyDiffuseBSDF.uexp" 248
"../../../Engine/Plugins/Interchange/Assets/Content/Functions/MX_AnisotropicVDF.uasset" 249
"../../../Engine/Plugins/Interchange/Assets/Content/Functions/MX_AnisotropicVDF.uexp" 250
"../../../Engine/Plugins/Interchange/Assets/Content/Functions/MX_AbsorptionVDF.uasset" 251
"../../../Engine/Plugins/Interchange/Assets/Content/Functions/MX_AbsorptionVDF.uexp" 252
"C:/Users/calli/OneDrive/Desktop/Game Dev Stuff/HorrorPuzzle/HorrorPuzzleGame/Content/Blueprints/InteractComponent.uasset" 253
"C:/Users/calli/OneDrive/Desktop/Game Dev Stuff/HorrorPuzzle/HorrorPuzzleGame/Content/Blueprints/InteractComponent.uexp" 254
"C:/Users/calli/OneDrive/Desktop/Game Dev Stuff/HorrorPuzzle/HorrorPuzzleGame/Content/UI/HUD.uasset" 255
"C:/Users/calli/OneDrive/Desktop/Game Dev Stuff/HorrorPuzzle/HorrorPuzzleGame/Content/UI/HUD.uexp" 256
"C:/Users/calli/OneDrive/Desktop/Game Dev Stuff/HorrorPuzzle/HorrorPuzzleGame/Content/Input/Actions/IA_MouseLook.uasset" 257
"C:/Users/calli/OneDrive/Desktop/Game Dev Stuff/HorrorPuzzle/HorrorPuzzleGame/Content/Input/Actions/IA_MouseLook.uexp" 258
"C:/Users/calli/OneDrive/Desktop/Game Dev Stuff/HorrorPuzzle/HorrorPuzzleGame/Content/Input/Actions/IA_Jump.uasset" 259
"C:/Users/calli/OneDrive/Desktop/Game Dev Stuff/HorrorPuzzle/HorrorPuzzleGame/Content/Input/Actions/IA_Jump.uexp" 260
"C:/Users/calli/OneDrive/Desktop/Game Dev Stuff/HorrorPuzzle/HorrorPuzzleGame/Content/Input/Actions/IA_Look.uasset" 261
"C:/Users/calli/OneDrive/Desktop/Game Dev Stuff/HorrorPuzzle/HorrorPuzzleGame/Content/Input/Actions/IA_Look.uexp" 262
"C:/Users/calli/OneDrive/Desktop/Game Dev Stuff/HorrorPuzzle/HorrorPuzzleGame/Content/Input/Actions/IA_Move.uasset" 263
"C:/Users/calli/OneDrive/Desktop/Game Dev Stuff/HorrorPuzzle/HorrorPuzzleGame/Content/Input/Actions/IA_Move.uexp" 264
"C:/Users/calli/OneDrive/Desktop/Game Dev Stuff/HorrorPuzzle/HorrorPuzzleGame/Content/Input/Actions/IA_Interact.uasset" 265
"C:/Users/calli/OneDrive/Desktop/Game Dev Stuff/HorrorPuzzle/HorrorPuzzleGame/Content/Input/Actions/IA_Interact.uexp" 266
"../../../Engine/Content/MobileResources/HUD/VirtualJoystick_Thumb.uasset" 267
"../../../Engine/Content/MobileResources/HUD/VirtualJoystick_Thumb.uexp" 268
"C:/Users/calli/OneDrive/Desktop/Game Dev Stuff/HorrorPuzzle/HorrorPuzzleGame/Content/Input/Touch/BPI_TouchInterface.uasset" 269
"C:/Users/calli/OneDrive/Desktop/Game Dev Stuff/HorrorPuzzle/HorrorPuzzleGame/Content/Input/Touch/BPI_TouchInterface.uexp" 270
"../../../Engine/Content/MobileResources/HUD/VirtualJoystick_Background.uasset" 271
"../../../Engine/Content/MobileResources/HUD/VirtualJoystick_Background.uexp" 272
"C:/Users/calli/OneDrive/Desktop/Game Dev Stuff/HorrorPuzzle/HorrorPuzzleGame/Content/Input/Touch/UI_Thumbstick.uasset" 273
"C:/Users/calli/OneDrive/Desktop/Game Dev Stuff/HorrorPuzzle/HorrorPuzzleGame/Content/Input/Touch/UI_Thumbstick.uexp" 274
"C:/Users/calli/OneDrive/Desktop/Game Dev Stuff/HorrorPuzzle/HorrorPuzzleGame/Content/Input/Touch/UI_TouchSimple.uasset" 275
"C:/Users/calli/OneDrive/Desktop/Game Dev Stuff/HorrorPuzzle/HorrorPuzzleGame/Content/Input/Touch/UI_TouchSimple.uexp" 276
"../../../Engine/Plugins/Animation/ControlRig/Content/Controls/DefaultGizmoLibraryNormalized.uasset" 277
"../../../Engine/Plugins/Animation/ControlRig/Content/Controls/DefaultGizmoLibraryNormalized.uexp" 278
"C:/Users/calli/OneDrive/Desktop/Game Dev Stuff/HorrorPuzzle/HorrorPuzzleGame/Content/FirstPerson/Anims/CtrlRig_FPWarp.uasset" 279
"C:/Users/calli/OneDrive/Desktop/Game Dev Stuff/HorrorPuzzle/HorrorPuzzleGame/Content/FirstPerson/Anims/CtrlRig_FPWarp.uexp" 280
"C:/Users/calli/OneDrive/Desktop/Game Dev Stuff/HorrorPuzzle/HorrorPuzzleGame/Content/Characters/Mannequins/Meshes/SK_Mannequin.uasset" 281
"C:/Users/calli/OneDrive/Desktop/Game Dev Stuff/HorrorPuzzle/HorrorPuzzleGame/Content/Characters/Mannequins/Meshes/SK_Mannequin.uexp" 282
"C:/Users/calli/OneDrive/Desktop/Game Dev Stuff/HorrorPuzzle/HorrorPuzzleGame/Content/FirstPerson/Anims/ABP_FP_Copy.uasset" 283
"C:/Users/calli/OneDrive/Desktop/Game Dev Stuff/HorrorPuzzle/HorrorPuzzleGame/Content/FirstPerson/Anims/ABP_FP_Copy.uexp" 284
"C:/Users/calli/OneDrive/Desktop/Game Dev Stuff/HorrorPuzzle/HorrorPuzzleGame/Content/Characters/Mannequins/Rigs/PA_Mannequin.uasset" 285
"C:/Users/calli/OneDrive/Desktop/Game Dev Stuff/HorrorPuzzle/HorrorPuzzleGame/Content/Characters/Mannequins/Rigs/PA_Mannequin.uexp" 286
"C:/Users/calli/OneDrive/Desktop/Game Dev Stuff/HorrorPuzzle/HorrorPuzzleGame/Content/Characters/Mannequins/Textures/Quinn/T_Quinn_01_N.ubulk" 287
"C:/Users/calli/OneDrive/Desktop/Game Dev Stuff/HorrorPuzzle/HorrorPuzzleGame/Content/Characters/Mannequins/Textures/Quinn/T_Quinn_01_N.uasset" 288
"C:/Users/calli/OneDrive/Desktop/Game Dev Stuff/HorrorPuzzle/HorrorPuzzleGame/Content/Characters/Mannequins/Textures/Quinn/T_Quinn_01_N.uexp" 289
"C:/Users/calli/OneDrive/Desktop/Game Dev Stuff/HorrorPuzzle/HorrorPuzzleGame/Content/Characters/Mannequins/Textures/Quinn/T_Quinn_01_MRA.ubulk" 290
"C:/Users/calli/OneDrive/Desktop/Game Dev Stuff/HorrorPuzzle/HorrorPuzzleGame/Content/Characters/Mannequins/Textures/Quinn/T_Quinn_01_MRA.uasset" 291
"C:/Users/calli/OneDrive/Desktop/Game Dev Stuff/HorrorPuzzle/HorrorPuzzleGame/Content/Characters/Mannequins/Textures/Quinn/T_Quinn_01_MRA.uexp" 292
"C:/Users/calli/OneDrive/Desktop/Game Dev Stuff/HorrorPuzzle/HorrorPuzzleGame/Content/Characters/Mannequins/Textures/Quinn/T_Quinn_01_D.ubulk" 293
"C:/Users/calli/OneDrive/Desktop/Game Dev Stuff/HorrorPuzzle/HorrorPuzzleGame/Content/Characters/Mannequins/Textures/Quinn/T_Quinn_01_D.uasset" 294
"C:/Users/calli/OneDrive/Desktop/Game Dev Stuff/HorrorPuzzle/HorrorPuzzleGame/Content/Characters/Mannequins/Textures/Quinn/T_Quinn_01_D.uexp" 295
"../../../Engine/Content/Functions/Engine_MaterialFunctions01/Opacity/CameraDepthFade.uasset" 296
"../../../Engine/Content/Functions/Engine_MaterialFunctions01/Opacity/CameraDepthFade.uexp" 297
"C:/Users/calli/OneDrive/Desktop/Game Dev Stuff/HorrorPuzzle/HorrorPuzzleGame/Content/Characters/Mannequins/Textures/Shared/T_UE_Logo_M.uasset" 298
"C:/Users/calli/OneDrive/Desktop/Game Dev Stuff/HorrorPuzzle/HorrorPuzzleGame/Content/Characters/Mannequins/Textures/Shared/T_UE_Logo_M.uexp" 299
"C:/Users/calli/OneDrive/Desktop/Game Dev Stuff/HorrorPuzzle/HorrorPuzzleGame/Content/Characters/Mannequins/Textures/Manny/T_Manny_01_MRA.ubulk" 300
"C:/Users/calli/OneDrive/Desktop/Game Dev Stuff/HorrorPuzzle/HorrorPuzzleGame/Content/Characters/Mannequins/Textures/Manny/T_Manny_01_MRA.uasset" 301
"C:/Users/calli/OneDrive/Desktop/Game Dev Stuff/HorrorPuzzle/HorrorPuzzleGame/Content/Characters/Mannequins/Textures/Manny/T_Manny_01_MRA.uexp" 302
"C:/Users/calli/OneDrive/Desktop/Game Dev Stuff/HorrorPuzzle/HorrorPuzzleGame/Content/Characters/Mannequins/Textures/Manny/T_Manny_01_D.ubulk" 303
"C:/Users/calli/OneDrive/Desktop/Game Dev Stuff/HorrorPuzzle/HorrorPuzzleGame/Content/Characters/Mannequins/Textures/Manny/T_Manny_01_D.uasset" 304
"C:/Users/calli/OneDrive/Desktop/Game Dev Stuff/HorrorPuzzle/HorrorPuzzleGame/Content/Characters/Mannequins/Textures/Manny/T_Manny_01_D.uexp" 305
"C:/Users/calli/OneDrive/Desktop/Game Dev Stuff/HorrorPuzzle/HorrorPuzzleGame/Content/Characters/Mannequins/Textures/Manny/T_Manny_01_BN.ubulk" 306
"C:/Users/calli/OneDrive/Desktop/Game Dev Stuff/HorrorPuzzle/HorrorPuzzleGame/Content/Characters/Mannequins/Textures/Manny/T_Manny_01_BN.uasset" 307
"C:/Users/calli/OneDrive/Desktop/Game Dev Stuff/HorrorPuzzle/HorrorPuzzleGame/Content/Characters/Mannequins/Textures/Manny/T_Manny_01_BN.uexp" 308
"C:/Users/calli/OneDrive/Desktop/Game Dev Stuff/HorrorPuzzle/HorrorPuzzleGame/Content/Characters/Mannequins/Materials/M_Mannequin.uasset" 309
"C:/Users/calli/OneDrive/Desktop/Game Dev Stuff/HorrorPuzzle/HorrorPuzzleGame/Content/Characters/Mannequins/Materials/M_Mannequin.uexp" 310
"C:/Users/calli/OneDrive/Desktop/Game Dev Stuff/HorrorPuzzle/HorrorPuzzleGame/Content/Characters/Mannequins/Materials/Quinn/MI_Quinn_01.uasset" 311
"C:/Users/calli/OneDrive/Desktop/Game Dev Stuff/HorrorPuzzle/HorrorPuzzleGame/Content/Characters/Mannequins/Materials/Quinn/MI_Quinn_01.uexp" 312
"C:/Users/calli/OneDrive/Desktop/Game Dev Stuff/HorrorPuzzle/HorrorPuzzleGame/Content/Characters/Mannequins/Textures/Quinn/T_Quinn_02_N.ubulk" 313
"C:/Users/calli/OneDrive/Desktop/Game Dev Stuff/HorrorPuzzle/HorrorPuzzleGame/Content/Characters/Mannequins/Textures/Quinn/T_Quinn_02_N.uasset" 314
"C:/Users/calli/OneDrive/Desktop/Game Dev Stuff/HorrorPuzzle/HorrorPuzzleGame/Content/Characters/Mannequins/Textures/Quinn/T_Quinn_02_N.uexp" 315
"C:/Users/calli/OneDrive/Desktop/Game Dev Stuff/HorrorPuzzle/HorrorPuzzleGame/Content/Characters/Mannequins/Textures/Quinn/T_Quinn_02_MRA.ubulk" 316
"C:/Users/calli/OneDrive/Desktop/Game Dev Stuff/HorrorPuzzle/HorrorPuzzleGame/Content/Characters/Mannequins/Textures/Quinn/T_Quinn_02_MRA.uasset" 317
"C:/Users/calli/OneDrive/Desktop/Game Dev Stuff/HorrorPuzzle/HorrorPuzzleGame/Content/Characters/Mannequins/Textures/Quinn/T_Quinn_02_MRA.uexp" 318
"C:/Users/calli/OneDrive/Desktop/Game Dev Stuff/HorrorPuzzle/HorrorPuzzleGame/Content/Characters/Mannequins/Textures/Quinn/T_Quinn_02_D.ubulk" 319
"C:/Users/calli/OneDrive/Desktop/Game Dev Stuff/HorrorPuzzle/HorrorPuzzleGame/Content/Characters/Mannequins/Textures/Quinn/T_Quinn_02_D.uasset" 320
"C:/Users/calli/OneDrive/Desktop/Game Dev Stuff/HorrorPuzzle/HorrorPuzzleGame/Content/Characters/Mannequins/Textures/Quinn/T_Quinn_02_D.uexp" 321
"C:/Users/calli/OneDrive/Desktop/Game Dev Stuff/HorrorPuzzle/HorrorPuzzleGame/Content/Characters/Mannequins/Materials/Quinn/MI_Quinn_02.uasset" 322
"C:/Users/calli/OneDrive/Desktop/Game Dev Stuff/HorrorPuzzle/HorrorPuzzleGame/Content/Characters/Mannequins/Materials/Quinn/MI_Quinn_02.uexp" 323
"C:/Users/calli/OneDrive/Desktop/Game Dev Stuff/HorrorPuzzle/HorrorPuzzleGame/Content/Characters/Mannequins/Meshes/SKM_Quinn_Simple.uasset" 324
"C:/Users/calli/OneDrive/Desktop/Game Dev Stuff/HorrorPuzzle/HorrorPuzzleGame/Content/Characters/Mannequins/Meshes/SKM_Quinn_Simple.uexp" 325
"../../../Engine/Content/Animation/DefaultVariableFrameStrippingSettings.uasset" 326
"../../../Engine/Content/Animation/DefaultVariableFrameStrippingSettings.uexp" 327
"../../../Engine/Content/Animation/DefaultAnimCurveCompressionSettings.uasset" 328
"../../../Engine/Content/Animation/DefaultAnimCurveCompressionSettings.uexp" 329
"../../../Engine/Content/Animation/DefaultAnimBoneCompressionSettings.uasset" 330
"../../../Engine/Content/Animation/DefaultAnimBoneCompressionSettings.uexp" 331
"C:/Users/calli/OneDrive/Desktop/Game Dev Stuff/HorrorPuzzle/HorrorPuzzleGame/Content/Characters/Mannequins/Anims/Unarmed/MM_Idle.uasset" 332
"C:/Users/calli/OneDrive/Desktop/Game Dev Stuff/HorrorPuzzle/HorrorPuzzleGame/Content/Characters/Mannequins/Anims/Unarmed/MM_Idle.uexp" 333
"../../../Engine/Plugins/Animation/ACLPlugin/Content/ACLAnimCurveCompressionSettings.uasset" 334
"../../../Engine/Plugins/Animation/ACLPlugin/Content/ACLAnimCurveCompressionSettings.uexp" 335
"C:/Users/calli/OneDrive/Desktop/Game Dev Stuff/HorrorPuzzle/HorrorPuzzleGame/Content/Audio/Footstep.ubulk" 336
"C:/Users/calli/OneDrive/Desktop/Game Dev Stuff/HorrorPuzzle/HorrorPuzzleGame/Content/Audio/Footstep.uasset" 337
"C:/Users/calli/OneDrive/Desktop/Game Dev Stuff/HorrorPuzzle/HorrorPuzzleGame/Content/Audio/Footstep.uexp" 338
"C:/Users/calli/OneDrive/Desktop/Game Dev Stuff/HorrorPuzzle/HorrorPuzzleGame/Content/Characters/Mannequins/Anims/Unarmed/Walk/MF_Unarmed_Walk_Right.uasset" 339
"C:/Users/calli/OneDrive/Desktop/Game Dev Stuff/HorrorPuzzle/HorrorPuzzleGame/Content/Characters/Mannequins/Anims/Unarmed/Walk/MF_Unarmed_Walk_Right.uexp" 340
"C:/Users/calli/OneDrive/Desktop/Game Dev Stuff/HorrorPuzzle/HorrorPuzzleGame/Content/Characters/Mannequins/Anims/Unarmed/Walk/MF_Unarmed_Walk_Left.uasset" 341
"C:/Users/calli/OneDrive/Desktop/Game Dev Stuff/HorrorPuzzle/HorrorPuzzleGame/Content/Characters/Mannequins/Anims/Unarmed/Walk/MF_Unarmed_Walk_Left.uexp" 342
"../../../Engine/Content/Animation/DefaultRecorderBoneCompression.uasset" 343
"../../../Engine/Content/Animation/DefaultRecorderBoneCompression.uexp" 344
"C:/Users/calli/OneDrive/Desktop/Game Dev Stuff/HorrorPuzzle/HorrorPuzzleGame/Content/Characters/Mannequins/Anims/Unarmed/Walk/MF_Unarmed_Walk_Fwd_Right.uasset" 345
"C:/Users/calli/OneDrive/Desktop/Game Dev Stuff/HorrorPuzzle/HorrorPuzzleGame/Content/Characters/Mannequins/Anims/Unarmed/Walk/MF_Unarmed_Walk_Fwd_Right.uexp" 346
"C:/Users/calli/OneDrive/Desktop/Game Dev Stuff/HorrorPuzzle/HorrorPuzzleGame/Content/Characters/Mannequins/Anims/Unarmed/Walk/MF_Unarmed_Walk_Fwd_Left.uasset" 347
"C:/Users/calli/OneDrive/Desktop/Game Dev Stuff/HorrorPuzzle/HorrorPuzzleGame/Content/Characters/Mannequins/Anims/Unarmed/Walk/MF_Unarmed_Walk_Fwd_Left.uexp" 348
"C:/Users/calli/OneDrive/Desktop/Game Dev Stuff/HorrorPuzzle/HorrorPuzzleGame/Content/Characters/Mannequins/Anims/Unarmed/Walk/MF_Unarmed_Walk_Fwd.uasset" 349
"C:/Users/calli/OneDrive/Desktop/Game Dev Stuff/HorrorPuzzle/HorrorPuzzleGame/Content/Characters/Mannequins/Anims/Unarmed/Walk/MF_Unarmed_Walk_Fwd.uexp" 350
"C:/Users/calli/OneDrive/Desktop/Game Dev Stuff/HorrorPuzzle/HorrorPuzzleGame/Content/Characters/Mannequins/Anims/Unarmed/Walk/MF_Unarmed_Walk_Bwd_Right.uasset" 351
"C:/Users/calli/OneDrive/Desktop/Game Dev Stuff/HorrorPuzzle/HorrorPuzzleGame/Content/Characters/Mannequins/Anims/Unarmed/Walk/MF_Unarmed_Walk_Bwd_Right.uexp" 352
"C:/Users/calli/OneDrive/Desktop/Game Dev Stuff/HorrorPuzzle/HorrorPuzzleGame/Content/Characters/Mannequins/Anims/Unarmed/Walk/MF_Unarmed_Walk_Bwd_Left.uasset" 353
"C:/Users/calli/OneDrive/Desktop/Game Dev Stuff/HorrorPuzzle/HorrorPuzzleGame/Content/Characters/Mannequins/Anims/Unarmed/Walk/MF_Unarmed_Walk_Bwd_Left.uexp" 354
"C:/Users/calli/OneDrive/Desktop/Game Dev Stuff/HorrorPuzzle/HorrorPuzzleGame/Content/Characters/Mannequins/Anims/Unarmed/Walk/MF_Unarmed_Walk_Bwd.uasset" 355
"C:/Users/calli/OneDrive/Desktop/Game Dev Stuff/HorrorPuzzle/HorrorPuzzleGame/Content/Characters/Mannequins/Anims/Unarmed/Walk/MF_Unarmed_Walk_Bwd.uexp" 356
"C:/Users/calli/OneDrive/Desktop/Game Dev Stuff/HorrorPuzzle/HorrorPuzzleGame/Content/Characters/Mannequins/Anims/Unarmed/Jog/MF_Unarmed_Jog_Right.uasset" 357
"C:/Users/calli/OneDrive/Desktop/Game Dev Stuff/HorrorPuzzle/HorrorPuzzleGame/Content/Characters/Mannequins/Anims/Unarmed/Jog/MF_Unarmed_Jog_Right.uexp" 358
"C:/Users/calli/OneDrive/Desktop/Game Dev Stuff/HorrorPuzzle/HorrorPuzzleGame/Content/Characters/Mannequins/Anims/Unarmed/Jog/MF_Unarmed_Jog_Left.uasset" 359
"C:/Users/calli/OneDrive/Desktop/Game Dev Stuff/HorrorPuzzle/HorrorPuzzleGame/Content/Characters/Mannequins/Anims/Unarmed/Jog/MF_Unarmed_Jog_Left.uexp" 360
"C:/Users/calli/OneDrive/Desktop/Game Dev Stuff/HorrorPuzzle/HorrorPuzzleGame/Content/Characters/Mannequins/Anims/Unarmed/Jog/MF_Unarmed_Jog_Fwd_Right.uasset" 361
"C:/Users/calli/OneDrive/Desktop/Game Dev Stuff/HorrorPuzzle/HorrorPuzzleGame/Content/Characters/Mannequins/Anims/Unarmed/Jog/MF_Unarmed_Jog_Fwd_Right.uexp" 362
"C:/Users/calli/OneDrive/Desktop/Game Dev Stuff/HorrorPuzzle/HorrorPuzzleGame/Content/Characters/Mannequins/Anims/Unarmed/Jog/MF_Unarmed_Jog_Fwd_Left.uasset" 363
"C:/Users/calli/OneDrive/Desktop/Game Dev Stuff/HorrorPuzzle/HorrorPuzzleGame/Content/Characters/Mannequins/Anims/Unarmed/Jog/MF_Unarmed_Jog_Fwd_Left.uexp" 364
"C:/Users/calli/OneDrive/Desktop/Game Dev Stuff/HorrorPuzzle/HorrorPuzzleGame/Content/Characters/Mannequins/Anims/Unarmed/Jog/MF_Unarmed_Jog_Fwd.uasset" 365
"C:/Users/calli/OneDrive/Desktop/Game Dev Stuff/HorrorPuzzle/HorrorPuzzleGame/Content/Characters/Mannequins/Anims/Unarmed/Jog/MF_Unarmed_Jog_Fwd.uexp" 366
"C:/Users/calli/OneDrive/Desktop/Game Dev Stuff/HorrorPuzzle/HorrorPuzzleGame/Content/Characters/Mannequins/Anims/Unarmed/Jog/MF_Unarmed_Jog_Bwd_Right.uasset" 367
"C:/Users/calli/OneDrive/Desktop/Game Dev Stuff/HorrorPuzzle/HorrorPuzzleGame/Content/Characters/Mannequins/Anims/Unarmed/Jog/MF_Unarmed_Jog_Bwd_Right.uexp" 368
"C:/Users/calli/OneDrive/Desktop/Game Dev Stuff/HorrorPuzzle/HorrorPuzzleGame/Content/Characters/Mannequins/Anims/Unarmed/Jog/MF_Unarmed_Jog_Bwd_Left.uasset" 369
"C:/Users/calli/OneDrive/Desktop/Game Dev Stuff/HorrorPuzzle/HorrorPuzzleGame/Content/Characters/Mannequins/Anims/Unarmed/Jog/MF_Unarmed_Jog_Bwd_Left.uexp" 370
"C:/Users/calli/OneDrive/Desktop/Game Dev Stuff/HorrorPuzzle/HorrorPuzzleGame/Content/Characters/Mannequins/Anims/Unarmed/Jog/MF_Unarmed_Jog_Bwd.uasset" 371
"C:/Users/calli/OneDrive/Desktop/Game Dev Stuff/HorrorPuzzle/HorrorPuzzleGame/Content/Characters/Mannequins/Anims/Unarmed/Jog/MF_Unarmed_Jog_Bwd.uexp" 372
"C:/Users/calli/OneDrive/Desktop/Game Dev Stuff/HorrorPuzzle/HorrorPuzzleGame/Content/Characters/Mannequins/Anims/Unarmed/BS_Idle_Walk_Run.uasset" 373
"C:/Users/calli/OneDrive/Desktop/Game Dev Stuff/HorrorPuzzle/HorrorPuzzleGame/Content/Characters/Mannequins/Anims/Unarmed/BS_Idle_Walk_Run.uexp" 374
"C:/Users/calli/OneDrive/Desktop/Game Dev Stuff/HorrorPuzzle/HorrorPuzzleGame/Content/Characters/Mannequins/Rigs/CR_Mannequin_FootIK.uasset" 375
"C:/Users/calli/OneDrive/Desktop/Game Dev Stuff/HorrorPuzzle/HorrorPuzzleGame/Content/Characters/Mannequins/Rigs/CR_Mannequin_FootIK.uexp" 376
"C:/Users/calli/OneDrive/Desktop/Game Dev Stuff/HorrorPuzzle/HorrorPuzzleGame/Content/Characters/Mannequins/Anims/Unarmed/Jump/MM_Land.uasset" 377
"C:/Users/calli/OneDrive/Desktop/Game Dev Stuff/HorrorPuzzle/HorrorPuzzleGame/Content/Characters/Mannequins/Anims/Unarmed/Jump/MM_Land.uexp" 378
"C:/Users/calli/OneDrive/Desktop/Game Dev Stuff/HorrorPuzzle/HorrorPuzzleGame/Content/Characters/Mannequins/Anims/Unarmed/Jump/MM_Jump.uasset" 379
"C:/Users/calli/OneDrive/Desktop/Game Dev Stuff/HorrorPuzzle/HorrorPuzzleGame/Content/Characters/Mannequins/Anims/Unarmed/Jump/MM_Jump.uexp" 380
"C:/Users/calli/OneDrive/Desktop/Game Dev Stuff/HorrorPuzzle/HorrorPuzzleGame/Content/Characters/Mannequins/Anims/Unarmed/Jump/MM_Fall_Loop.uasset" 381
"C:/Users/calli/OneDrive/Desktop/Game Dev Stuff/HorrorPuzzle/HorrorPuzzleGame/Content/Characters/Mannequins/Anims/Unarmed/Jump/MM_Fall_Loop.uexp" 382
"C:/Users/calli/OneDrive/Desktop/Game Dev Stuff/HorrorPuzzle/HorrorPuzzleGame/Content/Characters/Mannequins/Anims/Unarmed/ABP_Unarmed.uasset" 383
"C:/Users/calli/OneDrive/Desktop/Game Dev Stuff/HorrorPuzzle/HorrorPuzzleGame/Content/Characters/Mannequins/Anims/Unarmed/ABP_Unarmed.uexp" 384
"C:/Users/calli/OneDrive/Desktop/Game Dev Stuff/HorrorPuzzle/HorrorPuzzleGame/Content/Blueprints/BP_FirstPersonCharacter.uasset" 385
"C:/Users/calli/OneDrive/Desktop/Game Dev Stuff/HorrorPuzzle/HorrorPuzzleGame/Content/Blueprints/BP_FirstPersonCharacter.uexp" 386
"C:/Users/calli/OneDrive/Desktop/Game Dev Stuff/HorrorPuzzle/HorrorPuzzleGame/Content/Input/IMC_MouseLook.uasset" 387
"C:/Users/calli/OneDrive/Desktop/Game Dev Stuff/HorrorPuzzle/HorrorPuzzleGame/Content/Input/IMC_MouseLook.uexp" 388
"C:/Users/calli/OneDrive/Desktop/Game Dev Stuff/HorrorPuzzle/HorrorPuzzleGame/Content/Input/IMC_Default.uasset" 389
"C:/Users/calli/OneDrive/Desktop/Game Dev Stuff/HorrorPuzzle/HorrorPuzzleGame/Content/Input/IMC_Default.uexp" 390
"C:/Users/calli/OneDrive/Desktop/Game Dev Stuff/HorrorPuzzle/HorrorPuzzleGame/Content/FirstPerson/Blueprints/BP_FirstPersonCameraManager.uasset" 391
"C:/Users/calli/OneDrive/Desktop/Game Dev Stuff/HorrorPuzzle/HorrorPuzzleGame/Content/FirstPerson/Blueprints/BP_FirstPersonCameraManager.uexp" 392
"C:/Users/calli/OneDrive/Desktop/Game Dev Stuff/HorrorPuzzle/HorrorPuzzleGame/Content/FirstPerson/Blueprints/BP_FirstPersonPlayerController.uasset" 393
"C:/Users/calli/OneDrive/Desktop/Game Dev Stuff/HorrorPuzzle/HorrorPuzzleGame/Content/FirstPerson/Blueprints/BP_FirstPersonPlayerController.uexp" 394
"C:/Users/calli/OneDrive/Desktop/Game Dev Stuff/HorrorPuzzle/HorrorPuzzleGame/Content/FirstPerson/Blueprints/BP_FirstPersonGameMode.uasset" 395
"C:/Users/calli/OneDrive/Desktop/Game Dev Stuff/HorrorPuzzle/HorrorPuzzleGame/Content/FirstPerson/Blueprints/BP_FirstPersonGameMode.uexp" 396
"../../../Engine/Content/EngineResources/FilmGrains/Marcie_Grain_v3_128_M2_000.uasset" 397
"../../../Engine/Content/EngineResources/FilmGrains/Marcie_Grain_v3_128_M2_000.uexp" 398
"../../../Engine/Content/EngineResources/Development/ZenLogo_64.uasset" 399
"../../../Engine/Content/EngineResources/Development/ZenLogo_64.uexp" 400
"../../../Engine/Content/EngineMaterials/RemoveSurfaceMaterial.uasset" 401
"../../../Engine/Content/EngineMaterials/RemoveSurfaceMaterial.uexp" 402
"../../../Engine/Content/EngineMaterials/PreintegratedSkinBRDF.uasset" 403
"../../../Engine/Content/EngineMaterials/PreintegratedSkinBRDF.uexp" 404
"../../../Engine/Content/EngineMaterials/DefaultCalibrationGrayscale.uasset" 405
"../../../Engine/Content/EngineMaterials/DefaultCalibrationGrayscale.uexp" 406
"../../../Engine/Content/EngineMaterials/PPM_DefaultCalibrationGrayscale.uasset" 407
"../../../Engine/Content/EngineMaterials/PPM_DefaultCalibrationGrayscale.uexp" 408
"../../../Engine/Content/EngineMaterials/DefaultCalibrationColor.uasset" 409
"../../../Engine/Content/EngineMaterials/DefaultCalibrationColor.uexp" 410
"../../../Engine/Content/EngineMaterials/PPM_DefaultCalibrationColor.uasset" 411
"../../../Engine/Content/EngineMaterials/PPM_DefaultCalibrationColor.uexp" 412
"../../../Engine/Content/EngineMaterials/PhAT_JointLimitMaterial.uasset" 413
"../../../Engine/Content/EngineMaterials/PhAT_JointLimitMaterial.uexp" 414
"../../../Engine/Content/EngineMaterials/NaniteHiddenSectionMaterial.uasset" 415
"../../../Engine/Content/EngineMaterials/NaniteHiddenSectionMaterial.uexp" 416
"../../../Engine/Content/EngineMaterials/InvalidLightmapSettings.ubulk" 417
"../../../Engine/Content/EngineMaterials/InvalidLightmapSettings.uasset" 418
"../../../Engine/Content/EngineMaterials/InvalidLightmapSettings.uexp" 419
"../../../Engine/Content/EngineMaterials/M_InvalidLightmapSettings.uasset" 420
"../../../Engine/Content/EngineMaterials/M_InvalidLightmapSettings.uexp" 421
"../../../Engine/Content/EngineMaterials/MiniFont.uasset" 422
"../../../Engine/Content/EngineMaterials/MiniFont.uexp" 423
"../../../Engine/Content/EngineMaterials/GizmoMaterial.uasset" 424
"../../../Engine/Content/EngineMaterials/GizmoMaterial.uexp" 425
"../../../Engine/Content/EngineMaterials/BaseFlattenDiffuseMap_VT.ubulk" 426
"../../../Engine/Content/EngineMaterials/BaseFlattenDiffuseMap_VT.uasset" 427
"../../../Engine/Content/EngineMaterials/BaseFlattenDiffuseMap_VT.uexp" 428
"../../../Engine/Content/EngineMaterials/BaseFlattenEmissiveMap_VT.ubulk" 429
"../../../Engine/Content/EngineMaterials/BaseFlattenEmissiveMap_VT.uasset" 430
"../../../Engine/Content/EngineMaterials/BaseFlattenEmissiveMap_VT.uexp" 431
"../../../Engine/Content/EngineMaterials/BaseFlattenGrayscaleMap_VT.ubulk" 432
"../../../Engine/Content/EngineMaterials/BaseFlattenGrayscaleMap_VT.uasset" 433
"../../../Engine/Content/EngineMaterials/BaseFlattenGrayscaleMap_VT.uexp" 434
"../../../Engine/Content/EngineMaterials/BaseFlattenLinearColor_VT.ubulk" 435
"../../../Engine/Content/EngineMaterials/BaseFlattenLinearColor_VT.uasset" 436
"../../../Engine/Content/EngineMaterials/BaseFlattenLinearColor_VT.uexp" 437
"../../../Engine/Content/EngineMaterials/BaseFlattenNormalMap_VT.ubulk" 438
"../../../Engine/Content/EngineMaterials/BaseFlattenNormalMap_VT.uasset" 439
"../../../Engine/Content/EngineMaterials/BaseFlattenNormalMap_VT.uexp" 440
"../../../Engine/Content/EngineMaterials/Black_1x1_EXR_Texture_VT.ubulk" 441
"../../../Engine/Content/EngineMaterials/Black_1x1_EXR_Texture_VT.uasset" 442
"../../../Engine/Content/EngineMaterials/Black_1x1_EXR_Texture_VT.uexp" 443
"../../../Engine/Content/EngineMaterials/FlattenMaterial_WS_Normal_VT.uasset" 444
"../../../Engine/Content/EngineMaterials/FlattenMaterial_WS_Normal_VT.uexp" 445
"../../../Engine/Content/EngineMaterials/FlattenMaterial_VT.uasset" 446
"../../../Engine/Content/EngineMaterials/FlattenMaterial_VT.uexp" 447
"../../../Engine/Content/EngineMaterials/BaseFlattenNormalMap.uasset" 448
"../../../Engine/Content/EngineMaterials/BaseFlattenNormalMap.uexp" 449
"../../../Engine/Content/EngineMaterials/BaseFlattenDiffuseMap.uasset" 450
"../../../Engine/Content/EngineMaterials/BaseFlattenDiffuseMap.uexp" 451
"../../../Engine/Content/EngineMaterials/BaseFlattenEmissiveMap.uasset" 452
"../../../Engine/Content/EngineMaterials/BaseFlattenEmissiveMap.uexp" 453
"../../../Engine/Content/EngineMaterials/BaseFlattenGrayscaleMap.uasset" 454
"../../../Engine/Content/EngineMaterials/BaseFlattenGrayscaleMap.uexp" 455
"../../../Engine/Content/EngineMaterials/BaseFlattenLinearColor.uasset" 456
"../../../Engine/Content/EngineMaterials/BaseFlattenLinearColor.uexp" 457
"../../../Engine/Content/Functions/Engine_MaterialFunctions02/PivotPainter2/Black_1x1_EXR_Texture.uasset" 458
"../../../Engine/Content/Functions/Engine_MaterialFunctions02/PivotPainter2/Black_1x1_EXR_Texture.uexp" 459
"../../../Engine/Content/EngineMaterials/FlattenMaterial.uasset" 460
"../../../Engine/Content/EngineMaterials/FlattenMaterial.uexp" 461
"../../../Engine/Content/EngineMaterials/FastBlueNoise_vec2_128x128x64.uasset" 462
"../../../Engine/Content/EngineMaterials/FastBlueNoise_vec2_128x128x64.uexp" 463
"../../../Engine/Content/EngineMaterials/FastBlueNoise_scalar_128x128x8.uasset" 464
"../../../Engine/Content/EngineMaterials/FastBlueNoise_scalar_128x128x8.uexp" 465
"../../../Engine/Content/EngineMaterials/FastBlueNoise_scalar_128x128x64.uasset" 466
"../../../Engine/Content/EngineMaterials/FastBlueNoise_scalar_128x128x64.uexp" 467
"../../../Engine/Content/EngineMaterials/DefaultWhiteGrid_Low.uasset" 468
"../../../Engine/Content/EngineMaterials/DefaultWhiteGrid_Low.uexp" 469
"../../../Engine/Content/EngineMaterials/EmissiveMeshMaterial.uasset" 470
"../../../Engine/Content/EngineMaterials/EmissiveMeshMaterial.uexp" 471
"../../../Engine/Content/EngineMaterials/DefaultWhiteGrid.ubulk" 472
"../../../Engine/Content/EngineMaterials/DefaultWhiteGrid.uasset" 473
"../../../Engine/Content/EngineMaterials/DefaultWhiteGrid.uexp" 474
"../../../Engine/Content/EngineFonts/RobotoDistanceField.uasset" 475
"../../../Engine/Content/EngineFonts/RobotoDistanceField.uexp" 476
"../../../Engine/Content/EngineMaterials/DefaultTextMaterialOpaque.uasset" 477
"../../../Engine/Content/EngineMaterials/DefaultTextMaterialOpaque.uexp" 478
"../../../Engine/Content/EngineMaterials/DefaultPostProcessMaterial.uasset" 479
"../../../Engine/Content/EngineMaterials/DefaultPostProcessMaterial.uexp" 480
"../../../Engine/Content/EngineMaterials/DefaultLightFunctionMaterial.uasset" 481
"../../../Engine/Content/EngineMaterials/DefaultLightFunctionMaterial.uexp" 482
"../../../Engine/Content/EngineMaterials/DefaultDeferredDecalMaterial.uasset" 483
"../../../Engine/Content/EngineMaterials/DefaultDeferredDecalMaterial.uexp" 484
"../../../Engine/Content/EngineMaterials/DefaultBokeh.uasset" 485
"../../../Engine/Content/EngineMaterials/DefaultBokeh.uexp" 486
"../../../Engine/Content/EngineMaterials/DefaultBloomKernel.uasset" 487
"../../../Engine/Content/EngineMaterials/DefaultBloomKernel.uexp" 488
"../../../Engine/Content/EngineMaterials/LTC/Sheen_LTC.uasset" 489
"../../../Engine/Content/EngineMaterials/LTC/Sheen_LTC.uexp" 490
"../../../Engine/Content/EngineMaterials/LTC/GGX_LTCMat.uasset" 491
"../../../Engine/Content/EngineMaterials/LTC/GGX_LTCMat.uexp" 492
"../../../Engine/Content/EngineMaterials/LTC/GGX_LTCAmp.uasset" 493
"../../../Engine/Content/EngineMaterials/LTC/GGX_LTCAmp.uexp" 494
"../../../Engine/Content/EngineMaterials/EnergyConservation/Sheen_Energy.uasset" 495
"../../../Engine/Content/EngineMaterials/EnergyConservation/Sheen_Energy.uexp" 496
"../../../Engine/Content/EngineMaterials/EnergyConservation/SheenLegacy_Energy.uasset" 497
"../../../Engine/Content/EngineMaterials/EnergyConservation/SheenLegacy_Energy.uexp" 498
"../../../Engine/Content/EngineMaterials/EnergyConservation/GGX_TransmissionEnergyArray.uasset" 499
"../../../Engine/Content/EngineMaterials/EnergyConservation/GGX_TransmissionEnergyArray.uexp" 500
"../../../Engine/Content/EngineMaterials/EnergyConservation/GGX_ReflectionEnergy.uasset" 501
"../../../Engine/Content/EngineMaterials/EnergyConservation/GGX_ReflectionEnergy.uexp" 502
"../../../Engine/Content/EngineMaterials/EnergyConservation/Diffuse_Energy.uasset" 503
"../../../Engine/Content/EngineMaterials/EnergyConservation/Diffuse_Energy.uexp" 504
"../../../Engine/Content/Functions/Engine_MaterialFunctions02/Utility/CameraDirectionVector.uasset" 505
"../../../Engine/Content/Functions/Engine_MaterialFunctions02/Utility/CameraDirectionVector.uexp" 506
"../../../Engine/Content/EngineDebugMaterials/VolumeToRender.uasset" 507
"../../../Engine/Content/EngineDebugMaterials/VolumeToRender.uexp" 508
"../../../Engine/Content/EngineDebugMaterials/M_VolumeRenderSphereTracePP.uasset" 509
"../../../Engine/Content/EngineDebugMaterials/M_VolumeRenderSphereTracePP.uexp" 510
"../../../Engine/Content/EngineDebugMaterials/M_SimpleUnlitTranslucent.uasset" 511
"../../../Engine/Content/EngineDebugMaterials/M_SimpleUnlitTranslucent.uexp" 512
"../../../Engine/Content/EngineDebugMaterials/DebugMeshMaterial.uasset" 513
"../../../Engine/Content/EngineDebugMaterials/DebugMeshMaterial.uexp" 514
"../../../Engine/Content/EngineDebugMaterials/DebugEditorMaterial.uasset" 515
"../../../Engine/Content/EngineDebugMaterials/DebugEditorMaterial.uexp" 516
"../../../Engine/Content/EngineDamageTypes/DmgTypeBP_Environmental.uasset" 517
"../../../Engine/Content/EngineDamageTypes/DmgTypeBP_Environmental.uexp" 518
"../../../Engine/Content/EditorResources/SequenceRecorder/RecordingIndicator.uasset" 519
"../../../Engine/Content/EditorResources/SequenceRecorder/RecordingIndicator.uexp" 520
"../../../Engine/Content/EditorResources/SequenceRecorder/Countdown.uasset" 521
"../../../Engine/Content/EditorResources/SequenceRecorder/Countdown.uexp" 522
"../../../Engine/Content/EditorMaterials/ParticleSystems/PSysThumbnail_OOD.ubulk" 523
"../../../Engine/Content/EditorMaterials/ParticleSystems/PSysThumbnail_OOD.uasset" 524
"../../../Engine/Content/EditorMaterials/ParticleSystems/PSysThumbnail_OOD.uexp" 525
"../../../Engine/Content/EditorMaterials/ParticleSystems/PSysThumbnail_NoImage.ubulk" 526
"../../../Engine/Content/EditorMaterials/ParticleSystems/PSysThumbnail_NoImage.uasset" 527
"../../../Engine/Content/EditorMaterials/ParticleSystems/PSysThumbnail_NoImage.uexp" 528
"../../../Engine/Content/EditorMaterials/Dataflow/DataflowVertexMaterial.uasset" 529
"../../../Engine/Content/EditorMaterials/Dataflow/DataflowVertexMaterial.uexp" 530
"../../../Engine/Content/EditorMaterials/Dataflow/DataflowTwoSidedVertexMaterial.uasset" 531
"../../../Engine/Content/EditorMaterials/Dataflow/DataflowTwoSidedVertexMaterial.uexp" 532
"../../../Engine/Content/Functions/Engine_MaterialFunctions01/Shading/PowerToRoughness.uasset" 533
"../../../Engine/Content/Functions/Engine_MaterialFunctions01/Shading/PowerToRoughness.uexp" 534
"../../../Engine/Content/EngineMaterials/T_Default_Material_Grid_M.ubulk" 535
"../../../Engine/Content/EngineMaterials/T_Default_Material_Grid_M.uasset" 536
"../../../Engine/Content/EngineMaterials/T_Default_Material_Grid_M.uexp" 537
"../../../Engine/Content/EngineMaterials/T_Default_Material_Grid_N.ubulk" 538
"../../../Engine/Content/EngineMaterials/T_Default_Material_Grid_N.uasset" 539
"../../../Engine/Content/EngineMaterials/T_Default_Material_Grid_N.uexp" 540
"../../../Engine/Content/EngineMaterials/WorldGridMaterial.uasset" 541
"../../../Engine/Content/EngineMaterials/WorldGridMaterial.uexp" 542
"../../../Engine/Content/ArtTools/RenderToTexture/Meshes/S_1_Unit_Plane.ubulk" 543
"../../../Engine/Content/ArtTools/RenderToTexture/Meshes/S_1_Unit_Plane.uasset" 544
"../../../Engine/Content/ArtTools/RenderToTexture/Meshes/S_1_Unit_Plane.uexp" 545
"../../../Engine/Content/EditorMaterials/Camera/CineMat.uasset" 546
"../../../Engine/Content/EditorMaterials/Camera/CineMat.uexp" 547
"../../../Engine/Content/EditorMaterials/Camera/MI_CineMat_Rig.uasset" 548
"../../../Engine/Content/EditorMaterials/Camera/MI_CineMat_Rig.uexp" 549
"../../../Engine/Content/EditorMeshes/Camera/SM_CraneRig_Arm.ubulk" 550
"../../../Engine/Content/EditorMeshes/Camera/SM_CraneRig_Arm.uasset" 551
"../../../Engine/Content/EditorMeshes/Camera/SM_CraneRig_Arm.uexp" 552
"../../../Engine/Content/EditorMeshes/Camera/SM_CraneRig_Base.ubulk" 553
"../../../Engine/Content/EditorMeshes/Camera/SM_CraneRig_Base.uasset" 554
"../../../Engine/Content/EditorMeshes/Camera/SM_CraneRig_Base.uexp" 555
"../../../Engine/Content/EditorMeshes/Camera/SM_CraneRig_Body.ubulk" 556
"../../../Engine/Content/EditorMeshes/Camera/SM_CraneRig_Body.uasset" 557
"../../../Engine/Content/EditorMeshes/Camera/SM_CraneRig_Body.uexp" 558
"../../../Engine/Content/EditorMeshes/Camera/SM_CraneRig_Mount.ubulk" 559
"../../../Engine/Content/EditorMeshes/Camera/SM_CraneRig_Mount.uasset" 560
"../../../Engine/Content/EditorMeshes/Camera/SM_CraneRig_Mount.uexp" 561
"../../../Engine/Content/EditorMeshes/Camera/SM_RailRig_Mount.ubulk" 562
"../../../Engine/Content/EditorMeshes/Camera/SM_RailRig_Mount.uasset" 563
"../../../Engine/Content/EditorMeshes/Camera/SM_RailRig_Mount.uexp" 564
"../../../Engine/Content/EditorMeshes/Camera/SM_RailRig_Track.ubulk" 565
"../../../Engine/Content/EditorMeshes/Camera/SM_RailRig_Track.uasset" 566
"../../../Engine/Content/EditorMeshes/Camera/SM_RailRig_Track.uexp" 567
"../../../Engine/Content/EngineMeshes/Sphere.ubulk" 568
"../../../Engine/Content/EngineMeshes/Sphere.uasset" 569
"../../../Engine/Content/EngineMeshes/Sphere.uexp" 570
"../../../Engine/Content/VREditor/TransformGizmo/TranslucentTransformGizmoMaterial.uasset" 571
"../../../Engine/Content/VREditor/TransformGizmo/TranslucentTransformGizmoMaterial.uexp" 572
"../../../Engine/Content/VREditor/LaserPointer/VR_LaserPower_01.ubulk" 573
"../../../Engine/Content/VREditor/LaserPointer/VR_LaserPower_01.uasset" 574
"../../../Engine/Content/VREditor/LaserPointer/VR_LaserPower_01.uexp" 575
"../../../Engine/Content/VREditor/TransformGizmo/TransformGizmoMaterial.uasset" 576
"../../../Engine/Content/VREditor/TransformGizmo/TransformGizmoMaterial.uexp" 577
"../../../Engine/Content/VREditor/TransformGizmo/BoundingBoxCorner.ubulk" 578
"../../../Engine/Content/VREditor/TransformGizmo/BoundingBoxCorner.uasset" 579
"../../../Engine/Content/VREditor/TransformGizmo/BoundingBoxCorner.uexp" 580
"../../../Engine/Content/VREditor/TransformGizmo/BoundingBoxEdge.ubulk" 581
"../../../Engine/Content/VREditor/TransformGizmo/BoundingBoxEdge.uasset" 582
"../../../Engine/Content/VREditor/TransformGizmo/BoundingBoxEdge.uexp" 583
"../../../Engine/Content/VREditor/TransformGizmo/Xray.uasset" 584
"../../../Engine/Content/VREditor/TransformGizmo/Xray.uexp" 585
"../../../Engine/Content/VREditor/TransformGizmo/Main.uasset" 586
"../../../Engine/Content/VREditor/TransformGizmo/Main.uexp" 587
"../../../Engine/Content/VREditor/TransformGizmo/SM_Sequencer_Node.ubulk" 588
"../../../Engine/Content/VREditor/TransformGizmo/SM_Sequencer_Node.uasset" 589
"../../../Engine/Content/VREditor/TransformGizmo/SM_Sequencer_Node.uexp" 590
"../../../Engine/Plugins/Animation/ControlRig/Content/Controls/ControlRig_Arrow2_1mm.ubulk" 591
"../../../Engine/Plugins/Animation/ControlRig/Content/Controls/ControlRig_Arrow2_1mm.uasset" 592
"../../../Engine/Plugins/Animation/ControlRig/Content/Controls/ControlRig_Arrow2_1mm.uexp" 593
"../../../Engine/Plugins/Animation/ControlRig/Content/Controls/ControlRig_Arrow2_3mm.ubulk" 594
"../../../Engine/Plugins/Animation/ControlRig/Content/Controls/ControlRig_Arrow2_3mm.uasset" 595
"../../../Engine/Plugins/Animation/ControlRig/Content/Controls/ControlRig_Arrow2_3mm.uexp" 596
"../../../Engine/Plugins/Animation/ControlRig/Content/Controls/ControlRig_Arrow2_solid.ubulk" 597
"../../../Engine/Plugins/Animation/ControlRig/Content/Controls/ControlRig_Arrow2_solid.uasset" 598
"../../../Engine/Plugins/Animation/ControlRig/Content/Controls/ControlRig_Arrow2_solid.uexp" 599
"../../../Engine/Plugins/Animation/ControlRig/Content/Controls/ControlRig_Arrow4_1mm.ubulk" 600
"../../../Engine/Plugins/Animation/ControlRig/Content/Controls/ControlRig_Arrow4_1mm.uasset" 601
"../../../Engine/Plugins/Animation/ControlRig/Content/Controls/ControlRig_Arrow4_1mm.uexp" 602
"../../../Engine/Plugins/Animation/ControlRig/Content/Controls/ControlRig_Arrow4_3mm.ubulk" 603
"../../../Engine/Plugins/Animation/ControlRig/Content/Controls/ControlRig_Arrow4_3mm.uasset" 604
"../../../Engine/Plugins/Animation/ControlRig/Content/Controls/ControlRig_Arrow4_3mm.uexp" 605
"../../../Engine/Plugins/Animation/ControlRig/Content/Controls/ControlRig_Arrow4_solid.ubulk" 606
"../../../Engine/Plugins/Animation/ControlRig/Content/Controls/ControlRig_Arrow4_solid.uasset" 607
"../../../Engine/Plugins/Animation/ControlRig/Content/Controls/ControlRig_Arrow4_solid.uexp" 608
"../../../Engine/Plugins/Animation/ControlRig/Content/Controls/ControlRig_Arrow_1mm.ubulk" 609
"../../../Engine/Plugins/Animation/ControlRig/Content/Controls/ControlRig_Arrow_1mm.uasset" 610
"../../../Engine/Plugins/Animation/ControlRig/Content/Controls/ControlRig_Arrow_1mm.uexp" 611
"../../../Engine/Plugins/Animation/ControlRig/Content/Controls/ControlRig_Arrow_3mm.ubulk" 612
"../../../Engine/Plugins/Animation/ControlRig/Content/Controls/ControlRig_Arrow_3mm.uasset" 613
"../../../Engine/Plugins/Animation/ControlRig/Content/Controls/ControlRig_Arrow_3mm.uexp" 614
"../../../Engine/Plugins/Animation/ControlRig/Content/Controls/ControlRig_Arrow_solid.ubulk" 615
"../../../Engine/Plugins/Animation/ControlRig/Content/Controls/ControlRig_Arrow_solid.uasset" 616
"../../../Engine/Plugins/Animation/ControlRig/Content/Controls/ControlRig_Arrow_solid.uexp" 617
"../../../Engine/Plugins/Animation/ControlRig/Content/Controls/ControlRig_Box_1mm.ubulk" 618
"../../../Engine/Plugins/Animation/ControlRig/Content/Controls/ControlRig_Box_1mm.uasset" 619
"../../../Engine/Plugins/Animation/ControlRig/Content/Controls/ControlRig_Box_1mm.uexp" 620
"../../../Engine/Plugins/Animation/ControlRig/Content/Controls/ControlRig_Box_3mm.ubulk" 621
"../../../Engine/Plugins/Animation/ControlRig/Content/Controls/ControlRig_Box_3mm.uasset" 622
"../../../Engine/Plugins/Animation/ControlRig/Content/Controls/ControlRig_Box_3mm.uexp" 623
"../../../Engine/Plugins/Animation/ControlRig/Content/Controls/ControlRig_Box_solid.ubulk" 624
"../../../Engine/Plugins/Animation/ControlRig/Content/Controls/ControlRig_Box_solid.uasset" 625
"../../../Engine/Plugins/Animation/ControlRig/Content/Controls/ControlRig_Box_solid.uexp" 626
"../../../Engine/Plugins/Animation/ControlRig/Content/Controls/ControlRig_Circle_1mm.ubulk" 627
"../../../Engine/Plugins/Animation/ControlRig/Content/Controls/ControlRig_Circle_1mm.uasset" 628
"../../../Engine/Plugins/Animation/ControlRig/Content/Controls/ControlRig_Circle_1mm.uexp" 629
"../../../Engine/Plugins/Animation/ControlRig/Content/Controls/ControlRig_Circle_3mm.ubulk" 630
"../../../Engine/Plugins/Animation/ControlRig/Content/Controls/ControlRig_Circle_3mm.uasset" 631
"../../../Engine/Plugins/Animation/ControlRig/Content/Controls/ControlRig_Circle_3mm.uexp" 632
"../../../Engine/Plugins/Animation/ControlRig/Content/Controls/ControlRig_Circle_solid.ubulk" 633
"../../../Engine/Plugins/Animation/ControlRig/Content/Controls/ControlRig_Circle_solid.uasset" 634
"../../../Engine/Plugins/Animation/ControlRig/Content/Controls/ControlRig_Circle_solid.uexp" 635
"../../../Engine/Plugins/Animation/ControlRig/Content/Controls/ControlRig_Diamond_1mm.ubulk" 636
"../../../Engine/Plugins/Animation/ControlRig/Content/Controls/ControlRig_Diamond_1mm.uasset" 637
"../../../Engine/Plugins/Animation/ControlRig/Content/Controls/ControlRig_Diamond_1mm.uexp" 638
"../../../Engine/Plugins/Animation/ControlRig/Content/Controls/ControlRig_Diamond_3mm.ubulk" 639
"../../../Engine/Plugins/Animation/ControlRig/Content/Controls/ControlRig_Diamond_3mm.uasset" 640
"../../../Engine/Plugins/Animation/ControlRig/Content/Controls/ControlRig_Diamond_3mm.uexp" 641
"../../../Engine/Plugins/Animation/ControlRig/Content/Controls/ControlRig_Diamond_solid.ubulk" 642
"../../../Engine/Plugins/Animation/ControlRig/Content/Controls/ControlRig_Diamond_solid.uasset" 643
"../../../Engine/Plugins/Animation/ControlRig/Content/Controls/ControlRig_Diamond_solid.uexp" 644
"../../../Engine/Plugins/Animation/ControlRig/Content/Controls/ControlRig_HalfCircle_1mm.ubulk" 645
"../../../Engine/Plugins/Animation/ControlRig/Content/Controls/ControlRig_HalfCircle_1mm.uasset" 646
"../../../Engine/Plugins/Animation/ControlRig/Content/Controls/ControlRig_HalfCircle_1mm.uexp" 647
"../../../Engine/Plugins/Animation/ControlRig/Content/Controls/ControlRig_HalfCircle_3mm.ubulk" 648
"../../../Engine/Plugins/Animation/ControlRig/Content/Controls/ControlRig_HalfCircle_3mm.uasset" 649
"../../../Engine/Plugins/Animation/ControlRig/Content/Controls/ControlRig_HalfCircle_3mm.uexp" 650
"../../../Engine/Plugins/Animation/ControlRig/Content/Controls/ControlRig_HalfCircle_solid.ubulk" 651
"../../../Engine/Plugins/Animation/ControlRig/Content/Controls/ControlRig_HalfCircle_solid.uasset" 652
"../../../Engine/Plugins/Animation/ControlRig/Content/Controls/ControlRig_HalfCircle_solid.uexp" 653
"../../../Engine/Plugins/Animation/ControlRig/Content/Controls/ControlRig_Hexagon_1mm.ubulk" 654
"../../../Engine/Plugins/Animation/ControlRig/Content/Controls/ControlRig_Hexagon_1mm.uasset" 655
"../../../Engine/Plugins/Animation/ControlRig/Content/Controls/ControlRig_Hexagon_1mm.uexp" 656
"../../../Engine/Plugins/Animation/ControlRig/Content/Controls/ControlRig_Hexagon_3mm.ubulk" 657
"../../../Engine/Plugins/Animation/ControlRig/Content/Controls/ControlRig_Hexagon_3mm.uasset" 658
"../../../Engine/Plugins/Animation/ControlRig/Content/Controls/ControlRig_Hexagon_3mm.uexp" 659
"../../../Engine/Plugins/Animation/ControlRig/Content/Controls/ControlRig_Hexagon_solid.ubulk" 660
"../../../Engine/Plugins/Animation/ControlRig/Content/Controls/ControlRig_Hexagon_solid.uasset" 661
"../../../Engine/Plugins/Animation/ControlRig/Content/Controls/ControlRig_Hexagon_solid.uexp" 662
"../../../Engine/Plugins/Animation/ControlRig/Content/Controls/ControlRig_Octagon_1mm.ubulk" 663
"../../../Engine/Plugins/Animation/ControlRig/Content/Controls/ControlRig_Octagon_1mm.uasset" 664
"../../../Engine/Plugins/Animation/ControlRig/Content/Controls/ControlRig_Octagon_1mm.uexp" 665
"../../../Engine/Plugins/Animation/ControlRig/Content/Controls/ControlRig_Octagon_3mm.ubulk" 666
"../../../Engine/Plugins/Animation/ControlRig/Content/Controls/ControlRig_Octagon_3mm.uasset" 667
"../../../Engine/Plugins/Animation/ControlRig/Content/Controls/ControlRig_Octagon_3mm.uexp" 668
"../../../Engine/Plugins/Animation/ControlRig/Content/Controls/ControlRig_Octagon_solid.ubulk" 669
"../../../Engine/Plugins/Animation/ControlRig/Content/Controls/ControlRig_Octagon_solid.uasset" 670
"../../../Engine/Plugins/Animation/ControlRig/Content/Controls/ControlRig_Octagon_solid.uexp" 671
"../../../Engine/Plugins/Animation/ControlRig/Content/Controls/ControlRig_Pyramid_1mm.ubulk" 672
"../../../Engine/Plugins/Animation/ControlRig/Content/Controls/ControlRig_Pyramid_1mm.uasset" 673
"../../../Engine/Plugins/Animation/ControlRig/Content/Controls/ControlRig_Pyramid_1mm.uexp" 674
"../../../Engine/Plugins/Animation/ControlRig/Content/Controls/ControlRig_Pyramid_3mm.ubulk" 675
"../../../Engine/Plugins/Animation/ControlRig/Content/Controls/ControlRig_Pyramid_3mm.uasset" 676
"../../../Engine/Plugins/Animation/ControlRig/Content/Controls/ControlRig_Pyramid_3mm.uexp" 677
"../../../Engine/Plugins/Animation/ControlRig/Content/Controls/ControlRig_Pyramid_solid.ubulk" 678
"../../../Engine/Plugins/Animation/ControlRig/Content/Controls/ControlRig_Pyramid_solid.uasset" 679
"../../../Engine/Plugins/Animation/ControlRig/Content/Controls/ControlRig_Pyramid_solid.uexp" 680
"../../../Engine/Plugins/Animation/ControlRig/Content/Controls/ControlRig_QuarterCircle_1mm.ubulk" 681
"../../../Engine/Plugins/Animation/ControlRig/Content/Controls/ControlRig_QuarterCircle_1mm.uasset" 682
"../../../Engine/Plugins/Animation/ControlRig/Content/Controls/ControlRig_QuarterCircle_1mm.uexp" 683
"../../../Engine/Plugins/Animation/ControlRig/Content/Controls/ControlRig_QuarterCircle_3mm.ubulk" 684
"../../../Engine/Plugins/Animation/ControlRig/Content/Controls/ControlRig_QuarterCircle_3mm.uasset" 685
"../../../Engine/Plugins/Animation/ControlRig/Content/Controls/ControlRig_QuarterCircle_3mm.uexp" 686
"../../../Engine/Plugins/Animation/ControlRig/Content/Controls/ControlRig_QuarterCircle_solid.ubulk" 687
"../../../Engine/Plugins/Animation/ControlRig/Content/Controls/ControlRig_QuarterCircle_solid.uasset" 688
"../../../Engine/Plugins/Animation/ControlRig/Content/Controls/ControlRig_QuarterCircle_solid.uexp" 689
"../../../Engine/Plugins/Animation/ControlRig/Content/Controls/ControlRig_RoundedSquare_1mm.ubulk" 690
"../../../Engine/Plugins/Animation/ControlRig/Content/Controls/ControlRig_RoundedSquare_1mm.uasset" 691
"../../../Engine/Plugins/Animation/ControlRig/Content/Controls/ControlRig_RoundedSquare_1mm.uexp" 692
"../../../Engine/Plugins/Animation/ControlRig/Content/Controls/ControlRig_RoundedSquare_3mm.ubulk" 693
"../../../Engine/Plugins/Animation/ControlRig/Content/Controls/ControlRig_RoundedSquare_3mm.uasset" 694
"../../../Engine/Plugins/Animation/ControlRig/Content/Controls/ControlRig_RoundedSquare_3mm.uexp" 695
"../../../Engine/Plugins/Animation/ControlRig/Content/Controls/ControlRig_RoundedSquare_solid.ubulk" 696
"../../../Engine/Plugins/Animation/ControlRig/Content/Controls/ControlRig_RoundedSquare_solid.uasset" 697
"../../../Engine/Plugins/Animation/ControlRig/Content/Controls/ControlRig_RoundedSquare_solid.uexp" 698
"../../../Engine/Plugins/Animation/ControlRig/Content/Controls/ControlRig_RoundedTriangle_1mm.ubulk" 699
"../../../Engine/Plugins/Animation/ControlRig/Content/Controls/ControlRig_RoundedTriangle_1mm.uasset" 700
"../../../Engine/Plugins/Animation/ControlRig/Content/Controls/ControlRig_RoundedTriangle_1mm.uexp" 701
"../../../Engine/Plugins/Animation/ControlRig/Content/Controls/ControlRig_RoundedTriangle_3mm.ubulk" 702
"../../../Engine/Plugins/Animation/ControlRig/Content/Controls/ControlRig_RoundedTriangle_3mm.uasset" 703
"../../../Engine/Plugins/Animation/ControlRig/Content/Controls/ControlRig_RoundedTriangle_3mm.uexp" 704
"../../../Engine/Plugins/Animation/ControlRig/Content/Controls/ControlRig_RoundedTriangle_solid.ubulk" 705
"../../../Engine/Plugins/Animation/ControlRig/Content/Controls/ControlRig_RoundedTriangle_solid.uasset" 706
"../../../Engine/Plugins/Animation/ControlRig/Content/Controls/ControlRig_RoundedTriangle_solid.uexp" 707
"../../../Engine/Plugins/Animation/ControlRig/Content/Controls/ControlRig_Sphere_1mm.ubulk" 708
"../../../Engine/Plugins/Animation/ControlRig/Content/Controls/ControlRig_Sphere_1mm.uasset" 709
"../../../Engine/Plugins/Animation/ControlRig/Content/Controls/ControlRig_Sphere_1mm.uexp" 710
"../../../Engine/Plugins/Animation/ControlRig/Content/Controls/ControlRig_Sphere_3mm.ubulk" 711
"../../../Engine/Plugins/Animation/ControlRig/Content/Controls/ControlRig_Sphere_3mm.uasset" 712
"../../../Engine/Plugins/Animation/ControlRig/Content/Controls/ControlRig_Sphere_3mm.uexp" 713
"../../../Engine/Plugins/Animation/ControlRig/Content/Controls/ControlRig_Sphere_solid.ubulk" 714
"../../../Engine/Plugins/Animation/ControlRig/Content/Controls/ControlRig_Sphere_solid.uasset" 715
"../../../Engine/Plugins/Animation/ControlRig/Content/Controls/ControlRig_Sphere_solid.uexp" 716
"../../../Engine/Plugins/Animation/ControlRig/Content/Controls/ControlRig_Square_1mm.ubulk" 717
"../../../Engine/Plugins/Animation/ControlRig/Content/Controls/ControlRig_Square_1mm.uasset" 718
"../../../Engine/Plugins/Animation/ControlRig/Content/Controls/ControlRig_Square_1mm.uexp" 719
"../../../Engine/Plugins/Animation/ControlRig/Content/Controls/ControlRig_Square_3mm.ubulk" 720
"../../../Engine/Plugins/Animation/ControlRig/Content/Controls/ControlRig_Square_3mm.uasset" 721
"../../../Engine/Plugins/Animation/ControlRig/Content/Controls/ControlRig_Square_3mm.uexp" 722
"../../../Engine/Plugins/Animation/ControlRig/Content/Controls/ControlRig_Square_solid.ubulk" 723
"../../../Engine/Plugins/Animation/ControlRig/Content/Controls/ControlRig_Square_solid.uasset" 724
"../../../Engine/Plugins/Animation/ControlRig/Content/Controls/ControlRig_Square_solid.uexp" 725
"../../../Engine/Plugins/Animation/ControlRig/Content/Controls/ControlRig_Star4_1mm.ubulk" 726
"../../../Engine/Plugins/Animation/ControlRig/Content/Controls/ControlRig_Star4_1mm.uasset" 727
"../../../Engine/Plugins/Animation/ControlRig/Content/Controls/ControlRig_Star4_1mm.uexp" 728
"../../../Engine/Plugins/Animation/ControlRig/Content/Controls/ControlRig_Star4_3mm.ubulk" 729
"../../../Engine/Plugins/Animation/ControlRig/Content/Controls/ControlRig_Star4_3mm.uasset" 730
"../../../Engine/Plugins/Animation/ControlRig/Content/Controls/ControlRig_Star4_3mm.uexp" 731
"../../../Engine/Plugins/Animation/ControlRig/Content/Controls/ControlRig_Star4_solid.ubulk" 732
"../../../Engine/Plugins/Animation/ControlRig/Content/Controls/ControlRig_Star4_solid.uasset" 733
"../../../Engine/Plugins/Animation/ControlRig/Content/Controls/ControlRig_Star4_solid.uexp" 734
"../../../Engine/Plugins/Animation/ControlRig/Content/Controls/ControlRig_Triangle_1mm.ubulk" 735
"../../../Engine/Plugins/Animation/ControlRig/Content/Controls/ControlRig_Triangle_1mm.uasset" 736
"../../../Engine/Plugins/Animation/ControlRig/Content/Controls/ControlRig_Triangle_1mm.uexp" 737
"../../../Engine/Plugins/Animation/ControlRig/Content/Controls/ControlRig_Triangle_3mm.ubulk" 738
"../../../Engine/Plugins/Animation/ControlRig/Content/Controls/ControlRig_Triangle_3mm.uasset" 739
"../../../Engine/Plugins/Animation/ControlRig/Content/Controls/ControlRig_Triangle_3mm.uexp" 740
"../../../Engine/Plugins/Animation/ControlRig/Content/Controls/ControlRig_Triangle_solid.ubulk" 741
"../../../Engine/Plugins/Animation/ControlRig/Content/Controls/ControlRig_Triangle_solid.uasset" 742
"../../../Engine/Plugins/Animation/ControlRig/Content/Controls/ControlRig_Triangle_solid.uexp" 743
"../../../Engine/Plugins/Animation/ControlRig/Content/Controls/ControlRig_Wedge_1mm.ubulk" 744
"../../../Engine/Plugins/Animation/ControlRig/Content/Controls/ControlRig_Wedge_1mm.uasset" 745
"../../../Engine/Plugins/Animation/ControlRig/Content/Controls/ControlRig_Wedge_1mm.uexp" 746
"../../../Engine/Plugins/Animation/ControlRig/Content/Controls/ControlRig_Wedge_3mm.ubulk" 747
"../../../Engine/Plugins/Animation/ControlRig/Content/Controls/ControlRig_Wedge_3mm.uasset" 748
"../../../Engine/Plugins/Animation/ControlRig/Content/Controls/ControlRig_Wedge_3mm.uexp" 749
"../../../Engine/Plugins/Animation/ControlRig/Content/Controls/ControlRig_Wedge_solid.ubulk" 750
"../../../Engine/Plugins/Animation/ControlRig/Content/Controls/ControlRig_Wedge_solid.uasset" 751
"../../../Engine/Plugins/Animation/ControlRig/Content/Controls/ControlRig_Wedge_solid.uexp" 752
"../../../Engine/Content/EditorLandscapeResources/SplineEditorMeshMat.uasset" 753
"../../../Engine/Content/EditorLandscapeResources/SplineEditorMeshMat.uexp" 754
"../../../Engine/Content/EditorLandscapeResources/SplineEditorMesh.ubulk" 755
"../../../Engine/Content/EditorLandscapeResources/SplineEditorMesh.uasset" 756
"../../../Engine/Content/EditorLandscapeResources/SplineEditorMesh.uexp" 757
"../../../Engine/Content/EngineMaterials/DefaultMaterial.uasset" 758
"../../../Engine/Content/EngineMaterials/DefaultMaterial.uexp" 759
"../../../Engine/Content/BasicShapes/Cone.ubulk" 760
"../../../Engine/Content/BasicShapes/Cone.uasset" 761
"../../../Engine/Content/BasicShapes/Cone.uexp" 762
"../../../Engine/Content/BasicShapes/Cylinder.ubulk" 763
"../../../Engine/Content/BasicShapes/Cylinder.uasset" 764
"../../../Engine/Content/BasicShapes/Cylinder.uexp" 765
"../../../Engine/Content/BasicShapes/Sphere.ubulk" 766
"../../../Engine/Content/BasicShapes/Sphere.uasset" 767
"../../../Engine/Content/BasicShapes/Sphere.uexp" 768
"../../../Engine/Plugins/Media/MediaPlate/Content/SM_MediaPlateScreen.ubulk" 769
"../../../Engine/Plugins/Media/MediaPlate/Content/SM_MediaPlateScreen.uasset" 770
"../../../Engine/Plugins/Media/MediaPlate/Content/SM_MediaPlateScreen.uexp" 771
"../../../Engine/Content/EngineMaterials/WeightMapPlaceholderTexture.uasset" 772
"../../../Engine/Content/EngineMaterials/WeightMapPlaceholderTexture.uexp" 773
"../../../Engine/Content/EngineMaterials/WeightMapArrayPlaceholderTexture.uasset" 774
"../../../Engine/Content/EngineMaterials/WeightMapArrayPlaceholderTexture.uexp" 775
"../../../Engine/Content/EngineMaterials/Substrate/Glints2/AGlintTex2dArray2.uasset" 776
"../../../Engine/Content/EngineMaterials/Substrate/Glints2/AGlintTex2dArray2.uexp" 777
"../../../Engine/Content/EngineMaterials/Substrate/GLints/AGlintTex2dArray.uasset" 778
"../../../Engine/Content/EngineMaterials/Substrate/GLints/AGlintTex2dArray.uexp" 779
"../../../Engine/Content/EngineResources/DefaultTextureCube.uasset" 780
"../../../Engine/Content/EngineResources/DefaultTextureCube.uexp" 781
"../../../Engine/Content/EngineResources/DefaultVolumeTexture2D.uasset" 782
"../../../Engine/Content/EngineResources/DefaultVolumeTexture2D.uexp" 783
"../../../Engine/Content/EngineResources/DefaultVolumeTexture.uasset" 784
"../../../Engine/Content/EngineResources/DefaultVolumeTexture.uexp" 785
"../../../Engine/Plugins/2D/Paper2D/Content/DefaultSpriteMaterial.uasset" 786
"../../../Engine/Plugins/2D/Paper2D/Content/DefaultSpriteMaterial.uexp" 787
"../../../Engine/Plugins/2D/Paper2D/Content/OpaqueUnlitSpriteMaterial.uasset" 788
"../../../Engine/Plugins/2D/Paper2D/Content/OpaqueUnlitSpriteMaterial.uexp" 789
"../../../Engine/Plugins/2D/Paper2D/Content/MaskedUnlitSpriteMaterial.uasset" 790
"../../../Engine/Plugins/2D/Paper2D/Content/MaskedUnlitSpriteMaterial.uexp" 791
"../../../Engine/Plugins/NNE/NNEDenoiser/Content/NNE_oidn2-3-0_rt_hdr_calb_cnrm_large__dyn__fp16_opset11_ForwardAlpha.uasset" 792
"../../../Engine/Plugins/NNE/NNEDenoiser/Content/NNE_oidn2-3-0_rt_hdr_calb_cnrm_large__dyn__fp16_opset11_ForwardAlpha.uexp" 793
"../../../Engine/Plugins/NNE/NNEDenoiser/Content/NNE_oidn2-3-0_rt_hdr_calb_cnrm_large__dyn__fp16_opset11_DenoiseAlpha.uasset" 794
"../../../Engine/Plugins/NNE/NNEDenoiser/Content/NNE_oidn2-3-0_rt_hdr_calb_cnrm_large__dyn__fp16_opset11_DenoiseAlpha.uexp" 795
"../../../Engine/Plugins/NNE/NNEDenoiser/Content/NNE_oidn2-3-0_rt_hdr_alb_nrm__dyn__fp16_opset11_ForwardAlpha.uasset" 796
"../../../Engine/Plugins/NNE/NNEDenoiser/Content/NNE_oidn2-3-0_rt_hdr_alb_nrm__dyn__fp16_opset11_ForwardAlpha.uexp" 797
"../../../Engine/Plugins/NNE/NNEDenoiser/Content/NNE_oidn2-3-0_rt_hdr_alb_nrm__dyn__fp16_opset11_DenoiseAlpha.uasset" 798
"../../../Engine/Plugins/NNE/NNEDenoiser/Content/NNE_oidn2-3-0_rt_hdr_alb_nrm__dyn__fp16_opset11_DenoiseAlpha.uexp" 799
"../../../Engine/Plugins/NNE/NNEDenoiser/Content/NNE_oidn2-3-0_rt_hdr_alb_nrm_small__dyn__fp16_opset11_ForwardAlpha.uasset" 800
"../../../Engine/Plugins/NNE/NNEDenoiser/Content/NNE_oidn2-3-0_rt_hdr_alb_nrm_small__dyn__fp16_opset11_ForwardAlpha.uexp" 801
"../../../Engine/Plugins/NNE/NNEDenoiser/Content/NNE_oidn2-3-0_rt_hdr_alb_nrm_small__dyn__fp16_opset11_DenoiseAlpha.uasset" 802
"../../../Engine/Plugins/NNE/NNEDenoiser/Content/NNE_oidn2-3-0_rt_hdr_alb_nrm_small__dyn__fp16_opset11_DenoiseAlpha.uexp" 803
"../../../Engine/Content/Functions/Engine_MaterialFunctions03/Math/WithinRangeFloat2.uasset" 804
"../../../Engine/Content/Functions/Engine_MaterialFunctions03/Math/WithinRangeFloat2.uexp" 805
"../../../Engine/Content/EditorLandscapeResources/SelectBrushMaterial.uasset" 806
"../../../Engine/Content/EditorLandscapeResources/SelectBrushMaterial.uexp" 807
"../../../Engine/Content/EditorLandscapeResources/SelectBrushMaterial_SelectedRegion.uasset" 808
"../../../Engine/Content/EditorLandscapeResources/SelectBrushMaterial_SelectedRegion.uexp" 809
"../../../Engine/Content/EditorLandscapeResources/SelectBrushMaterial_Selected.uasset" 810
"../../../Engine/Content/EditorLandscapeResources/SelectBrushMaterial_Selected.uexp" 811
"../../../Engine/Content/EditorLandscapeResources/MaskBrushMaterial.uasset" 812
"../../../Engine/Content/EditorLandscapeResources/MaskBrushMaterial.uexp" 813
"../../../Engine/Content/EditorLandscapeResources/MaskBrushMaterial_MaskedRegion.uasset" 814
"../../../Engine/Content/EditorLandscapeResources/MaskBrushMaterial_MaskedRegion.uexp" 815
"../../../Engine/Content/EditorLandscapeResources/ColorMaskBrushMaterial.uasset" 816
"../../../Engine/Content/EditorLandscapeResources/ColorMaskBrushMaterial.uexp" 817
"../../../Engine/Content/EditorLandscapeResources/ColorMaskBrushMaterial_MaskedRegion.uasset" 818
"../../../Engine/Content/EditorLandscapeResources/ColorMaskBrushMaterial_MaskedRegion.uexp" 819
"../../../Engine/Content/VREditor/TransformGizmo/TranslucentTransformGizmoMaterial_Inst.uasset" 820
"../../../Engine/Content/VREditor/TransformGizmo/TranslucentTransformGizmoMaterial_Inst.uexp" 821
"../../../Engine/Content/VREditor/Sounds/UI/Drop_Item_From_ContentBrowser.ubulk" 822
"../../../Engine/Content/VREditor/Sounds/UI/Drop_Item_From_ContentBrowser.uasset" 823
"../../../Engine/Content/VREditor/Sounds/UI/Drop_Item_From_ContentBrowser.uexp" 824
"../../../Engine/Content/VREditor/TransformGizmo/TransformGizmoMaterial_Inst.uasset" 825
"../../../Engine/Content/VREditor/TransformGizmo/TransformGizmoMaterial_Inst.uexp" 826
"../../../Engine/Content/VREditor/TransformGizmo/UniformScaleHandle.ubulk" 827
"../../../Engine/Content/VREditor/TransformGizmo/UniformScaleHandle.uasset" 828
"../../../Engine/Content/VREditor/TransformGizmo/UniformScaleHandle.uexp" 829
"../../../Engine/Content/Functions/Engine_MaterialFunctions02/Math/Transform3x3Matrix.uasset" 830
"../../../Engine/Content/Functions/Engine_MaterialFunctions02/Math/Transform3x3Matrix.uexp" 831
"../../../Engine/Content/Functions/Engine_MaterialFunctions02/SplitComponents.uasset" 832
"../../../Engine/Content/Functions/Engine_MaterialFunctions02/SplitComponents.uexp" 833
"../../../Engine/Content/VREditor/SnapGrid/SnapGridMaterial.uasset" 834
"../../../Engine/Content/VREditor/SnapGrid/SnapGridMaterial.uexp" 835
"../../../Engine/Content/VREditor/SnapGrid/SnapGridPlaneMesh.ubulk" 836
"../../../Engine/Content/VREditor/SnapGrid/SnapGridPlaneMesh.uasset" 837
"../../../Engine/Content/VREditor/SnapGrid/SnapGridPlaneMesh.uexp" 838
"../../../Engine/Content/VREditor/Sounds/UI/Gizmo_Handle_Clicked.ubulk" 839
"../../../Engine/Content/VREditor/Sounds/UI/Gizmo_Handle_Clicked.uasset" 840
"../../../Engine/Content/VREditor/Sounds/UI/Gizmo_Handle_Clicked.uexp" 841
"../../../Engine/Content/VREditor/Sounds/UI/Object_PickUp.ubulk" 842
"../../../Engine/Content/VREditor/Sounds/UI/Object_PickUp.uasset" 843
"../../../Engine/Content/VREditor/Sounds/UI/Object_PickUp.uexp" 844
"../../../Engine/Content/VREditor/Sounds/UI/Object_Snaps_To_Another_Actor.ubulk" 845
"../../../Engine/Content/VREditor/Sounds/UI/Object_Snaps_To_Another_Actor.uasset" 846
"../../../Engine/Content/VREditor/Sounds/UI/Object_Snaps_To_Another_Actor.uexp" 847
"../../../Engine/Content/VREditor/Sounds/UI/Object_Snaps_To_Grid.ubulk" 848
"../../../Engine/Content/VREditor/Sounds/UI/Object_Snaps_To_Grid.uasset" 849
"../../../Engine/Content/VREditor/Sounds/UI/Object_Snaps_To_Grid.uexp" 850
"../../../Engine/Content/VREditor/Sounds/UI/Scaling_Down.ubulk" 851
"../../../Engine/Content/VREditor/Sounds/UI/Scaling_Down.uasset" 852
"../../../Engine/Content/VREditor/Sounds/UI/Scaling_Down.uexp" 853
"../../../Engine/Content/VREditor/Sounds/UI/Scaling_Up.ubulk" 854
"../../../Engine/Content/VREditor/Sounds/UI/Scaling_Up.uasset" 855
"../../../Engine/Content/VREditor/Sounds/UI/Scaling_Up.uexp" 856
"../../../Engine/Content/VREditor/Sounds/UI/Selection_Changes.ubulk" 857
"../../../Engine/Content/VREditor/Sounds/UI/Selection_Changes.uasset" 858
"../../../Engine/Content/VREditor/Sounds/UI/Selection_Changes.uexp" 859
"../../../Engine/Content/VREditor/TransformGizmo/PlaneTranslationHandle.ubulk" 860
"../../../Engine/Content/VREditor/TransformGizmo/PlaneTranslationHandle.uasset" 861
"../../../Engine/Content/VREditor/TransformGizmo/PlaneTranslationHandle.uexp" 862
"../../../Engine/Content/VREditor/TransformGizmo/RotationHandleFull.ubulk" 863
"../../../Engine/Content/VREditor/TransformGizmo/RotationHandleFull.uasset" 864
"../../../Engine/Content/VREditor/TransformGizmo/RotationHandleFull.uexp" 865
"../../../Engine/Content/VREditor/TransformGizmo/RotationHandleIndicator.ubulk" 866
"../../../Engine/Content/VREditor/TransformGizmo/RotationHandleIndicator.uasset" 867
"../../../Engine/Content/VREditor/TransformGizmo/RotationHandleIndicator.uexp" 868
"../../../Engine/Content/VREditor/TransformGizmo/RotationHandleQuarter.ubulk" 869
"../../../Engine/Content/VREditor/TransformGizmo/RotationHandleQuarter.uasset" 870
"../../../Engine/Content/VREditor/TransformGizmo/RotationHandleQuarter.uexp" 871
"../../../Engine/Content/VREditor/TransformGizmo/StartRotationHandleIndicator.ubulk" 872
"../../../Engine/Content/VREditor/TransformGizmo/StartRotationHandleIndicator.uasset" 873
"../../../Engine/Content/VREditor/TransformGizmo/StartRotationHandleIndicator.uexp" 874
"../../../Engine/Content/VREditor/TransformGizmo/TransformGizmoFreeRotation.ubulk" 875
"../../../Engine/Content/VREditor/TransformGizmo/TransformGizmoFreeRotation.uasset" 876
"../../../Engine/Content/VREditor/TransformGizmo/TransformGizmoFreeRotation.uexp" 877
"../../../Engine/Content/VREditor/TransformGizmo/TranslateArrowHandle.ubulk" 878
"../../../Engine/Content/VREditor/TransformGizmo/TranslateArrowHandle.uasset" 879
"../../../Engine/Content/VREditor/TransformGizmo/TranslateArrowHandle.uexp" 880
"../../../Engine/Plugins/Interchange/Assets/Content/gltf/Textures/T_White_srgb.uasset" 881
"../../../Engine/Plugins/Interchange/Assets/Content/gltf/Textures/T_White_srgb.uexp" 882
"../../../Engine/Plugins/Interchange/Assets/Content/gltf/MaterialFunctions/MF_BaseColor.uasset" 883
"../../../Engine/Plugins/Interchange/Assets/Content/gltf/MaterialFunctions/MF_BaseColor.uexp" 884
"../../../Engine/Plugins/Interchange/Assets/Content/gltf/MaterialFunctions/MF_RotateV2.uasset" 885
"../../../Engine/Plugins/Interchange/Assets/Content/gltf/MaterialFunctions/MF_RotateV2.uexp" 886
"../../../Engine/Plugins/Interchange/Assets/Content/gltf/MaterialFunctions/MF_TransformUVs.uasset" 887
"../../../Engine/Plugins/Interchange/Assets/Content/gltf/MaterialFunctions/MF_TransformUVs.uexp" 888
"../../../Engine/Plugins/Interchange/Assets/Content/gltf/MaterialBodies/MF_Unlit_Body.uasset" 889
"../../../Engine/Plugins/Interchange/Assets/Content/gltf/MaterialBodies/MF_Unlit_Body.uexp" 890
"../../../Engine/Plugins/Interchange/Assets/Content/gltf/M_Unlit.uasset" 891
"../../../Engine/Plugins/Interchange/Assets/Content/gltf/M_Unlit.uexp" 892
"../../../Engine/Plugins/Interchange/Assets/Content/gltf/MaterialInstances/MI_Unlit_Opaque_DS.uasset" 893
"../../../Engine/Plugins/Interchange/Assets/Content/gltf/MaterialInstances/MI_Unlit_Opaque_DS.uexp" 894
"../../../Engine/Plugins/Interchange/Assets/Content/gltf/MaterialInstances/MI_Unlit_Opaque.uasset" 895
"../../../Engine/Plugins/Interchange/Assets/Content/gltf/MaterialInstances/MI_Unlit_Opaque.uexp" 896
"../../../Engine/Plugins/Interchange/Assets/Content/gltf/MaterialInstances/MI_Unlit_Mask_DS.uasset" 897
"../../../Engine/Plugins/Interchange/Assets/Content/gltf/MaterialInstances/MI_Unlit_Mask_DS.uexp" 898
"../../../Engine/Plugins/Interchange/Assets/Content/gltf/MaterialInstances/MI_Unlit_Mask.uasset" 899
"../../../Engine/Plugins/Interchange/Assets/Content/gltf/MaterialInstances/MI_Unlit_Mask.uexp" 900
"../../../Engine/Plugins/Interchange/Assets/Content/gltf/MaterialInstances/MI_Unlit_Blend_DS.uasset" 901
"../../../Engine/Plugins/Interchange/Assets/Content/gltf/MaterialInstances/MI_Unlit_Blend_DS.uexp" 902
"../../../Engine/Plugins/Interchange/Assets/Content/gltf/MaterialInstances/MI_Unlit_Blend.uasset" 903
"../../../Engine/Plugins/Interchange/Assets/Content/gltf/MaterialInstances/MI_Unlit_Blend.uexp" 904
"../../../Engine/Content/EngineMaterials/Good64x64TilingNoiseHighFreq.uasset" 905
"../../../Engine/Content/EngineMaterials/Good64x64TilingNoiseHighFreq.uexp" 906
"../../../Engine/Content/Functions/Engine_MaterialFunctions02/Texturing/ScreenAlignedPixelToPixelUVs.uasset" 907
"../../../Engine/Content/Functions/Engine_MaterialFunctions02/Texturing/ScreenAlignedPixelToPixelUVs.uexp" 908
"../../../Engine/Plugins/Interchange/Assets/Content/Utilities/New_LUT.uasset" 909
"../../../Engine/Plugins/Interchange/Assets/Content/Utilities/New_LUT.uexp" 910
"../../../Engine/Content/Functions/Engine_MaterialFunctions03/Math/RemapValueRange.uasset" 911
"../../../Engine/Content/Functions/Engine_MaterialFunctions03/Math/RemapValueRange.uexp" 912
"../../../Engine/Plugins/Interchange/Assets/Content/Functions/MF_Iridescence.uasset" 913
"../../../Engine/Plugins/Interchange/Assets/Content/Functions/MF_Iridescence.uexp" 914
"../../../Engine/Plugins/Interchange/Assets/Content/gltf/MaterialFunctions/MF_Fresnel_DS.uasset" 915
"../../../Engine/Plugins/Interchange/Assets/Content/gltf/MaterialFunctions/MF_Fresnel_DS.uexp" 916
"../../../Engine/Plugins/Interchange/Assets/Content/gltf/MaterialFunctions/MF_IOR.uasset" 917
"../../../Engine/Plugins/Interchange/Assets/Content/gltf/MaterialFunctions/MF_IOR.uexp" 918
"../../../Engine/Plugins/Interchange/Assets/Content/gltf/MaterialFunctions/MF_Iridescence.uasset" 919
"../../../Engine/Plugins/Interchange/Assets/Content/gltf/MaterialFunctions/MF_Iridescence.uexp" 920
"../../../Engine/Plugins/Interchange/Assets/Content/gltf/Textures/T_White_Linear.uasset" 921
"../../../Engine/Plugins/Interchange/Assets/Content/gltf/Textures/T_White_Linear.uexp" 922
"../../../Engine/Plugins/Interchange/Assets/Content/gltf/MaterialFunctions/MF_MetallicRoughness.uasset" 923
"../../../Engine/Plugins/Interchange/Assets/Content/gltf/MaterialFunctions/MF_MetallicRoughness.uexp" 924
"../../../Engine/Plugins/Interchange/Assets/Content/gltf/MaterialFunctions/MF_RotateNormals_TS.uasset" 925
"../../../Engine/Plugins/Interchange/Assets/Content/gltf/MaterialFunctions/MF_RotateNormals_TS.uexp" 926
"../../../Engine/Plugins/Interchange/Assets/Content/gltf/MaterialFunctions/MF_ScaleNormal.uasset" 927
"../../../Engine/Plugins/Interchange/Assets/Content/gltf/MaterialFunctions/MF_ScaleNormal.uexp" 928
"../../../Engine/Plugins/Interchange/Assets/Content/gltf/Textures/T_Generic_N.uasset" 929
"../../../Engine/Plugins/Interchange/Assets/Content/gltf/Textures/T_Generic_N.uexp" 930
"../../../Engine/Plugins/Interchange/Assets/Content/gltf/MaterialFunctions/MF_Normals.uasset" 931
"../../../Engine/Plugins/Interchange/Assets/Content/gltf/MaterialFunctions/MF_Normals.uexp" 932
"../../../Engine/Plugins/Interchange/Assets/Content/gltf/MaterialFunctions/MF_Occlusion.uasset" 933
"../../../Engine/Plugins/Interchange/Assets/Content/gltf/MaterialFunctions/MF_Occlusion.uexp" 934
"../../../Engine/Plugins/Interchange/Assets/Content/gltf/MaterialFunctions/MF_Specular.uasset" 935
"../../../Engine/Plugins/Interchange/Assets/Content/gltf/MaterialFunctions/MF_Specular.uexp" 936
"../../../Engine/Plugins/Interchange/Assets/Content/gltf/Textures/T_Anisotropy_Direction_Linear.uasset" 937
"../../../Engine/Plugins/Interchange/Assets/Content/gltf/Textures/T_Anisotropy_Direction_Linear.uexp" 938
"../../../Engine/Plugins/Interchange/Assets/Content/gltf/MaterialFunctions/MF_SpecularAnisotropy.uasset" 939
"../../../Engine/Plugins/Interchange/Assets/Content/gltf/MaterialFunctions/MF_SpecularAnisotropy.uexp" 940
"../../../Engine/Plugins/Interchange/Assets/Content/gltf/MaterialFunctions/MF_Temporal_Blur.uasset" 941
"../../../Engine/Plugins/Interchange/Assets/Content/gltf/MaterialFunctions/MF_Temporal_Blur.uexp" 942
"../../../Engine/Plugins/Interchange/Assets/Content/gltf/MaterialFunctions/MF_Transmission.uasset" 943
"../../../Engine/Plugins/Interchange/Assets/Content/gltf/MaterialFunctions/MF_Transmission.uexp" 944
"../../../Engine/Plugins/Interchange/Assets/Content/gltf/MaterialBodies/MF_Transmission_Body.uasset" 945
"../../../Engine/Plugins/Interchange/Assets/Content/gltf/MaterialBodies/MF_Transmission_Body.uexp" 946
"../../../Engine/Plugins/Interchange/Assets/Content/gltf/M_Transmission.uasset" 947
"../../../Engine/Plugins/Interchange/Assets/Content/gltf/M_Transmission.uexp" 948
"../../../Engine/Plugins/Interchange/Assets/Content/gltf/MaterialInstances/MI_Transmission_DS.uasset" 949
"../../../Engine/Plugins/Interchange/Assets/Content/gltf/MaterialInstances/MI_Transmission_DS.uexp" 950
"../../../Engine/Plugins/Interchange/Assets/Content/gltf/MaterialInstances/MI_Transmission.uasset" 951
"../../../Engine/Plugins/Interchange/Assets/Content/gltf/MaterialInstances/MI_Transmission.uexp" 952
"../../../Engine/Content/Functions/Engine_MaterialFunctions02/Math/AddComponents.uasset" 953
"../../../Engine/Content/Functions/Engine_MaterialFunctions02/Math/AddComponents.uexp" 954
"../../../Engine/Plugins/Interchange/Assets/Content/gltf/MaterialFunctions/MF_DiffuseSpecGloss.uasset" 955
"../../../Engine/Plugins/Interchange/Assets/Content/gltf/MaterialFunctions/MF_DiffuseSpecGloss.uexp" 956
"../../../Engine/Plugins/Interchange/Assets/Content/gltf/MaterialFunctions/MF_Emissive.uasset" 957
"../../../Engine/Plugins/Interchange/Assets/Content/gltf/MaterialFunctions/MF_Emissive.uexp" 958
"../../../Engine/Plugins/Interchange/Assets/Content/gltf/MaterialFunctions/MF_MaxComponentValue.uasset" 959
"../../../Engine/Plugins/Interchange/Assets/Content/gltf/MaterialFunctions/MF_MaxComponentValue.uexp" 960
"../../../Engine/Plugins/Interchange/Assets/Content/gltf/MaterialFunctions/MF_PerceivedBrightness.uasset" 961
"../../../Engine/Plugins/Interchange/Assets/Content/gltf/MaterialFunctions/MF_PerceivedBrightness.uexp" 962
"../../../Engine/Plugins/Interchange/Assets/Content/gltf/MaterialFunctions/MF_SpecGlossToMetalRoughness.uasset" 963
"../../../Engine/Plugins/Interchange/Assets/Content/gltf/MaterialFunctions/MF_SpecGlossToMetalRoughness.uexp" 964
"../../../Engine/Plugins/Interchange/Assets/Content/gltf/MaterialBodies/MF_SpecularGlossiness_Body.uasset" 965
"../../../Engine/Plugins/Interchange/Assets/Content/gltf/MaterialBodies/MF_SpecularGlossiness_Body.uexp" 966
"../../../Engine/Plugins/Interchange/Assets/Content/gltf/M_SpecularGlossiness.uasset" 967
"../../../Engine/Plugins/Interchange/Assets/Content/gltf/M_SpecularGlossiness.uexp" 968
"../../../Engine/Plugins/Interchange/Assets/Content/gltf/MaterialInstances/MI_SpecularGlossiness_Opaque_DS.uasset" 969
"../../../Engine/Plugins/Interchange/Assets/Content/gltf/MaterialInstances/MI_SpecularGlossiness_Opaque_DS.uexp" 970
"../../../Engine/Plugins/Interchange/Assets/Content/gltf/MaterialInstances/MI_SpecularGlossiness_Opaque.uasset" 971
"../../../Engine/Plugins/Interchange/Assets/Content/gltf/MaterialInstances/MI_SpecularGlossiness_Opaque.uexp" 972
"../../../Engine/Plugins/Interchange/Assets/Content/gltf/MaterialInstances/MI_SpecularGlossiness_Mask_DS.uasset" 973
"../../../Engine/Plugins/Interchange/Assets/Content/gltf/MaterialInstances/MI_SpecularGlossiness_Mask_DS.uexp" 974
"../../../Engine/Plugins/Interchange/Assets/Content/gltf/MaterialInstances/MI_SpecularGlossiness_Mask.uasset" 975
"../../../Engine/Plugins/Interchange/Assets/Content/gltf/MaterialInstances/MI_SpecularGlossiness_Mask.uexp" 976
"../../../Engine/Plugins/Interchange/Assets/Content/gltf/MaterialInstances/MI_SpecularGlossiness_Blend_DS.uasset" 977
"../../../Engine/Plugins/Interchange/Assets/Content/gltf/MaterialInstances/MI_SpecularGlossiness_Blend_DS.uexp" 978
"../../../Engine/Plugins/Interchange/Assets/Content/gltf/MaterialInstances/MI_SpecularGlossiness_Blend.uasset" 979
"../../../Engine/Plugins/Interchange/Assets/Content/gltf/MaterialInstances/MI_SpecularGlossiness_Blend.uexp" 980
"../../../Engine/Plugins/Interchange/Assets/Content/gltf/MaterialFunctions/MF_Sheen.uasset" 981
"../../../Engine/Plugins/Interchange/Assets/Content/gltf/MaterialFunctions/MF_Sheen.uexp" 982
"../../../Engine/Plugins/Interchange/Assets/Content/gltf/MaterialBodies/MF_Sheen_Body.uasset" 983
"../../../Engine/Plugins/Interchange/Assets/Content/gltf/MaterialBodies/MF_Sheen_Body.uexp" 984
"../../../Engine/Plugins/Interchange/Assets/Content/gltf/M_Sheen.uasset" 985
"../../../Engine/Plugins/Interchange/Assets/Content/gltf/M_Sheen.uexp" 986
"../../../Engine/Plugins/Interchange/Assets/Content/gltf/MaterialInstances/MI_Sheen_Opaque_DS.uasset" 987
"../../../Engine/Plugins/Interchange/Assets/Content/gltf/MaterialInstances/MI_Sheen_Opaque_DS.uexp" 988
"../../../Engine/Plugins/Interchange/Assets/Content/gltf/MaterialInstances/MI_Sheen_Opaque.uasset" 989
"../../../Engine/Plugins/Interchange/Assets/Content/gltf/MaterialInstances/MI_Sheen_Opaque.uexp" 990
"../../../Engine/Plugins/Interchange/Assets/Content/gltf/MaterialInstances/MI_Sheen_Mask_DS.uasset" 991
"../../../Engine/Plugins/Interchange/Assets/Content/gltf/MaterialInstances/MI_Sheen_Mask_DS.uexp" 992
"../../../Engine/Plugins/Interchange/Assets/Content/gltf/MaterialInstances/MI_Sheen_Mask.uasset" 993
"../../../Engine/Plugins/Interchange/Assets/Content/gltf/MaterialInstances/MI_Sheen_Mask.uexp" 994
"../../../Engine/Plugins/Interchange/Assets/Content/gltf/MaterialInstances/MI_Sheen_Blend_DS.uasset" 995
"../../../Engine/Plugins/Interchange/Assets/Content/gltf/MaterialInstances/MI_Sheen_Blend_DS.uexp" 996
"../../../Engine/Plugins/Interchange/Assets/Content/gltf/MaterialInstances/MI_Sheen_Blend.uasset" 997
"../../../Engine/Plugins/Interchange/Assets/Content/gltf/MaterialInstances/MI_Sheen_Blend.uexp" 998
"../../../Engine/Plugins/Interchange/Assets/Content/gltf/MaterialBodies/MF_Default_Body.uasset" 999
"../../../Engine/Plugins/Interchange/Assets/Content/gltf/MaterialBodies/MF_Default_Body.uexp" 1000
"../../../Engine/Plugins/Interchange/Assets/Content/gltf/M_Default.uasset" 1001
"../../../Engine/Plugins/Interchange/Assets/Content/gltf/M_Default.uexp" 1002
"../../../Engine/Plugins/Interchange/Assets/Content/gltf/MaterialInstances/MI_Default_Mask_DS.uasset" 1003
"../../../Engine/Plugins/Interchange/Assets/Content/gltf/MaterialInstances/MI_Default_Mask_DS.uexp" 1004
"../../../Engine/Plugins/Interchange/Assets/Content/gltf/MaterialInstances/MI_Default_Mask.uasset" 1005
"../../../Engine/Plugins/Interchange/Assets/Content/gltf/MaterialInstances/MI_Default_Mask.uexp" 1006
"../../../Engine/Plugins/Interchange/Assets/Content/gltf/MaterialInstances/MI_Default_Blend.uasset" 1007
"../../../Engine/Plugins/Interchange/Assets/Content/gltf/MaterialInstances/MI_Default_Blend.uexp" 1008
"../../../Engine/Content/Functions/Engine_MaterialFunctions01/Texturing/FlattenNormal.uasset" 1009
"../../../Engine/Content/Functions/Engine_MaterialFunctions01/Texturing/FlattenNormal.uexp" 1010
"../../../Engine/Plugins/Interchange/Assets/Content/gltf/MaterialFunctions/MF_Clearcoat.uasset" 1011
"../../../Engine/Plugins/Interchange/Assets/Content/gltf/MaterialFunctions/MF_Clearcoat.uexp" 1012
"../../../Engine/Plugins/Interchange/Assets/Content/gltf/MaterialBodies/MF_ClearCoat_Body.uasset" 1013
"../../../Engine/Plugins/Interchange/Assets/Content/gltf/MaterialBodies/MF_ClearCoat_Body.uexp" 1014
"../../../Engine/Plugins/Interchange/Assets/Content/gltf/M_ClearCoat.uasset" 1015
"../../../Engine/Plugins/Interchange/Assets/Content/gltf/M_ClearCoat.uexp" 1016
"../../../Engine/Plugins/Interchange/Assets/Content/gltf/MaterialInstances/MI_ClearCoat_Opaque_DS.uasset" 1017
"../../../Engine/Plugins/Interchange/Assets/Content/gltf/MaterialInstances/MI_ClearCoat_Opaque_DS.uexp" 1018
"../../../Engine/Plugins/Interchange/Assets/Content/gltf/MaterialInstances/MI_ClearCoat_Opaque.uasset" 1019
"../../../Engine/Plugins/Interchange/Assets/Content/gltf/MaterialInstances/MI_ClearCoat_Opaque.uexp" 1020
"../../../Engine/Plugins/Interchange/Assets/Content/gltf/MaterialInstances/MI_ClearCoat_Mask_DS.uasset" 1021
"../../../Engine/Plugins/Interchange/Assets/Content/gltf/MaterialInstances/MI_ClearCoat_Mask_DS.uexp" 1022
"../../../Engine/Plugins/Interchange/Assets/Content/gltf/MaterialInstances/MI_ClearCoat_Mask.uasset" 1023
"../../../Engine/Plugins/Interchange/Assets/Content/gltf/MaterialInstances/MI_ClearCoat_Mask.uexp" 1024
"../../../Engine/Plugins/Interchange/Assets/Content/gltf/MaterialInstances/MI_ClearCoat_Blend.uasset" 1025
"../../../Engine/Plugins/Interchange/Assets/Content/gltf/MaterialInstances/MI_ClearCoat_Blend.uexp" 1026
"../../../Engine/Content/EngineResources/LandscapeVisibilityLayerInfo.uasset" 1027
"../../../Engine/Content/EngineResources/LandscapeVisibilityLayerInfo.uexp" 1028
"../../../Engine/Content/EngineResources/WhiteSquareTexture.uasset" 1029
"../../../Engine/Content/EngineResources/WhiteSquareTexture.uexp" 1030
"../../../Engine/Content/EngineMaterials/Widget3DPassThrough.uasset" 1031
"../../../Engine/Content/EngineMaterials/Widget3DPassThrough.uexp" 1032
"../../../Engine/Content/EngineMaterials/Widget3DPassThrough_Translucent.uasset" 1033
"../../../Engine/Content/EngineMaterials/Widget3DPassThrough_Translucent.uexp" 1034
"../../../Engine/Content/EngineMaterials/Widget3DPassThrough_Translucent_OneSided.uasset" 1035
"../../../Engine/Content/EngineMaterials/Widget3DPassThrough_Translucent_OneSided.uexp" 1036
"../../../Engine/Content/EngineMaterials/Widget3DPassThrough_Opaque.uasset" 1037
"../../../Engine/Content/EngineMaterials/Widget3DPassThrough_Opaque.uexp" 1038
"../../../Engine/Content/EngineMaterials/Widget3DPassThrough_Opaque_OneSided.uasset" 1039
"../../../Engine/Content/EngineMaterials/Widget3DPassThrough_Opaque_OneSided.uexp" 1040
"../../../Engine/Content/EngineMaterials/Widget3DPassThrough_Masked_OneSided.uasset" 1041
"../../../Engine/Content/EngineMaterials/Widget3DPassThrough_Masked_OneSided.uexp" 1042
"../../../Engine/Content/EngineMaterials/Widget3DPassThrough_Masked.uasset" 1043
"../../../Engine/Content/EngineMaterials/Widget3DPassThrough_Masked.uexp" 1044
"../../../Engine/Content/EngineMaterials/Substrate/Volume/SubstrateSimpleVolumeLUT3D.uasset" 1045
"../../../Engine/Content/EngineMaterials/Substrate/Volume/SubstrateSimpleVolumeLUT3D.uexp" 1046
"../../../Engine/Content/EngineMaterials/Substrate/Volume/SubstrateSimpleVolumeEnvLUT3D.uasset" 1047
"../../../Engine/Content/EngineMaterials/Substrate/Volume/SubstrateSimpleVolumeEnvLUT3D.uexp" 1048
"../../../Engine/Plugins/NNE/NNEDenoiser/Content/NNED_Oidn2-3_HighQuality_Alpha.uasset" 1049
"../../../Engine/Plugins/NNE/NNEDenoiser/Content/NNED_Oidn2-3_HighQuality_Alpha.uexp" 1050
"../../../Engine/Plugins/NNE/NNEDenoiser/Content/NNED_Oidn2-3_HighQuality.uasset" 1051
"../../../Engine/Plugins/NNE/NNEDenoiser/Content/NNED_Oidn2-3_HighQuality.uexp" 1052
"../../../Engine/Plugins/NNE/NNEDenoiser/Content/NNED_Oidn2-3_Fast_Alpha.uasset" 1053
"../../../Engine/Plugins/NNE/NNEDenoiser/Content/NNED_Oidn2-3_Fast_Alpha.uexp" 1054
"../../../Engine/Plugins/NNE/NNEDenoiser/Content/NNED_Oidn2-3_Fast.uasset" 1055
"../../../Engine/Plugins/NNE/NNEDenoiser/Content/NNED_Oidn2-3_Fast.uexp" 1056
"../../../Engine/Plugins/NNE/NNEDenoiser/Content/NNED_Oidn2-3_Balanced_Alpha.uasset" 1057
"../../../Engine/Plugins/NNE/NNEDenoiser/Content/NNED_Oidn2-3_Balanced_Alpha.uexp" 1058
"../../../Engine/Plugins/NNE/NNEDenoiser/Content/NNED_Oidn2-3_Balanced.uasset" 1059
"../../../Engine/Plugins/NNE/NNEDenoiser/Content/NNED_Oidn2-3_Balanced.uexp" 1060
"../../../Engine/Plugins/NNE/NNEDenoiser/Content/NNEDT_Oidn2-3_Balanced_Alpha.uasset" 1061
"../../../Engine/Plugins/NNE/NNEDenoiser/Content/NNEDT_Oidn2-3_Balanced_Alpha.uexp" 1062
"../../../Engine/Plugins/NNE/NNEDenoiser/Content/NNEDT_Oidn2-3_Balanced.uasset" 1063
"../../../Engine/Plugins/NNE/NNEDenoiser/Content/NNEDT_Oidn2-3_Balanced.uexp" 1064
"../../../Engine/Plugins/Animation/DeformerGraph/Content/DeformerFunctions/DG_Function_LinearBlendSkin_Morph_Cloth_PositionOnly.uasset" 1065
"../../../Engine/Plugins/Animation/DeformerGraph/Content/DeformerFunctions/DG_Function_LinearBlendSkin_Morph_Cloth_PositionOnly.uexp" 1066
"../../../Engine/Plugins/Animation/DeformerGraph/Content/DeformerFunctions/DG_Function_ComputeNormalsTangents.uasset" 1067
"../../../Engine/Plugins/Animation/DeformerGraph/Content/DeformerFunctions/DG_Function_ComputeNormalsTangents.uexp" 1068
"../../../Engine/Plugins/Animation/DeformerGraph/Content/Deformers/DG_LinearBlendSkin_Morph_Cloth_RecomputeNormals.uasset" 1069
"../../../Engine/Plugins/Animation/DeformerGraph/Content/Deformers/DG_LinearBlendSkin_Morph_Cloth_RecomputeNormals.uexp" 1070
"../../../Engine/Plugins/Animation/DeformerGraph/Content/DeformerFunctions/DG_Function_LinearBlendSkin_Morph_Cloth.uasset" 1071
"../../../Engine/Plugins/Animation/DeformerGraph/Content/DeformerFunctions/DG_Function_LinearBlendSkin_Morph_Cloth.uexp" 1072
"../../../Engine/Plugins/Animation/DeformerGraph/Content/Deformers/DG_LinearBlendSkin_Morph_Cloth.uasset" 1073
"../../../Engine/Plugins/Animation/DeformerGraph/Content/Deformers/DG_LinearBlendSkin_Morph_Cloth.uexp" 1074
"../../../Engine/Content/Maps/Entry_BuiltData.uasset" 1075
"../../../Engine/Content/Maps/Entry_BuiltData.uexp" 1076
"../../../Engine/Content/Maps/Entry.uexp" 1077
"../../../Engine/Content/Maps/Entry.umap" 1078
"../../../Engine/Content/BasicShapes/Cube.ubulk" 1079
"../../../Engine/Content/BasicShapes/Cube.uasset" 1080
"../../../Engine/Content/BasicShapes/Cube.uexp" 1081
"../../../Engine/Content/BasicShapes/Plane.ubulk" 1082
"../../../Engine/Content/BasicShapes/Plane.uasset" 1083
"../../../Engine/Content/BasicShapes/Plane.uexp" 1084
"../../../Engine/Content/BasicShapes/BasicShapeMaterial.uasset" 1085
"../../../Engine/Content/BasicShapes/BasicShapeMaterial.uexp" 1086
"C:/Users/calli/OneDrive/Desktop/Game Dev Stuff/HorrorPuzzle/HorrorPuzzleGame/Content/DownloadedAssets/OldFurniturePack_01/Textures/T_Carpet_01_roughness.ubulk" 1087
"C:/Users/calli/OneDrive/Desktop/Game Dev Stuff/HorrorPuzzle/HorrorPuzzleGame/Content/DownloadedAssets/OldFurniturePack_01/Textures/T_Carpet_01_roughness.uasset" 1088
"C:/Users/calli/OneDrive/Desktop/Game Dev Stuff/HorrorPuzzle/HorrorPuzzleGame/Content/DownloadedAssets/OldFurniturePack_01/Textures/T_Carpet_01_roughness.uexp" 1089
"C:/Users/calli/OneDrive/Desktop/Game Dev Stuff/HorrorPuzzle/HorrorPuzzleGame/Content/DownloadedAssets/OldFurniturePack_01/Textures/T_Carpet_01_normal.ubulk" 1090
"C:/Users/calli/OneDrive/Desktop/Game Dev Stuff/HorrorPuzzle/HorrorPuzzleGame/Content/DownloadedAssets/OldFurniturePack_01/Textures/T_Carpet_01_normal.uasset" 1091
"C:/Users/calli/OneDrive/Desktop/Game Dev Stuff/HorrorPuzzle/HorrorPuzzleGame/Content/DownloadedAssets/OldFurniturePack_01/Textures/T_Carpet_01_normal.uexp" 1092
"C:/Users/calli/OneDrive/Desktop/Game Dev Stuff/HorrorPuzzle/HorrorPuzzleGame/Content/DownloadedAssets/OldFurniturePack_01/Textures/T_Carpet_01_diffuse.ubulk" 1093
"C:/Users/calli/OneDrive/Desktop/Game Dev Stuff/HorrorPuzzle/HorrorPuzzleGame/Content/DownloadedAssets/OldFurniturePack_01/Textures/T_Carpet_01_diffuse.uasset" 1094
"C:/Users/calli/OneDrive/Desktop/Game Dev Stuff/HorrorPuzzle/HorrorPuzzleGame/Content/DownloadedAssets/OldFurniturePack_01/Textures/T_Carpet_01_diffuse.uexp" 1095
"C:/Users/calli/OneDrive/Desktop/Game Dev Stuff/HorrorPuzzle/HorrorPuzzleGame/Content/DownloadedAssets/OldFurniturePack_01/Textures/T_CabinetParts_roughness.ubulk" 1096
"C:/Users/calli/OneDrive/Desktop/Game Dev Stuff/HorrorPuzzle/HorrorPuzzleGame/Content/DownloadedAssets/OldFurniturePack_01/Textures/T_CabinetParts_roughness.uasset" 1097
"C:/Users/calli/OneDrive/Desktop/Game Dev Stuff/HorrorPuzzle/HorrorPuzzleGame/Content/DownloadedAssets/OldFurniturePack_01/Textures/T_CabinetParts_roughness.uexp" 1098
"C:/Users/calli/OneDrive/Desktop/Game Dev Stuff/HorrorPuzzle/HorrorPuzzleGame/Content/DownloadedAssets/OldFurniturePack_01/Textures/T_CabinetParts_normal.ubulk" 1099
"C:/Users/calli/OneDrive/Desktop/Game Dev Stuff/HorrorPuzzle/HorrorPuzzleGame/Content/DownloadedAssets/OldFurniturePack_01/Textures/T_CabinetParts_normal.uasset" 1100
"C:/Users/calli/OneDrive/Desktop/Game Dev Stuff/HorrorPuzzle/HorrorPuzzleGame/Content/DownloadedAssets/OldFurniturePack_01/Textures/T_CabinetParts_normal.uexp" 1101
"C:/Users/calli/OneDrive/Desktop/Game Dev Stuff/HorrorPuzzle/HorrorPuzzleGame/Content/DownloadedAssets/OldFurniturePack_01/Textures/T_CabinetParts_metallic.ubulk" 1102
"C:/Users/calli/OneDrive/Desktop/Game Dev Stuff/HorrorPuzzle/HorrorPuzzleGame/Content/DownloadedAssets/OldFurniturePack_01/Textures/T_CabinetParts_metallic.uasset" 1103
"C:/Users/calli/OneDrive/Desktop/Game Dev Stuff/HorrorPuzzle/HorrorPuzzleGame/Content/DownloadedAssets/OldFurniturePack_01/Textures/T_CabinetParts_metallic.uexp" 1104
"C:/Users/calli/OneDrive/Desktop/Game Dev Stuff/HorrorPuzzle/HorrorPuzzleGame/Content/DownloadedAssets/OldFurniturePack_01/Textures/T_CabinetParts_diffuse.ubulk" 1105
"C:/Users/calli/OneDrive/Desktop/Game Dev Stuff/HorrorPuzzle/HorrorPuzzleGame/Content/DownloadedAssets/OldFurniturePack_01/Textures/T_CabinetParts_diffuse.uasset" 1106
"C:/Users/calli/OneDrive/Desktop/Game Dev Stuff/HorrorPuzzle/HorrorPuzzleGame/Content/DownloadedAssets/OldFurniturePack_01/Textures/T_CabinetParts_diffuse.uexp" 1107
"C:/Users/calli/OneDrive/Desktop/Game Dev Stuff/HorrorPuzzle/HorrorPuzzleGame/Content/DownloadedAssets/OldFurniturePack_01/Materials/M_MasterMaterial.uasset" 1108
"C:/Users/calli/OneDrive/Desktop/Game Dev Stuff/HorrorPuzzle/HorrorPuzzleGame/Content/DownloadedAssets/OldFurniturePack_01/Materials/M_MasterMaterial.uexp" 1109
"C:/Users/calli/OneDrive/Desktop/Game Dev Stuff/HorrorPuzzle/HorrorPuzzleGame/Content/DownloadedAssets/OldFurniturePack_01/Materials/MI_Carpets.uasset" 1110
"C:/Users/calli/OneDrive/Desktop/Game Dev Stuff/HorrorPuzzle/HorrorPuzzleGame/Content/DownloadedAssets/OldFurniturePack_01/Materials/MI_Carpets.uexp" 1111
"C:/Users/calli/OneDrive/Desktop/Game Dev Stuff/HorrorPuzzle/HorrorPuzzleGame/Content/DownloadedAssets/OldFurniturePack_01/Meshes/SM_Carpet_01.ubulk" 1112
"C:/Users/calli/OneDrive/Desktop/Game Dev Stuff/HorrorPuzzle/HorrorPuzzleGame/Content/DownloadedAssets/OldFurniturePack_01/Meshes/SM_Carpet_01.uasset" 1113
"C:/Users/calli/OneDrive/Desktop/Game Dev Stuff/HorrorPuzzle/HorrorPuzzleGame/Content/DownloadedAssets/OldFurniturePack_01/Meshes/SM_Carpet_01.uexp" 1114
"C:/Users/calli/OneDrive/Desktop/Game Dev Stuff/HorrorPuzzle/HorrorPuzzleGame/Content/DownloadedAssets/OldFurniturePack_01/Textures/T_TableAndChair_01_roughness.ubulk" 1115
"C:/Users/calli/OneDrive/Desktop/Game Dev Stuff/HorrorPuzzle/HorrorPuzzleGame/Content/DownloadedAssets/OldFurniturePack_01/Textures/T_TableAndChair_01_roughness.uasset" 1116
"C:/Users/calli/OneDrive/Desktop/Game Dev Stuff/HorrorPuzzle/HorrorPuzzleGame/Content/DownloadedAssets/OldFurniturePack_01/Textures/T_TableAndChair_01_roughness.uexp" 1117
"C:/Users/calli/OneDrive/Desktop/Game Dev Stuff/HorrorPuzzle/HorrorPuzzleGame/Content/DownloadedAssets/OldFurniturePack_01/Textures/T_TableAndChair_01_normal.ubulk" 1118
"C:/Users/calli/OneDrive/Desktop/Game Dev Stuff/HorrorPuzzle/HorrorPuzzleGame/Content/DownloadedAssets/OldFurniturePack_01/Textures/T_TableAndChair_01_normal.uasset" 1119
"C:/Users/calli/OneDrive/Desktop/Game Dev Stuff/HorrorPuzzle/HorrorPuzzleGame/Content/DownloadedAssets/OldFurniturePack_01/Textures/T_TableAndChair_01_normal.uexp" 1120
"C:/Users/calli/OneDrive/Desktop/Game Dev Stuff/HorrorPuzzle/HorrorPuzzleGame/Content/DownloadedAssets/OldFurniturePack_01/Textures/T_TableAndChair_01_diffuse.ubulk" 1121
"C:/Users/calli/OneDrive/Desktop/Game Dev Stuff/HorrorPuzzle/HorrorPuzzleGame/Content/DownloadedAssets/OldFurniturePack_01/Textures/T_TableAndChair_01_diffuse.uasset" 1122
"C:/Users/calli/OneDrive/Desktop/Game Dev Stuff/HorrorPuzzle/HorrorPuzzleGame/Content/DownloadedAssets/OldFurniturePack_01/Textures/T_TableAndChair_01_diffuse.uexp" 1123
"C:/Users/calli/OneDrive/Desktop/Game Dev Stuff/HorrorPuzzle/HorrorPuzzleGame/Content/DownloadedAssets/OldFurniturePack_01/Materials/MI_TableAndChair_01.uasset" 1124
"C:/Users/calli/OneDrive/Desktop/Game Dev Stuff/HorrorPuzzle/HorrorPuzzleGame/Content/DownloadedAssets/OldFurniturePack_01/Materials/MI_TableAndChair_01.uexp" 1125
"C:/Users/calli/OneDrive/Desktop/Game Dev Stuff/HorrorPuzzle/HorrorPuzzleGame/Content/DownloadedAssets/OldFurniturePack_01/Meshes/SM_Chair_01.ubulk" 1126
"C:/Users/calli/OneDrive/Desktop/Game Dev Stuff/HorrorPuzzle/HorrorPuzzleGame/Content/DownloadedAssets/OldFurniturePack_01/Meshes/SM_Chair_01.uasset" 1127
"C:/Users/calli/OneDrive/Desktop/Game Dev Stuff/HorrorPuzzle/HorrorPuzzleGame/Content/DownloadedAssets/OldFurniturePack_01/Meshes/SM_Chair_01.uexp" 1128
"C:/Users/calli/OneDrive/Desktop/Game Dev Stuff/HorrorPuzzle/HorrorPuzzleGame/Content/DownloadedAssets/OldFurniturePack_01/Textures/T_Couch_roughness.ubulk" 1129
"C:/Users/calli/OneDrive/Desktop/Game Dev Stuff/HorrorPuzzle/HorrorPuzzleGame/Content/DownloadedAssets/OldFurniturePack_01/Textures/T_Couch_roughness.uasset" 1130
"C:/Users/calli/OneDrive/Desktop/Game Dev Stuff/HorrorPuzzle/HorrorPuzzleGame/Content/DownloadedAssets/OldFurniturePack_01/Textures/T_Couch_roughness.uexp" 1131
"C:/Users/calli/OneDrive/Desktop/Game Dev Stuff/HorrorPuzzle/HorrorPuzzleGame/Content/DownloadedAssets/OldFurniturePack_01/Textures/T_Couch_normal.ubulk" 1132
"C:/Users/calli/OneDrive/Desktop/Game Dev Stuff/HorrorPuzzle/HorrorPuzzleGame/Content/DownloadedAssets/OldFurniturePack_01/Textures/T_Couch_normal.uasset" 1133
"C:/Users/calli/OneDrive/Desktop/Game Dev Stuff/HorrorPuzzle/HorrorPuzzleGame/Content/DownloadedAssets/OldFurniturePack_01/Textures/T_Couch_normal.uexp" 1134
"C:/Users/calli/OneDrive/Desktop/Game Dev Stuff/HorrorPuzzle/HorrorPuzzleGame/Content/DownloadedAssets/OldFurniturePack_01/Textures/T_Couch_diffuse.ubulk" 1135
"C:/Users/calli/OneDrive/Desktop/Game Dev Stuff/HorrorPuzzle/HorrorPuzzleGame/Content/DownloadedAssets/OldFurniturePack_01/Textures/T_Couch_diffuse.uasset" 1136
"C:/Users/calli/OneDrive/Desktop/Game Dev Stuff/HorrorPuzzle/HorrorPuzzleGame/Content/DownloadedAssets/OldFurniturePack_01/Textures/T_Couch_diffuse.uexp" 1137
"C:/Users/calli/OneDrive/Desktop/Game Dev Stuff/HorrorPuzzle/HorrorPuzzleGame/Content/DownloadedAssets/OldFurniturePack_01/Materials/MI_Couch.uasset" 1138
"C:/Users/calli/OneDrive/Desktop/Game Dev Stuff/HorrorPuzzle/HorrorPuzzleGame/Content/DownloadedAssets/OldFurniturePack_01/Materials/MI_Couch.uexp" 1139
"C:/Users/calli/OneDrive/Desktop/Game Dev Stuff/HorrorPuzzle/HorrorPuzzleGame/Content/DownloadedAssets/OldFurniturePack_01/Meshes/SM_Couch.ubulk" 1140
"C:/Users/calli/OneDrive/Desktop/Game Dev Stuff/HorrorPuzzle/HorrorPuzzleGame/Content/DownloadedAssets/OldFurniturePack_01/Meshes/SM_Couch.uasset" 1141
"C:/Users/calli/OneDrive/Desktop/Game Dev Stuff/HorrorPuzzle/HorrorPuzzleGame/Content/DownloadedAssets/OldFurniturePack_01/Meshes/SM_Couch.uexp" 1142
"C:/Users/calli/OneDrive/Desktop/Game Dev Stuff/HorrorPuzzle/HorrorPuzzleGame/Content/DownloadedAssets/OldFurniturePack_01/Textures/T_TableAndChair_02_roughness.ubulk" 1143
"C:/Users/calli/OneDrive/Desktop/Game Dev Stuff/HorrorPuzzle/HorrorPuzzleGame/Content/DownloadedAssets/OldFurniturePack_01/Textures/T_TableAndChair_02_roughness.uasset" 1144
"C:/Users/calli/OneDrive/Desktop/Game Dev Stuff/HorrorPuzzle/HorrorPuzzleGame/Content/DownloadedAssets/OldFurniturePack_01/Textures/T_TableAndChair_02_roughness.uexp" 1145
"C:/Users/calli/OneDrive/Desktop/Game Dev Stuff/HorrorPuzzle/HorrorPuzzleGame/Content/DownloadedAssets/OldFurniturePack_01/Textures/T_TableAndChair_02_normal.ubulk" 1146
"C:/Users/calli/OneDrive/Desktop/Game Dev Stuff/HorrorPuzzle/HorrorPuzzleGame/Content/DownloadedAssets/OldFurniturePack_01/Textures/T_TableAndChair_02_normal.uasset" 1147
"C:/Users/calli/OneDrive/Desktop/Game Dev Stuff/HorrorPuzzle/HorrorPuzzleGame/Content/DownloadedAssets/OldFurniturePack_01/Textures/T_TableAndChair_02_normal.uexp" 1148
"C:/Users/calli/OneDrive/Desktop/Game Dev Stuff/HorrorPuzzle/HorrorPuzzleGame/Content/DownloadedAssets/OldFurniturePack_01/Textures/T_TableAndChair_02_diffuse.ubulk" 1149
"C:/Users/calli/OneDrive/Desktop/Game Dev Stuff/HorrorPuzzle/HorrorPuzzleGame/Content/DownloadedAssets/OldFurniturePack_01/Textures/T_TableAndChair_02_diffuse.uasset" 1150
"C:/Users/calli/OneDrive/Desktop/Game Dev Stuff/HorrorPuzzle/HorrorPuzzleGame/Content/DownloadedAssets/OldFurniturePack_01/Textures/T_TableAndChair_02_diffuse.uexp" 1151
"C:/Users/calli/OneDrive/Desktop/Game Dev Stuff/HorrorPuzzle/HorrorPuzzleGame/Content/DownloadedAssets/OldFurniturePack_01/Materials/MI_TableAndChair_02.uasset" 1152
"C:/Users/calli/OneDrive/Desktop/Game Dev Stuff/HorrorPuzzle/HorrorPuzzleGame/Content/DownloadedAssets/OldFurniturePack_01/Materials/MI_TableAndChair_02.uexp" 1153
"C:/Users/calli/OneDrive/Desktop/Game Dev Stuff/HorrorPuzzle/HorrorPuzzleGame/Content/DownloadedAssets/OldFurniturePack_01/Meshes/SM_Table_02.ubulk" 1154
"C:/Users/calli/OneDrive/Desktop/Game Dev Stuff/HorrorPuzzle/HorrorPuzzleGame/Content/DownloadedAssets/OldFurniturePack_01/Meshes/SM_Table_02.uasset" 1155
"C:/Users/calli/OneDrive/Desktop/Game Dev Stuff/HorrorPuzzle/HorrorPuzzleGame/Content/DownloadedAssets/OldFurniturePack_01/Meshes/SM_Table_02.uexp" 1156
"C:/Users/calli/OneDrive/Desktop/Game Dev Stuff/HorrorPuzzle/HorrorPuzzleGame/Content/DownloadedAssets/OldFurniturePack_01/Textures/T_WoodenShelf_03_roughness.ubulk" 1157
"C:/Users/calli/OneDrive/Desktop/Game Dev Stuff/HorrorPuzzle/HorrorPuzzleGame/Content/DownloadedAssets/OldFurniturePack_01/Textures/T_WoodenShelf_03_roughness.uasset" 1158
"C:/Users/calli/OneDrive/Desktop/Game Dev Stuff/HorrorPuzzle/HorrorPuzzleGame/Content/DownloadedAssets/OldFurniturePack_01/Textures/T_WoodenShelf_03_roughness.uexp" 1159
"C:/Users/calli/OneDrive/Desktop/Game Dev Stuff/HorrorPuzzle/HorrorPuzzleGame/Content/DownloadedAssets/OldFurniturePack_01/Textures/T_WoodenShelf_03_normal.ubulk" 1160
"C:/Users/calli/OneDrive/Desktop/Game Dev Stuff/HorrorPuzzle/HorrorPuzzleGame/Content/DownloadedAssets/OldFurniturePack_01/Textures/T_WoodenShelf_03_normal.uasset" 1161
"C:/Users/calli/OneDrive/Desktop/Game Dev Stuff/HorrorPuzzle/HorrorPuzzleGame/Content/DownloadedAssets/OldFurniturePack_01/Textures/T_WoodenShelf_03_normal.uexp" 1162
"C:/Users/calli/OneDrive/Desktop/Game Dev Stuff/HorrorPuzzle/HorrorPuzzleGame/Content/DownloadedAssets/OldFurniturePack_01/Textures/T_WoodenShelf_03_metallic.ubulk" 1163
"C:/Users/calli/OneDrive/Desktop/Game Dev Stuff/HorrorPuzzle/HorrorPuzzleGame/Content/DownloadedAssets/OldFurniturePack_01/Textures/T_WoodenShelf_03_metallic.uasset" 1164
"C:/Users/calli/OneDrive/Desktop/Game Dev Stuff/HorrorPuzzle/HorrorPuzzleGame/Content/DownloadedAssets/OldFurniturePack_01/Textures/T_WoodenShelf_03_metallic.uexp" 1165
"C:/Users/calli/OneDrive/Desktop/Game Dev Stuff/HorrorPuzzle/HorrorPuzzleGame/Content/DownloadedAssets/OldFurniturePack_01/Textures/T_WoodenShelf_03_diffuse.ubulk" 1166
"C:/Users/calli/OneDrive/Desktop/Game Dev Stuff/HorrorPuzzle/HorrorPuzzleGame/Content/DownloadedAssets/OldFurniturePack_01/Textures/T_WoodenShelf_03_diffuse.uasset" 1167
"C:/Users/calli/OneDrive/Desktop/Game Dev Stuff/HorrorPuzzle/HorrorPuzzleGame/Content/DownloadedAssets/OldFurniturePack_01/Textures/T_WoodenShelf_03_diffuse.uexp" 1168
"C:/Users/calli/OneDrive/Desktop/Game Dev Stuff/HorrorPuzzle/HorrorPuzzleGame/Content/DownloadedAssets/OldFurniturePack_01/Materials/MI_WoodenShelf_03.uasset" 1169
"C:/Users/calli/OneDrive/Desktop/Game Dev Stuff/HorrorPuzzle/HorrorPuzzleGame/Content/DownloadedAssets/OldFurniturePack_01/Materials/MI_WoodenShelf_03.uexp" 1170
"C:/Users/calli/OneDrive/Desktop/Game Dev Stuff/HorrorPuzzle/HorrorPuzzleGame/Content/DownloadedAssets/OldFurniturePack_01/Meshes/SM_WoodenShelf_03.ubulk" 1171
"C:/Users/calli/OneDrive/Desktop/Game Dev Stuff/HorrorPuzzle/HorrorPuzzleGame/Content/DownloadedAssets/OldFurniturePack_01/Meshes/SM_WoodenShelf_03.uasset" 1172
"C:/Users/calli/OneDrive/Desktop/Game Dev Stuff/HorrorPuzzle/HorrorPuzzleGame/Content/DownloadedAssets/OldFurniturePack_01/Meshes/SM_WoodenShelf_03.uexp" 1173
"C:/Users/calli/OneDrive/Desktop/Game Dev Stuff/HorrorPuzzle/HorrorPuzzleGame/Content/DownloadedAssets/OldFurniturePack_01/Textures/T_WoodenShelf_04_roughness.ubulk" 1174
"C:/Users/calli/OneDrive/Desktop/Game Dev Stuff/HorrorPuzzle/HorrorPuzzleGame/Content/DownloadedAssets/OldFurniturePack_01/Textures/T_WoodenShelf_04_roughness.uasset" 1175
"C:/Users/calli/OneDrive/Desktop/Game Dev Stuff/HorrorPuzzle/HorrorPuzzleGame/Content/DownloadedAssets/OldFurniturePack_01/Textures/T_WoodenShelf_04_roughness.uexp" 1176
"C:/Users/calli/OneDrive/Desktop/Game Dev Stuff/HorrorPuzzle/HorrorPuzzleGame/Content/DownloadedAssets/OldFurniturePack_01/Textures/T_WoodenShelf_04_normal.ubulk" 1177
"C:/Users/calli/OneDrive/Desktop/Game Dev Stuff/HorrorPuzzle/HorrorPuzzleGame/Content/DownloadedAssets/OldFurniturePack_01/Textures/T_WoodenShelf_04_normal.uasset" 1178
"C:/Users/calli/OneDrive/Desktop/Game Dev Stuff/HorrorPuzzle/HorrorPuzzleGame/Content/DownloadedAssets/OldFurniturePack_01/Textures/T_WoodenShelf_04_normal.uexp" 1179
"C:/Users/calli/OneDrive/Desktop/Game Dev Stuff/HorrorPuzzle/HorrorPuzzleGame/Content/DownloadedAssets/OldFurniturePack_01/Textures/T_WoodenShelf_04_diffuse.ubulk" 1180
"C:/Users/calli/OneDrive/Desktop/Game Dev Stuff/HorrorPuzzle/HorrorPuzzleGame/Content/DownloadedAssets/OldFurniturePack_01/Textures/T_WoodenShelf_04_diffuse.uasset" 1181
"C:/Users/calli/OneDrive/Desktop/Game Dev Stuff/HorrorPuzzle/HorrorPuzzleGame/Content/DownloadedAssets/OldFurniturePack_01/Textures/T_WoodenShelf_04_diffuse.uexp" 1182
"C:/Users/calli/OneDrive/Desktop/Game Dev Stuff/HorrorPuzzle/HorrorPuzzleGame/Content/DownloadedAssets/OldFurniturePack_01/Materials/MI_WoodenShelf_04.uasset" 1183
"C:/Users/calli/OneDrive/Desktop/Game Dev Stuff/HorrorPuzzle/HorrorPuzzleGame/Content/DownloadedAssets/OldFurniturePack_01/Materials/MI_WoodenShelf_04.uexp" 1184
"C:/Users/calli/OneDrive/Desktop/Game Dev Stuff/HorrorPuzzle/HorrorPuzzleGame/Content/DownloadedAssets/OldFurniturePack_01/Meshes/SM_WoodenShelf_04.ubulk" 1185
"C:/Users/calli/OneDrive/Desktop/Game Dev Stuff/HorrorPuzzle/HorrorPuzzleGame/Content/DownloadedAssets/OldFurniturePack_01/Meshes/SM_WoodenShelf_04.uasset" 1186
"C:/Users/calli/OneDrive/Desktop/Game Dev Stuff/HorrorPuzzle/HorrorPuzzleGame/Content/DownloadedAssets/OldFurniturePack_01/Meshes/SM_WoodenShelf_04.uexp" 1187
"C:/Users/calli/OneDrive/Desktop/Game Dev Stuff/HorrorPuzzle/HorrorPuzzleGame/Content/DownloadedAssets/OldFurniturePack_01/Textures/T_WoodenShelf_02_roughness.ubulk" 1188
"C:/Users/calli/OneDrive/Desktop/Game Dev Stuff/HorrorPuzzle/HorrorPuzzleGame/Content/DownloadedAssets/OldFurniturePack_01/Textures/T_WoodenShelf_02_roughness.uasset" 1189
"C:/Users/calli/OneDrive/Desktop/Game Dev Stuff/HorrorPuzzle/HorrorPuzzleGame/Content/DownloadedAssets/OldFurniturePack_01/Textures/T_WoodenShelf_02_roughness.uexp" 1190
"C:/Users/calli/OneDrive/Desktop/Game Dev Stuff/HorrorPuzzle/HorrorPuzzleGame/Content/DownloadedAssets/OldFurniturePack_01/Textures/T_WoodenShelf_02_normal.ubulk" 1191
"C:/Users/calli/OneDrive/Desktop/Game Dev Stuff/HorrorPuzzle/HorrorPuzzleGame/Content/DownloadedAssets/OldFurniturePack_01/Textures/T_WoodenShelf_02_normal.uasset" 1192
"C:/Users/calli/OneDrive/Desktop/Game Dev Stuff/HorrorPuzzle/HorrorPuzzleGame/Content/DownloadedAssets/OldFurniturePack_01/Textures/T_WoodenShelf_02_normal.uexp" 1193
"C:/Users/calli/OneDrive/Desktop/Game Dev Stuff/HorrorPuzzle/HorrorPuzzleGame/Content/DownloadedAssets/OldFurniturePack_01/Textures/T_WoodenShelf_02_diffuse.ubulk" 1194
"C:/Users/calli/OneDrive/Desktop/Game Dev Stuff/HorrorPuzzle/HorrorPuzzleGame/Content/DownloadedAssets/OldFurniturePack_01/Textures/T_WoodenShelf_02_diffuse.uasset" 1195
"C:/Users/calli/OneDrive/Desktop/Game Dev Stuff/HorrorPuzzle/HorrorPuzzleGame/Content/DownloadedAssets/OldFurniturePack_01/Textures/T_WoodenShelf_02_diffuse.uexp" 1196
"C:/Users/calli/OneDrive/Desktop/Game Dev Stuff/HorrorPuzzle/HorrorPuzzleGame/Content/DownloadedAssets/OldFurniturePack_01/Materials/MI_WoodenShelf_02.uasset" 1197
"C:/Users/calli/OneDrive/Desktop/Game Dev Stuff/HorrorPuzzle/HorrorPuzzleGame/Content/DownloadedAssets/OldFurniturePack_01/Materials/MI_WoodenShelf_02.uexp" 1198
"C:/Users/calli/OneDrive/Desktop/Game Dev Stuff/HorrorPuzzle/HorrorPuzzleGame/Content/DownloadedAssets/OldFurniturePack_01/Meshes/SM_WoodenShelf_02.ubulk" 1199
"C:/Users/calli/OneDrive/Desktop/Game Dev Stuff/HorrorPuzzle/HorrorPuzzleGame/Content/DownloadedAssets/OldFurniturePack_01/Meshes/SM_WoodenShelf_02.uasset" 1200
"C:/Users/calli/OneDrive/Desktop/Game Dev Stuff/HorrorPuzzle/HorrorPuzzleGame/Content/DownloadedAssets/OldFurniturePack_01/Meshes/SM_WoodenShelf_02.uexp" 1201
"C:/Users/calli/OneDrive/Desktop/Game Dev Stuff/HorrorPuzzle/HorrorPuzzleGame/Content/DownloadedAssets/OldFurniturePack_01/Materials/MI_CabinetParts.uasset" 1202
"C:/Users/calli/OneDrive/Desktop/Game Dev Stuff/HorrorPuzzle/HorrorPuzzleGame/Content/DownloadedAssets/OldFurniturePack_01/Materials/MI_CabinetParts.uexp" 1203
"C:/Users/calli/OneDrive/Desktop/Game Dev Stuff/HorrorPuzzle/HorrorPuzzleGame/Content/DownloadedAssets/OldFurniturePack_01/Meshes/SM_Drawr_01.ubulk" 1204
"C:/Users/calli/OneDrive/Desktop/Game Dev Stuff/HorrorPuzzle/HorrorPuzzleGame/Content/DownloadedAssets/OldFurniturePack_01/Meshes/SM_Drawr_01.uasset" 1205
"C:/Users/calli/OneDrive/Desktop/Game Dev Stuff/HorrorPuzzle/HorrorPuzzleGame/Content/DownloadedAssets/OldFurniturePack_01/Meshes/SM_Drawr_01.uexp" 1206
"C:/Users/calli/OneDrive/Desktop/Game Dev Stuff/HorrorPuzzle/HorrorPuzzleGame/Content/DownloadedAssets/OldFurniturePack_01/Blueprints/BP_WoodenBookShelf_02.uasset" 1207
"C:/Users/calli/OneDrive/Desktop/Game Dev Stuff/HorrorPuzzle/HorrorPuzzleGame/Content/DownloadedAssets/OldFurniturePack_01/Blueprints/BP_WoodenBookShelf_02.uexp" 1208
"C:/Users/calli/OneDrive/Desktop/Game Dev Stuff/HorrorPuzzle/HorrorPuzzleGame/Content/DownloadedAssets/VintageRadio/Textures/T_VintageRadio_N.ubulk" 1209
"C:/Users/calli/OneDrive/Desktop/Game Dev Stuff/HorrorPuzzle/HorrorPuzzleGame/Content/DownloadedAssets/VintageRadio/Textures/T_VintageRadio_N.uasset" 1210
"C:/Users/calli/OneDrive/Desktop/Game Dev Stuff/HorrorPuzzle/HorrorPuzzleGame/Content/DownloadedAssets/VintageRadio/Textures/T_VintageRadio_N.uexp" 1211
"C:/Users/calli/OneDrive/Desktop/Game Dev Stuff/HorrorPuzzle/HorrorPuzzleGame/Content/DownloadedAssets/VintageRadio/Textures/T_VintageRadio_ORM.ubulk" 1212
"C:/Users/calli/OneDrive/Desktop/Game Dev Stuff/HorrorPuzzle/HorrorPuzzleGame/Content/DownloadedAssets/VintageRadio/Textures/T_VintageRadio_ORM.uasset" 1213
"C:/Users/calli/OneDrive/Desktop/Game Dev Stuff/HorrorPuzzle/HorrorPuzzleGame/Content/DownloadedAssets/VintageRadio/Textures/T_VintageRadio_ORM.uexp" 1214
"C:/Users/calli/OneDrive/Desktop/Game Dev Stuff/HorrorPuzzle/HorrorPuzzleGame/Content/DownloadedAssets/VintageRadio/Textures/T_VintageRadio_D.ubulk" 1215
"C:/Users/calli/OneDrive/Desktop/Game Dev Stuff/HorrorPuzzle/HorrorPuzzleGame/Content/DownloadedAssets/VintageRadio/Textures/T_VintageRadio_D.uasset" 1216
"C:/Users/calli/OneDrive/Desktop/Game Dev Stuff/HorrorPuzzle/HorrorPuzzleGame/Content/DownloadedAssets/VintageRadio/Textures/T_VintageRadio_D.uexp" 1217
"../../../Engine/Content/EngineMaterials/DefaultDiffuse_TC_Masks.ubulk" 1218
"../../../Engine/Content/EngineMaterials/DefaultDiffuse_TC_Masks.uasset" 1219
"../../../Engine/Content/EngineMaterials/DefaultDiffuse_TC_Masks.uexp" 1220
"C:/Users/calli/OneDrive/Desktop/Game Dev Stuff/HorrorPuzzle/HorrorPuzzleGame/Content/DownloadedAssets/VintageRadio/Materials/M_VintageRadioGlass_Master.uasset" 1221
"C:/Users/calli/OneDrive/Desktop/Game Dev Stuff/HorrorPuzzle/HorrorPuzzleGame/Content/DownloadedAssets/VintageRadio/Materials/M_VintageRadioGlass_Master.uexp" 1222
"C:/Users/calli/OneDrive/Desktop/Game Dev Stuff/HorrorPuzzle/HorrorPuzzleGame/Content/DownloadedAssets/VintageRadio/Materials/MI_VintageRadioGlass.uasset" 1223
"C:/Users/calli/OneDrive/Desktop/Game Dev Stuff/HorrorPuzzle/HorrorPuzzleGame/Content/DownloadedAssets/VintageRadio/Materials/MI_VintageRadioGlass.uexp" 1224
"C:/Users/calli/OneDrive/Desktop/Game Dev Stuff/HorrorPuzzle/HorrorPuzzleGame/Content/DownloadedAssets/VintageRadio/Materials/M_VintageRadio_Master.uasset" 1225
"C:/Users/calli/OneDrive/Desktop/Game Dev Stuff/HorrorPuzzle/HorrorPuzzleGame/Content/DownloadedAssets/VintageRadio/Materials/M_VintageRadio_Master.uexp" 1226
"C:/Users/calli/OneDrive/Desktop/Game Dev Stuff/HorrorPuzzle/HorrorPuzzleGame/Content/DownloadedAssets/VintageRadio/Materials/MI_VintageRadio.uasset" 1227
"C:/Users/calli/OneDrive/Desktop/Game Dev Stuff/HorrorPuzzle/HorrorPuzzleGame/Content/DownloadedAssets/VintageRadio/Materials/MI_VintageRadio.uexp" 1228
"C:/Users/calli/OneDrive/Desktop/Game Dev Stuff/HorrorPuzzle/HorrorPuzzleGame/Content/DownloadedAssets/VintageRadio/Meshes/SM_VintageRadio.ubulk" 1229
"C:/Users/calli/OneDrive/Desktop/Game Dev Stuff/HorrorPuzzle/HorrorPuzzleGame/Content/DownloadedAssets/VintageRadio/Meshes/SM_VintageRadio.uasset" 1230
"C:/Users/calli/OneDrive/Desktop/Game Dev Stuff/HorrorPuzzle/HorrorPuzzleGame/Content/DownloadedAssets/VintageRadio/Meshes/SM_VintageRadio.uexp" 1231
"C:/Users/calli/OneDrive/Desktop/Game Dev Stuff/HorrorPuzzle/HorrorPuzzleGame/Content/UI/ObjectInteract.uasset" 1232
"C:/Users/calli/OneDrive/Desktop/Game Dev Stuff/HorrorPuzzle/HorrorPuzzleGame/Content/UI/ObjectInteract.uexp" 1233
"C:/Users/calli/OneDrive/Desktop/Game Dev Stuff/HorrorPuzzle/HorrorPuzzleGame/Content/Blueprints/GhostMovementTrigger.uasset" 1234
"C:/Users/calli/OneDrive/Desktop/Game Dev Stuff/HorrorPuzzle/HorrorPuzzleGame/Content/Blueprints/GhostMovementTrigger.uexp" 1235
"C:/Users/calli/OneDrive/Desktop/Game Dev Stuff/HorrorPuzzle/HorrorPuzzleGame/Content/Audio/Radio.uasset" 1236
"C:/Users/calli/OneDrive/Desktop/Game Dev Stuff/HorrorPuzzle/HorrorPuzzleGame/Content/Audio/Radio.uexp" 1237
"C:/Users/calli/OneDrive/Desktop/Game Dev Stuff/HorrorPuzzle/HorrorPuzzleGame/Content/Audio/CreepyLaVienRose.ubulk" 1238
"C:/Users/calli/OneDrive/Desktop/Game Dev Stuff/HorrorPuzzle/HorrorPuzzleGame/Content/Audio/CreepyLaVienRose.uasset" 1239
"C:/Users/calli/OneDrive/Desktop/Game Dev Stuff/HorrorPuzzle/HorrorPuzzleGame/Content/Audio/CreepyLaVienRose.uexp" 1240
"C:/Users/calli/OneDrive/Desktop/Game Dev Stuff/HorrorPuzzle/HorrorPuzzleGame/Content/Blueprints/Radio.uasset" 1241
"C:/Users/calli/OneDrive/Desktop/Game Dev Stuff/HorrorPuzzle/HorrorPuzzleGame/Content/Blueprints/Radio.uexp" 1242
"C:/Users/calli/OneDrive/Desktop/Game Dev Stuff/HorrorPuzzle/HorrorPuzzleGame/Content/Audio/NewSoundAttenuation.uasset" 1243
"C:/Users/calli/OneDrive/Desktop/Game Dev Stuff/HorrorPuzzle/HorrorPuzzleGame/Content/Audio/NewSoundAttenuation.uexp" 1244
"C:/Users/calli/OneDrive/Desktop/Game Dev Stuff/HorrorPuzzle/HorrorPuzzleGame/Content/Audio/DoorCreak.ubulk" 1245
"C:/Users/calli/OneDrive/Desktop/Game Dev Stuff/HorrorPuzzle/HorrorPuzzleGame/Content/Audio/DoorCreak.uasset" 1246
"C:/Users/calli/OneDrive/Desktop/Game Dev Stuff/HorrorPuzzle/HorrorPuzzleGame/Content/Audio/DoorCreak.uexp" 1247
"C:/Users/calli/OneDrive/Desktop/Game Dev Stuff/HorrorPuzzle/HorrorPuzzleGame/Content/Fab/Wooden_Door/Door_Door_OcclusionRoughnessMetallic.ubulk" 1248
"C:/Users/calli/OneDrive/Desktop/Game Dev Stuff/HorrorPuzzle/HorrorPuzzleGame/Content/Fab/Wooden_Door/Door_Door_OcclusionRoughnessMetallic.uasset" 1249
"C:/Users/calli/OneDrive/Desktop/Game Dev Stuff/HorrorPuzzle/HorrorPuzzleGame/Content/Fab/Wooden_Door/Door_Door_OcclusionRoughnessMetallic.uexp" 1250
"C:/Users/calli/OneDrive/Desktop/Game Dev Stuff/HorrorPuzzle/HorrorPuzzleGame/Content/Fab/Wooden_Door/Door_Door_Normal.ubulk" 1251
"C:/Users/calli/OneDrive/Desktop/Game Dev Stuff/HorrorPuzzle/HorrorPuzzleGame/Content/Fab/Wooden_Door/Door_Door_Normal.uasset" 1252
"C:/Users/calli/OneDrive/Desktop/Game Dev Stuff/HorrorPuzzle/HorrorPuzzleGame/Content/Fab/Wooden_Door/Door_Door_Normal.uexp" 1253
"C:/Users/calli/OneDrive/Desktop/Game Dev Stuff/HorrorPuzzle/HorrorPuzzleGame/Content/Fab/Wooden_Door/Door_Door_BaseColor.ubulk" 1254
"C:/Users/calli/OneDrive/Desktop/Game Dev Stuff/HorrorPuzzle/HorrorPuzzleGame/Content/Fab/Wooden_Door/Door_Door_BaseColor.uasset" 1255
"C:/Users/calli/OneDrive/Desktop/Game Dev Stuff/HorrorPuzzle/HorrorPuzzleGame/Content/Fab/Wooden_Door/Door_Door_BaseColor.uexp" 1256
"C:/Users/calli/OneDrive/Desktop/Game Dev Stuff/HorrorPuzzle/HorrorPuzzleGame/Content/Fab/Wooden_Door/DoorMaterial.uasset" 1257
"C:/Users/calli/OneDrive/Desktop/Game Dev Stuff/HorrorPuzzle/HorrorPuzzleGame/Content/Fab/Wooden_Door/DoorMaterial.uexp" 1258
"../../../Engine/Content/EngineResources/DefaultTexture.ubulk" 1259
"../../../Engine/Content/EngineResources/DefaultTexture.uasset" 1260
"../../../Engine/Content/EngineResources/DefaultTexture.uexp" 1261
"../../../Engine/Content/EngineMaterials/DefaultNormal.ubulk" 1262
"../../../Engine/Content/EngineMaterials/DefaultNormal.uasset" 1263
"../../../Engine/Content/EngineMaterials/DefaultNormal.uexp" 1264
"../../../Engine/Content/Functions/Engine_MaterialFunctions01/Shading/ConvertFromDiffSpec.uasset" 1265
"../../../Engine/Content/Functions/Engine_MaterialFunctions01/Shading/ConvertFromDiffSpec.uexp" 1266
"../../../Engine/Plugins/Interchange/Assets/Content/Materials/MapOrColorFunction.uasset" 1267
"../../../Engine/Plugins/Interchange/Assets/Content/Materials/MapOrColorFunction.uexp" 1268
"../../../Engine/Plugins/Interchange/Assets/Content/Materials/MapOrLinearColorFunction.uasset" 1269
"../../../Engine/Plugins/Interchange/Assets/Content/Materials/MapOrLinearColorFunction.uexp" 1270
"../../../Engine/Plugins/Interchange/Assets/Content/Materials/MapOrScalarFunction.uasset" 1271
"../../../Engine/Plugins/Interchange/Assets/Content/Materials/MapOrScalarFunction.uexp" 1272
"../../../Engine/Plugins/Interchange/Assets/Content/Materials/PhongSurfaceMaterial.uasset" 1273
"../../../Engine/Plugins/Interchange/Assets/Content/Materials/PhongSurfaceMaterial.uexp" 1274
"C:/Users/calli/OneDrive/Desktop/Game Dev Stuff/HorrorPuzzle/HorrorPuzzleGame/Content/Fab/Wooden_Door/02_-_Default.uasset" 1275
"C:/Users/calli/OneDrive/Desktop/Game Dev Stuff/HorrorPuzzle/HorrorPuzzleGame/Content/Fab/Wooden_Door/02_-_Default.uexp" 1276
"C:/Users/calli/OneDrive/Desktop/Game Dev Stuff/HorrorPuzzle/HorrorPuzzleGame/Content/Fab/Wooden_Door/DoorFrame.ubulk" 1277
"C:/Users/calli/OneDrive/Desktop/Game Dev Stuff/HorrorPuzzle/HorrorPuzzleGame/Content/Fab/Wooden_Door/DoorFrame.uasset" 1278
"C:/Users/calli/OneDrive/Desktop/Game Dev Stuff/HorrorPuzzle/HorrorPuzzleGame/Content/Fab/Wooden_Door/DoorFrame.uexp" 1279
"C:/Users/calli/OneDrive/Desktop/Game Dev Stuff/HorrorPuzzle/HorrorPuzzleGame/Content/Fab/Wooden_Door/Door.ubulk" 1280
"C:/Users/calli/OneDrive/Desktop/Game Dev Stuff/HorrorPuzzle/HorrorPuzzleGame/Content/Fab/Wooden_Door/Door.uasset" 1281
"C:/Users/calli/OneDrive/Desktop/Game Dev Stuff/HorrorPuzzle/HorrorPuzzleGame/Content/Fab/Wooden_Door/Door.uexp" 1282
"C:/Users/calli/OneDrive/Desktop/Game Dev Stuff/HorrorPuzzle/HorrorPuzzleGame/Content/Blueprints/Door.uasset" 1283
"C:/Users/calli/OneDrive/Desktop/Game Dev Stuff/HorrorPuzzle/HorrorPuzzleGame/Content/Blueprints/Door.uexp" 1284
"C:/Users/calli/OneDrive/Desktop/Game Dev Stuff/HorrorPuzzle/HorrorPuzzleGame/Content/Blueprints/RadioTrigger.uasset" 1285
"C:/Users/calli/OneDrive/Desktop/Game Dev Stuff/HorrorPuzzle/HorrorPuzzleGame/Content/Blueprints/RadioTrigger.uexp" 1286
"../../../Engine/Plugins/Interchange/Assets/Content/gltf/MaterialInstances/MI_Default_Opaque_DS.uasset" 1287
"../../../Engine/Plugins/Interchange/Assets/Content/gltf/MaterialInstances/MI_Default_Opaque_DS.uexp" 1288
"C:/Users/calli/OneDrive/Desktop/Game Dev Stuff/HorrorPuzzle/HorrorPuzzleGame/Content/DownloadedAssets/Piano/piano/Textures/piano_texture_6.ubulk" 1289
"C:/Users/calli/OneDrive/Desktop/Game Dev Stuff/HorrorPuzzle/HorrorPuzzleGame/Content/DownloadedAssets/Piano/piano/Textures/piano_texture_6.uasset" 1290
"C:/Users/calli/OneDrive/Desktop/Game Dev Stuff/HorrorPuzzle/HorrorPuzzleGame/Content/DownloadedAssets/Piano/piano/Textures/piano_texture_6.uexp" 1291
"C:/Users/calli/OneDrive/Desktop/Game Dev Stuff/HorrorPuzzle/HorrorPuzzleGame/Content/DownloadedAssets/Piano/piano/Textures/piano_texture_7.ubulk" 1292
"C:/Users/calli/OneDrive/Desktop/Game Dev Stuff/HorrorPuzzle/HorrorPuzzleGame/Content/DownloadedAssets/Piano/piano/Textures/piano_texture_7.uasset" 1293
"C:/Users/calli/OneDrive/Desktop/Game Dev Stuff/HorrorPuzzle/HorrorPuzzleGame/Content/DownloadedAssets/Piano/piano/Textures/piano_texture_7.uexp" 1294
"C:/Users/calli/OneDrive/Desktop/Game Dev Stuff/HorrorPuzzle/HorrorPuzzleGame/Content/DownloadedAssets/Piano/piano/Textures/piano_texture_8.ubulk" 1295
"C:/Users/calli/OneDrive/Desktop/Game Dev Stuff/HorrorPuzzle/HorrorPuzzleGame/Content/DownloadedAssets/Piano/piano/Textures/piano_texture_8.uasset" 1296
"C:/Users/calli/OneDrive/Desktop/Game Dev Stuff/HorrorPuzzle/HorrorPuzzleGame/Content/DownloadedAssets/Piano/piano/Textures/piano_texture_8.uexp" 1297
"C:/Users/calli/OneDrive/Desktop/Game Dev Stuff/HorrorPuzzle/HorrorPuzzleGame/Content/DownloadedAssets/Piano/piano/Materials/piano_white.uasset" 1298
"C:/Users/calli/OneDrive/Desktop/Game Dev Stuff/HorrorPuzzle/HorrorPuzzleGame/Content/DownloadedAssets/Piano/piano/Materials/piano_white.uexp" 1299
"C:/Users/calli/OneDrive/Desktop/Game Dev Stuff/HorrorPuzzle/HorrorPuzzleGame/Content/DownloadedAssets/Piano/piano/Textures/piano_texture_3.ubulk" 1300
"C:/Users/calli/OneDrive/Desktop/Game Dev Stuff/HorrorPuzzle/HorrorPuzzleGame/Content/DownloadedAssets/Piano/piano/Textures/piano_texture_3.uasset" 1301
"C:/Users/calli/OneDrive/Desktop/Game Dev Stuff/HorrorPuzzle/HorrorPuzzleGame/Content/DownloadedAssets/Piano/piano/Textures/piano_texture_3.uexp" 1302
"C:/Users/calli/OneDrive/Desktop/Game Dev Stuff/HorrorPuzzle/HorrorPuzzleGame/Content/DownloadedAssets/Piano/piano/Textures/piano_texture_4.ubulk" 1303
"C:/Users/calli/OneDrive/Desktop/Game Dev Stuff/HorrorPuzzle/HorrorPuzzleGame/Content/DownloadedAssets/Piano/piano/Textures/piano_texture_4.uasset" 1304
"C:/Users/calli/OneDrive/Desktop/Game Dev Stuff/HorrorPuzzle/HorrorPuzzleGame/Content/DownloadedAssets/Piano/piano/Textures/piano_texture_4.uexp" 1305
"C:/Users/calli/OneDrive/Desktop/Game Dev Stuff/HorrorPuzzle/HorrorPuzzleGame/Content/DownloadedAssets/Piano/piano/Textures/piano_texture_5.ubulk" 1306
"C:/Users/calli/OneDrive/Desktop/Game Dev Stuff/HorrorPuzzle/HorrorPuzzleGame/Content/DownloadedAssets/Piano/piano/Textures/piano_texture_5.uasset" 1307
"C:/Users/calli/OneDrive/Desktop/Game Dev Stuff/HorrorPuzzle/HorrorPuzzleGame/Content/DownloadedAssets/Piano/piano/Textures/piano_texture_5.uexp" 1308
"C:/Users/calli/OneDrive/Desktop/Game Dev Stuff/HorrorPuzzle/HorrorPuzzleGame/Content/DownloadedAssets/Piano/piano/Materials/piano_gold.uasset" 1309
"C:/Users/calli/OneDrive/Desktop/Game Dev Stuff/HorrorPuzzle/HorrorPuzzleGame/Content/DownloadedAssets/Piano/piano/Materials/piano_gold.uexp" 1310
"C:/Users/calli/OneDrive/Desktop/Game Dev Stuff/HorrorPuzzle/HorrorPuzzleGame/Content/DownloadedAssets/Piano/piano/Textures/piano_texture_0.ubulk" 1311
"C:/Users/calli/OneDrive/Desktop/Game Dev Stuff/HorrorPuzzle/HorrorPuzzleGame/Content/DownloadedAssets/Piano/piano/Textures/piano_texture_0.uasset" 1312
"C:/Users/calli/OneDrive/Desktop/Game Dev Stuff/HorrorPuzzle/HorrorPuzzleGame/Content/DownloadedAssets/Piano/piano/Textures/piano_texture_0.uexp" 1313
"C:/Users/calli/OneDrive/Desktop/Game Dev Stuff/HorrorPuzzle/HorrorPuzzleGame/Content/DownloadedAssets/Piano/piano/Textures/piano_texture_1.ubulk" 1314
"C:/Users/calli/OneDrive/Desktop/Game Dev Stuff/HorrorPuzzle/HorrorPuzzleGame/Content/DownloadedAssets/Piano/piano/Textures/piano_texture_1.uasset" 1315
"C:/Users/calli/OneDrive/Desktop/Game Dev Stuff/HorrorPuzzle/HorrorPuzzleGame/Content/DownloadedAssets/Piano/piano/Textures/piano_texture_1.uexp" 1316
"C:/Users/calli/OneDrive/Desktop/Game Dev Stuff/HorrorPuzzle/HorrorPuzzleGame/Content/DownloadedAssets/Piano/piano/Textures/piano_texture_2.ubulk" 1317
"C:/Users/calli/OneDrive/Desktop/Game Dev Stuff/HorrorPuzzle/HorrorPuzzleGame/Content/DownloadedAssets/Piano/piano/Textures/piano_texture_2.uasset" 1318
"C:/Users/calli/OneDrive/Desktop/Game Dev Stuff/HorrorPuzzle/HorrorPuzzleGame/Content/DownloadedAssets/Piano/piano/Textures/piano_texture_2.uexp" 1319
"C:/Users/calli/OneDrive/Desktop/Game Dev Stuff/HorrorPuzzle/HorrorPuzzleGame/Content/DownloadedAssets/Piano/piano/Materials/piano_black.uasset" 1320
"C:/Users/calli/OneDrive/Desktop/Game Dev Stuff/HorrorPuzzle/HorrorPuzzleGame/Content/DownloadedAssets/Piano/piano/Materials/piano_black.uexp" 1321
"C:/Users/calli/OneDrive/Desktop/Game Dev Stuff/HorrorPuzzle/HorrorPuzzleGame/Content/DownloadedAssets/Piano/piano/StaticMeshes/piano.ubulk" 1322
"C:/Users/calli/OneDrive/Desktop/Game Dev Stuff/HorrorPuzzle/HorrorPuzzleGame/Content/DownloadedAssets/Piano/piano/StaticMeshes/piano.uasset" 1323
"C:/Users/calli/OneDrive/Desktop/Game Dev Stuff/HorrorPuzzle/HorrorPuzzleGame/Content/DownloadedAssets/Piano/piano/StaticMeshes/piano.uexp" 1324
"C:/Users/calli/OneDrive/Desktop/Game Dev Stuff/HorrorPuzzle/HorrorPuzzleGame/Content/Blueprints/Piano.uasset" 1325
"C:/Users/calli/OneDrive/Desktop/Game Dev Stuff/HorrorPuzzle/HorrorPuzzleGame/Content/Blueprints/Piano.uexp" 1326
"C:/Users/calli/OneDrive/Desktop/Game Dev Stuff/HorrorPuzzle/HorrorPuzzleGame/Content/Blueprints/LivingRoomPuzzleManager.uasset" 1327
"C:/Users/calli/OneDrive/Desktop/Game Dev Stuff/HorrorPuzzle/HorrorPuzzleGame/Content/Blueprints/LivingRoomPuzzleManager.uexp" 1328
"C:/Users/calli/OneDrive/Desktop/Game Dev Stuff/HorrorPuzzle/HorrorPuzzleGame/Content/UI/scary-woods.uasset" 1329
"C:/Users/calli/OneDrive/Desktop/Game Dev Stuff/HorrorPuzzle/HorrorPuzzleGame/Content/UI/scary-woods.uexp" 1330
"C:/Users/calli/OneDrive/Desktop/Game Dev Stuff/HorrorPuzzle/HorrorPuzzleGame/Content/UI/Creepywood2.uasset" 1331
"C:/Users/calli/OneDrive/Desktop/Game Dev Stuff/HorrorPuzzle/HorrorPuzzleGame/Content/UI/Creepywood2.uexp" 1332
"C:/Users/calli/OneDrive/Desktop/Game Dev Stuff/HorrorPuzzle/HorrorPuzzleGame/Content/UI/Window.uasset" 1333
"C:/Users/calli/OneDrive/Desktop/Game Dev Stuff/HorrorPuzzle/HorrorPuzzleGame/Content/UI/Window.uexp" 1334
"C:/Users/calli/OneDrive/Desktop/Game Dev Stuff/HorrorPuzzle/HorrorPuzzleGame/Content/Blueprints/Image.uasset" 1335
"C:/Users/calli/OneDrive/Desktop/Game Dev Stuff/HorrorPuzzle/HorrorPuzzleGame/Content/Blueprints/Image.uexp" 1336
"../../../Engine/Plugins/Interchange/Assets/Content/gltf/MaterialInstances/MI_Default_Opaque.uasset" 1337
"../../../Engine/Plugins/Interchange/Assets/Content/gltf/MaterialInstances/MI_Default_Opaque.uexp" 1338
"C:/Users/calli/OneDrive/Desktop/Game Dev Stuff/HorrorPuzzle/HorrorPuzzleGame/Content/Characters/ghost-woman-a-pose/source/invocacaodomal/Textures/invocacaodomal_texture_1.ubulk" 1339
"C:/Users/calli/OneDrive/Desktop/Game Dev Stuff/HorrorPuzzle/HorrorPuzzleGame/Content/Characters/ghost-woman-a-pose/source/invocacaodomal/Textures/invocacaodomal_texture_1.uasset" 1340
"C:/Users/calli/OneDrive/Desktop/Game Dev Stuff/HorrorPuzzle/HorrorPuzzleGame/Content/Characters/ghost-woman-a-pose/source/invocacaodomal/Textures/invocacaodomal_texture_1.uexp" 1341
"C:/Users/calli/OneDrive/Desktop/Game Dev Stuff/HorrorPuzzle/HorrorPuzzleGame/Content/Characters/ghost-woman-a-pose/source/invocacaodomal/Materials/mvadapter_material_texture_mesh_494c898ad09230fe_glb.uasset" 1342
"C:/Users/calli/OneDrive/Desktop/Game Dev Stuff/HorrorPuzzle/HorrorPuzzleGame/Content/Characters/ghost-woman-a-pose/source/invocacaodomal/Materials/mvadapter_material_texture_mesh_494c898ad09230fe_glb.uexp" 1343
"C:/Users/calli/OneDrive/Desktop/Game Dev Stuff/HorrorPuzzle/HorrorPuzzleGame/Content/Characters/ghost-woman-a-pose/source/invocacaodomal/StaticMeshes/invocacaodomal.ubulk" 1344
"C:/Users/calli/OneDrive/Desktop/Game Dev Stuff/HorrorPuzzle/HorrorPuzzleGame/Content/Characters/ghost-woman-a-pose/source/invocacaodomal/StaticMeshes/invocacaodomal.uasset" 1345
"C:/Users/calli/OneDrive/Desktop/Game Dev Stuff/HorrorPuzzle/HorrorPuzzleGame/Content/Characters/ghost-woman-a-pose/source/invocacaodomal/StaticMeshes/invocacaodomal.uexp" 1346
"C:/Users/calli/OneDrive/Desktop/Game Dev Stuff/HorrorPuzzle/HorrorPuzzleGame/Content/Blueprints/Ghost.uasset" 1347
"C:/Users/calli/OneDrive/Desktop/Game Dev Stuff/HorrorPuzzle/HorrorPuzzleGame/Content/Blueprints/Ghost.uexp" 1348
"C:/Users/calli/OneDrive/Desktop/Game Dev Stuff/HorrorPuzzle/HorrorPuzzleGame/Content/Blueprints/DoorUnlockTrigger.uasset" 1349
"C:/Users/calli/OneDrive/Desktop/Game Dev Stuff/HorrorPuzzle/HorrorPuzzleGame/Content/Blueprints/DoorUnlockTrigger.uexp" 1350
"C:/Users/calli/OneDrive/Desktop/Game Dev Stuff/HorrorPuzzle/HorrorPuzzleGame/Content/Materials/Painting.uasset" 1351
"C:/Users/calli/OneDrive/Desktop/Game Dev Stuff/HorrorPuzzle/HorrorPuzzleGame/Content/Materials/Painting.uexp" 1352
"C:/Users/calli/OneDrive/Desktop/Game Dev Stuff/HorrorPuzzle/HorrorPuzzleGame/Content/UI/PNG-Single_Sheet.uasset" 1353
"C:/Users/calli/OneDrive/Desktop/Game Dev Stuff/HorrorPuzzle/HorrorPuzzleGame/Content/UI/PNG-Single_Sheet.uexp" 1354
"C:/Users/calli/OneDrive/Desktop/Game Dev Stuff/HorrorPuzzle/HorrorPuzzleGame/Content/UI/LetterUI.uasset" 1355
"C:/Users/calli/OneDrive/Desktop/Game Dev Stuff/HorrorPuzzle/HorrorPuzzleGame/Content/UI/LetterUI.uexp" 1356
"../../../Engine/Plugins/Fab/Content/MaterialFunctions/QMF_RoughnessAdjustments.uasset" 1357
"../../../Engine/Plugins/Fab/Content/MaterialFunctions/QMF_RoughnessAdjustments.uexp" 1358
"../../../Engine/Plugins/Fab/Content/MaterialFunctions/QMF_NormalAdjustments.uasset" 1359
"../../../Engine/Plugins/Fab/Content/MaterialFunctions/QMF_NormalAdjustments.uexp" 1360
"../../../Engine/Plugins/Fab/Content/MaterialFunctions/QMF_BaseColorAdjustments.uasset" 1361
"../../../Engine/Plugins/Fab/Content/MaterialFunctions/QMF_BaseColorAdjustments.uexp" 1362
"../../../Engine/Plugins/Fab/Content/MaterialFunctions/QMF_AOAdjustments.uasset" 1363
"../../../Engine/Plugins/Fab/Content/MaterialFunctions/QMF_AOAdjustments.uexp" 1364
"../../../Engine/Plugins/Fab/Content/Textures/Standard/T_DefaultNormal.uasset" 1365
"../../../Engine/Plugins/Fab/Content/Textures/Standard/T_DefaultNormal.uexp" 1366
"../../../Engine/Plugins/Fab/Content/Textures/Standard/T_DefaultMasks.uasset" 1367
"../../../Engine/Plugins/Fab/Content/Textures/Standard/T_DefaultMasks.uexp" 1368
"../../../Engine/Plugins/Fab/Content/Textures/Standard/T_DefaultDisplacement.uasset" 1369
"../../../Engine/Plugins/Fab/Content/Textures/Standard/T_DefaultDisplacement.uexp" 1370
"../../../Engine/Plugins/Fab/Content/Textures/Standard/T_DefaultColor.uasset" 1371
"../../../Engine/Plugins/Fab/Content/Textures/Standard/T_DefaultColor.uexp" 1372
"../../../Engine/Plugins/Fab/Content/Materials/Standard/M_MS_Base.uasset" 1373
"../../../Engine/Plugins/Fab/Content/Materials/Standard/M_MS_Base.uexp" 1374
"C:/Users/calli/OneDrive/Desktop/Game Dev Stuff/HorrorPuzzle/HorrorPuzzleGame/Content/Fab/Megascans/3D/Book_wldodgk/Medium/wldodgk_tier_2/Textures/T_wldodgk_2K_ORM.ubulk" 1375
"C:/Users/calli/OneDrive/Desktop/Game Dev Stuff/HorrorPuzzle/HorrorPuzzleGame/Content/Fab/Megascans/3D/Book_wldodgk/Medium/wldodgk_tier_2/Textures/T_wldodgk_2K_ORM.uasset" 1376
"C:/Users/calli/OneDrive/Desktop/Game Dev Stuff/HorrorPuzzle/HorrorPuzzleGame/Content/Fab/Megascans/3D/Book_wldodgk/Medium/wldodgk_tier_2/Textures/T_wldodgk_2K_ORM.uexp" 1377
"C:/Users/calli/OneDrive/Desktop/Game Dev Stuff/HorrorPuzzle/HorrorPuzzleGame/Content/Fab/Megascans/3D/Book_wldodgk/Medium/wldodgk_tier_2/Textures/T_wldodgk_2K_N.ubulk" 1378
"C:/Users/calli/OneDrive/Desktop/Game Dev Stuff/HorrorPuzzle/HorrorPuzzleGame/Content/Fab/Megascans/3D/Book_wldodgk/Medium/wldodgk_tier_2/Textures/T_wldodgk_2K_N.uasset" 1379
"C:/Users/calli/OneDrive/Desktop/Game Dev Stuff/HorrorPuzzle/HorrorPuzzleGame/Content/Fab/Megascans/3D/Book_wldodgk/Medium/wldodgk_tier_2/Textures/T_wldodgk_2K_N.uexp" 1380
"C:/Users/calli/OneDrive/Desktop/Game Dev Stuff/HorrorPuzzle/HorrorPuzzleGame/Content/Fab/Megascans/3D/Book_wldodgk/Medium/wldodgk_tier_2/Textures/T_wldodgk_2K_B.ubulk" 1381
"C:/Users/calli/OneDrive/Desktop/Game Dev Stuff/HorrorPuzzle/HorrorPuzzleGame/Content/Fab/Megascans/3D/Book_wldodgk/Medium/wldodgk_tier_2/Textures/T_wldodgk_2K_B.uasset" 1382
"C:/Users/calli/OneDrive/Desktop/Game Dev Stuff/HorrorPuzzle/HorrorPuzzleGame/Content/Fab/Megascans/3D/Book_wldodgk/Medium/wldodgk_tier_2/Textures/T_wldodgk_2K_B.uexp" 1383
"C:/Users/calli/OneDrive/Desktop/Game Dev Stuff/HorrorPuzzle/HorrorPuzzleGame/Content/Fab/Megascans/3D/Book_wldodgk/Medium/wldodgk_tier_2/Materials/MI_wldodgk.uasset" 1384
"C:/Users/calli/OneDrive/Desktop/Game Dev Stuff/HorrorPuzzle/HorrorPuzzleGame/Content/Fab/Megascans/3D/Book_wldodgk/Medium/wldodgk_tier_2/Materials/MI_wldodgk.uexp" 1385
"C:/Users/calli/OneDrive/Desktop/Game Dev Stuff/HorrorPuzzle/HorrorPuzzleGame/Content/Fab/Megascans/3D/Book_wldodgk/Medium/wldodgk_tier_2/StaticMeshes/wldodgk_tier_2.ubulk" 1386
"C:/Users/calli/OneDrive/Desktop/Game Dev Stuff/HorrorPuzzle/HorrorPuzzleGame/Content/Fab/Megascans/3D/Book_wldodgk/Medium/wldodgk_tier_2/StaticMeshes/wldodgk_tier_2.uasset" 1387
"C:/Users/calli/OneDrive/Desktop/Game Dev Stuff/HorrorPuzzle/HorrorPuzzleGame/Content/Fab/Megascans/3D/Book_wldodgk/Medium/wldodgk_tier_2/StaticMeshes/wldodgk_tier_2.uexp" 1388
"C:/Users/calli/OneDrive/Desktop/Game Dev Stuff/HorrorPuzzle/HorrorPuzzleGame/Content/Blueprints/BP_Book.uasset" 1389
"C:/Users/calli/OneDrive/Desktop/Game Dev Stuff/HorrorPuzzle/HorrorPuzzleGame/Content/Blueprints/BP_Book.uexp" 1390
"C:/Users/calli/OneDrive/Desktop/Game Dev Stuff/HorrorPuzzle/HorrorPuzzleGame/Content/Fab/Megascans/3D/Decorative_Picture_Frame_ukkpdhqbw/Medium/ukkpdhqbw_tier_2/Textures/T_ukkpdhqbw_2K_ORM.ubulk" 1391
"C:/Users/calli/OneDrive/Desktop/Game Dev Stuff/HorrorPuzzle/HorrorPuzzleGame/Content/Fab/Megascans/3D/Decorative_Picture_Frame_ukkpdhqbw/Medium/ukkpdhqbw_tier_2/Textures/T_ukkpdhqbw_2K_ORM.uasset" 1392
"C:/Users/calli/OneDrive/Desktop/Game Dev Stuff/HorrorPuzzle/HorrorPuzzleGame/Content/Fab/Megascans/3D/Decorative_Picture_Frame_ukkpdhqbw/Medium/ukkpdhqbw_tier_2/Textures/T_ukkpdhqbw_2K_ORM.uexp" 1393
"C:/Users/calli/OneDrive/Desktop/Game Dev Stuff/HorrorPuzzle/HorrorPuzzleGame/Content/Fab/Megascans/3D/Decorative_Picture_Frame_ukkpdhqbw/Medium/ukkpdhqbw_tier_2/Textures/T_ukkpdhqbw_2K_N.ubulk" 1394
"C:/Users/calli/OneDrive/Desktop/Game Dev Stuff/HorrorPuzzle/HorrorPuzzleGame/Content/Fab/Megascans/3D/Decorative_Picture_Frame_ukkpdhqbw/Medium/ukkpdhqbw_tier_2/Textures/T_ukkpdhqbw_2K_N.uasset" 1395
"C:/Users/calli/OneDrive/Desktop/Game Dev Stuff/HorrorPuzzle/HorrorPuzzleGame/Content/Fab/Megascans/3D/Decorative_Picture_Frame_ukkpdhqbw/Medium/ukkpdhqbw_tier_2/Textures/T_ukkpdhqbw_2K_N.uexp" 1396
"C:/Users/calli/OneDrive/Desktop/Game Dev Stuff/HorrorPuzzle/HorrorPuzzleGame/Content/Fab/Megascans/3D/Decorative_Picture_Frame_ukkpdhqbw/Medium/ukkpdhqbw_tier_2/Textures/T_ukkpdhqbw_2K_B.ubulk" 1397
"C:/Users/calli/OneDrive/Desktop/Game Dev Stuff/HorrorPuzzle/HorrorPuzzleGame/Content/Fab/Megascans/3D/Decorative_Picture_Frame_ukkpdhqbw/Medium/ukkpdhqbw_tier_2/Textures/T_ukkpdhqbw_2K_B.uasset" 1398
"C:/Users/calli/OneDrive/Desktop/Game Dev Stuff/HorrorPuzzle/HorrorPuzzleGame/Content/Fab/Megascans/3D/Decorative_Picture_Frame_ukkpdhqbw/Medium/ukkpdhqbw_tier_2/Textures/T_ukkpdhqbw_2K_B.uexp" 1399
"C:/Users/calli/OneDrive/Desktop/Game Dev Stuff/HorrorPuzzle/HorrorPuzzleGame/Content/Fab/Megascans/3D/Decorative_Picture_Frame_ukkpdhqbw/Medium/ukkpdhqbw_tier_2/Materials/MI_ukkpdhqbw.uasset" 1400
"C:/Users/calli/OneDrive/Desktop/Game Dev Stuff/HorrorPuzzle/HorrorPuzzleGame/Content/Fab/Megascans/3D/Decorative_Picture_Frame_ukkpdhqbw/Medium/ukkpdhqbw_tier_2/Materials/MI_ukkpdhqbw.uexp" 1401
"C:/Users/calli/OneDrive/Desktop/Game Dev Stuff/HorrorPuzzle/HorrorPuzzleGame/Content/Fab/Megascans/3D/Decorative_Picture_Frame_ukkpdhqbw/Medium/ukkpdhqbw_tier_2/StaticMeshes/ukkpdhqbw_tier_2.ubulk" 1402
"C:/Users/calli/OneDrive/Desktop/Game Dev Stuff/HorrorPuzzle/HorrorPuzzleGame/Content/Fab/Megascans/3D/Decorative_Picture_Frame_ukkpdhqbw/Medium/ukkpdhqbw_tier_2/StaticMeshes/ukkpdhqbw_tier_2.uasset" 1403
"C:/Users/calli/OneDrive/Desktop/Game Dev Stuff/HorrorPuzzle/HorrorPuzzleGame/Content/Fab/Megascans/3D/Decorative_Picture_Frame_ukkpdhqbw/Medium/ukkpdhqbw_tier_2/StaticMeshes/ukkpdhqbw_tier_2.uexp" 1404
"C:/Users/calli/OneDrive/Desktop/Game Dev Stuff/HorrorPuzzle/HorrorPuzzleGame/Content/Blueprints/BP_InteractablePainting.uasset" 1405
"C:/Users/calli/OneDrive/Desktop/Game Dev Stuff/HorrorPuzzle/HorrorPuzzleGame/Content/Blueprints/BP_InteractablePainting.uexp" 1406
"C:/Users/calli/OneDrive/Desktop/Game Dev Stuff/HorrorPuzzle/HorrorPuzzleGame/Content/Fab/Bed/bed_with_a_bed_cover/Textures/bed_with_a_bed_cover_texture_3.ubulk" 1407
"C:/Users/calli/OneDrive/Desktop/Game Dev Stuff/HorrorPuzzle/HorrorPuzzleGame/Content/Fab/Bed/bed_with_a_bed_cover/Textures/bed_with_a_bed_cover_texture_3.uasset" 1408
"C:/Users/calli/OneDrive/Desktop/Game Dev Stuff/HorrorPuzzle/HorrorPuzzleGame/Content/Fab/Bed/bed_with_a_bed_cover/Textures/bed_with_a_bed_cover_texture_3.uexp" 1409
"C:/Users/calli/OneDrive/Desktop/Game Dev Stuff/HorrorPuzzle/HorrorPuzzleGame/Content/Fab/Bed/bed_with_a_bed_cover/Textures/bed_with_a_bed_cover_texture_4.ubulk" 1410
"C:/Users/calli/OneDrive/Desktop/Game Dev Stuff/HorrorPuzzle/HorrorPuzzleGame/Content/Fab/Bed/bed_with_a_bed_cover/Textures/bed_with_a_bed_cover_texture_4.uasset" 1411
"C:/Users/calli/OneDrive/Desktop/Game Dev Stuff/HorrorPuzzle/HorrorPuzzleGame/Content/Fab/Bed/bed_with_a_bed_cover/Textures/bed_with_a_bed_cover_texture_4.uexp" 1412
"C:/Users/calli/OneDrive/Desktop/Game Dev Stuff/HorrorPuzzle/HorrorPuzzleGame/Content/Fab/Bed/bed_with_a_bed_cover/Textures/bed_with_a_bed_cover_texture_5.ubulk" 1413
"C:/Users/calli/OneDrive/Desktop/Game Dev Stuff/HorrorPuzzle/HorrorPuzzleGame/Content/Fab/Bed/bed_with_a_bed_cover/Textures/bed_with_a_bed_cover_texture_5.uasset" 1414
"C:/Users/calli/OneDrive/Desktop/Game Dev Stuff/HorrorPuzzle/HorrorPuzzleGame/Content/Fab/Bed/bed_with_a_bed_cover/Textures/bed_with_a_bed_cover_texture_5.uexp" 1415
"C:/Users/calli/OneDrive/Desktop/Game Dev Stuff/HorrorPuzzle/HorrorPuzzleGame/Content/Fab/Bed/bed_with_a_bed_cover/Materials/Material_002.uasset" 1416
"C:/Users/calli/OneDrive/Desktop/Game Dev Stuff/HorrorPuzzle/HorrorPuzzleGame/Content/Fab/Bed/bed_with_a_bed_cover/Materials/Material_002.uexp" 1417
"C:/Users/calli/OneDrive/Desktop/Game Dev Stuff/HorrorPuzzle/HorrorPuzzleGame/Content/Fab/Bed/bed_with_a_bed_cover/Textures/bed_with_a_bed_cover_texture_0.ubulk" 1418
"C:/Users/calli/OneDrive/Desktop/Game Dev Stuff/HorrorPuzzle/HorrorPuzzleGame/Content/Fab/Bed/bed_with_a_bed_cover/Textures/bed_with_a_bed_cover_texture_0.uasset" 1419
"C:/Users/calli/OneDrive/Desktop/Game Dev Stuff/HorrorPuzzle/HorrorPuzzleGame/Content/Fab/Bed/bed_with_a_bed_cover/Textures/bed_with_a_bed_cover_texture_0.uexp" 1420
"C:/Users/calli/OneDrive/Desktop/Game Dev Stuff/HorrorPuzzle/HorrorPuzzleGame/Content/Fab/Bed/bed_with_a_bed_cover/Textures/bed_with_a_bed_cover_texture_1.ubulk" 1421
"C:/Users/calli/OneDrive/Desktop/Game Dev Stuff/HorrorPuzzle/HorrorPuzzleGame/Content/Fab/Bed/bed_with_a_bed_cover/Textures/bed_with_a_bed_cover_texture_1.uasset" 1422
"C:/Users/calli/OneDrive/Desktop/Game Dev Stuff/HorrorPuzzle/HorrorPuzzleGame/Content/Fab/Bed/bed_with_a_bed_cover/Textures/bed_with_a_bed_cover_texture_1.uexp" 1423
"C:/Users/calli/OneDrive/Desktop/Game Dev Stuff/HorrorPuzzle/HorrorPuzzleGame/Content/Fab/Bed/bed_with_a_bed_cover/Textures/bed_with_a_bed_cover_texture_2.ubulk" 1424
"C:/Users/calli/OneDrive/Desktop/Game Dev Stuff/HorrorPuzzle/HorrorPuzzleGame/Content/Fab/Bed/bed_with_a_bed_cover/Textures/bed_with_a_bed_cover_texture_2.uasset" 1425
"C:/Users/calli/OneDrive/Desktop/Game Dev Stuff/HorrorPuzzle/HorrorPuzzleGame/Content/Fab/Bed/bed_with_a_bed_cover/Textures/bed_with_a_bed_cover_texture_2.uexp" 1426
"C:/Users/calli/OneDrive/Desktop/Game Dev Stuff/HorrorPuzzle/HorrorPuzzleGame/Content/Fab/Bed/bed_with_a_bed_cover/Materials/Material_001.uasset" 1427
"C:/Users/calli/OneDrive/Desktop/Game Dev Stuff/HorrorPuzzle/HorrorPuzzleGame/Content/Fab/Bed/bed_with_a_bed_cover/Materials/Material_001.uexp" 1428
"C:/Users/calli/OneDrive/Desktop/Game Dev Stuff/HorrorPuzzle/HorrorPuzzleGame/Content/Fab/Bed/bed_with_a_bed_cover/Textures/bed_with_a_bed_cover_texture_6.ubulk" 1429
"C:/Users/calli/OneDrive/Desktop/Game Dev Stuff/HorrorPuzzle/HorrorPuzzleGame/Content/Fab/Bed/bed_with_a_bed_cover/Textures/bed_with_a_bed_cover_texture_6.uasset" 1430
"C:/Users/calli/OneDrive/Desktop/Game Dev Stuff/HorrorPuzzle/HorrorPuzzleGame/Content/Fab/Bed/bed_with_a_bed_cover/Textures/bed_with_a_bed_cover_texture_6.uexp" 1431
"C:/Users/calli/OneDrive/Desktop/Game Dev Stuff/HorrorPuzzle/HorrorPuzzleGame/Content/Fab/Bed/bed_with_a_bed_cover/Textures/bed_with_a_bed_cover_texture_7.ubulk" 1432
"C:/Users/calli/OneDrive/Desktop/Game Dev Stuff/HorrorPuzzle/HorrorPuzzleGame/Content/Fab/Bed/bed_with_a_bed_cover/Textures/bed_with_a_bed_cover_texture_7.uasset" 1433
"C:/Users/calli/OneDrive/Desktop/Game Dev Stuff/HorrorPuzzle/HorrorPuzzleGame/Content/Fab/Bed/bed_with_a_bed_cover/Textures/bed_with_a_bed_cover_texture_7.uexp" 1434
"C:/Users/calli/OneDrive/Desktop/Game Dev Stuff/HorrorPuzzle/HorrorPuzzleGame/Content/Fab/Bed/bed_with_a_bed_cover/Textures/bed_with_a_bed_cover_texture_8.ubulk" 1435
"C:/Users/calli/OneDrive/Desktop/Game Dev Stuff/HorrorPuzzle/HorrorPuzzleGame/Content/Fab/Bed/bed_with_a_bed_cover/Textures/bed_with_a_bed_cover_texture_8.uasset" 1436
"C:/Users/calli/OneDrive/Desktop/Game Dev Stuff/HorrorPuzzle/HorrorPuzzleGame/Content/Fab/Bed/bed_with_a_bed_cover/Textures/bed_with_a_bed_cover_texture_8.uexp" 1437
"C:/Users/calli/OneDrive/Desktop/Game Dev Stuff/HorrorPuzzle/HorrorPuzzleGame/Content/Fab/Bed/bed_with_a_bed_cover/Materials/Material.uasset" 1438
"C:/Users/calli/OneDrive/Desktop/Game Dev Stuff/HorrorPuzzle/HorrorPuzzleGame/Content/Fab/Bed/bed_with_a_bed_cover/Materials/Material.uexp" 1439
"C:/Users/calli/OneDrive/Desktop/Game Dev Stuff/HorrorPuzzle/HorrorPuzzleGame/Content/Fab/Bed/bed_with_a_bed_cover/StaticMeshes/bed_with_a_bed_cover.ubulk" 1440
"C:/Users/calli/OneDrive/Desktop/Game Dev Stuff/HorrorPuzzle/HorrorPuzzleGame/Content/Fab/Bed/bed_with_a_bed_cover/StaticMeshes/bed_with_a_bed_cover.uasset" 1441
"C:/Users/calli/OneDrive/Desktop/Game Dev Stuff/HorrorPuzzle/HorrorPuzzleGame/Content/Fab/Bed/bed_with_a_bed_cover/StaticMeshes/bed_with_a_bed_cover.uexp" 1442
"C:/Users/calli/OneDrive/Desktop/Game Dev Stuff/HorrorPuzzle/HorrorPuzzleGame/Content/Blueprints/Bed.uasset" 1443
"C:/Users/calli/OneDrive/Desktop/Game Dev Stuff/HorrorPuzzle/HorrorPuzzleGame/Content/Blueprints/Bed.uexp" 1444
"C:/Users/calli/OneDrive/Desktop/Game Dev Stuff/HorrorPuzzle/HorrorPuzzleGame/Content/Audio/ForestAmbeience.ubulk" 1445
"C:/Users/calli/OneDrive/Desktop/Game Dev Stuff/HorrorPuzzle/HorrorPuzzleGame/Content/Audio/ForestAmbeience.uasset" 1446
"C:/Users/calli/OneDrive/Desktop/Game Dev Stuff/HorrorPuzzle/HorrorPuzzleGame/Content/Audio/ForestAmbeience.uexp" 1447
"C:/Users/calli/OneDrive/Desktop/Game Dev Stuff/HorrorPuzzle/HorrorPuzzleGame/Content/Notes/LR_1_poisons.uasset" 1448
"C:/Users/calli/OneDrive/Desktop/Game Dev Stuff/HorrorPuzzle/HorrorPuzzleGame/Content/Notes/LR_1_poisons.uexp" 1449
"C:/Users/calli/OneDrive/Desktop/Game Dev Stuff/HorrorPuzzle/HorrorPuzzleGame/Content/Notes/LR_1_newspaper.uasset" 1450
"C:/Users/calli/OneDrive/Desktop/Game Dev Stuff/HorrorPuzzle/HorrorPuzzleGame/Content/Notes/LR_1_newspaper.uexp" 1451
"C:/Users/calli/OneDrive/Desktop/Game Dev Stuff/HorrorPuzzle/HorrorPuzzleGame/Content/Notes/LR_1_manuscrpitA.uasset" 1452
"C:/Users/calli/OneDrive/Desktop/Game Dev Stuff/HorrorPuzzle/HorrorPuzzleGame/Content/Notes/LR_1_manuscrpitA.uexp" 1453
"C:/Users/calli/OneDrive/Desktop/Game Dev Stuff/HorrorPuzzle/HorrorPuzzleGame/Content/Notes/LR_1_manuscriptC.uasset" 1454
"C:/Users/calli/OneDrive/Desktop/Game Dev Stuff/HorrorPuzzle/HorrorPuzzleGame/Content/Notes/LR_1_manuscriptC.uexp" 1455
"C:/Users/calli/OneDrive/Desktop/Game Dev Stuff/HorrorPuzzle/HorrorPuzzleGame/Content/Notes/LR_1_manuscriptB.uasset" 1456
"C:/Users/calli/OneDrive/Desktop/Game Dev Stuff/HorrorPuzzle/HorrorPuzzleGame/Content/Notes/LR_1_manuscriptB.uexp" 1457
"C:/Users/calli/OneDrive/Desktop/Game Dev Stuff/HorrorPuzzle/HorrorPuzzleGame/Content/Notes/CB_2_story.uasset" 1458
"C:/Users/calli/OneDrive/Desktop/Game Dev Stuff/HorrorPuzzle/HorrorPuzzleGame/Content/Notes/CB_2_story.uexp" 1459
"C:/Users/calli/OneDrive/Desktop/Game Dev Stuff/HorrorPuzzle/HorrorPuzzleGame/Content/Notes/CB_2_letter.uasset" 1460
"C:/Users/calli/OneDrive/Desktop/Game Dev Stuff/HorrorPuzzle/HorrorPuzzleGame/Content/Notes/CB_2_letter.uexp" 1461
"C:/Users/calli/OneDrive/Desktop/Game Dev Stuff/HorrorPuzzle/HorrorPuzzleGame/Content/Notes/CB_1_manuscript.uasset" 1462
"C:/Users/calli/OneDrive/Desktop/Game Dev Stuff/HorrorPuzzle/HorrorPuzzleGame/Content/Notes/CB_1_manuscript.uexp" 1463
"C:/Users/calli/OneDrive/Desktop/Game Dev Stuff/HorrorPuzzle/HorrorPuzzleGame/Content/Notes/CB_1_diary.uasset" 1464
"C:/Users/calli/OneDrive/Desktop/Game Dev Stuff/HorrorPuzzle/HorrorPuzzleGame/Content/Notes/CB_1_diary.uexp" 1465
"C:/Users/calli/OneDrive/Desktop/Game Dev Stuff/HorrorPuzzle/HorrorPuzzleGame/Content/Materials/Wall.uasset" 1466
"C:/Users/calli/OneDrive/Desktop/Game Dev Stuff/HorrorPuzzle/HorrorPuzzleGame/Content/Materials/Wall.uexp" 1467
"C:/Users/calli/OneDrive/Desktop/Game Dev Stuff/HorrorPuzzle/HorrorPuzzleGame/Content/Materials/Ceiling.uasset" 1468
"C:/Users/calli/OneDrive/Desktop/Game Dev Stuff/HorrorPuzzle/HorrorPuzzleGame/Content/Materials/Ceiling.uexp" 1469
"C:/Users/calli/OneDrive/Desktop/Game Dev Stuff/HorrorPuzzle/HorrorPuzzleGame/Content/Fab/Teddy_bear__3D_Scan_/teddy_bear/Textures/Image_0.ubulk" 1470
"C:/Users/calli/OneDrive/Desktop/Game Dev Stuff/HorrorPuzzle/HorrorPuzzleGame/Content/Fab/Teddy_bear__3D_Scan_/teddy_bear/Textures/Image_0.uasset" 1471
"C:/Users/calli/OneDrive/Desktop/Game Dev Stuff/HorrorPuzzle/HorrorPuzzleGame/Content/Fab/Teddy_bear__3D_Scan_/teddy_bear/Textures/Image_0.uexp" 1472
"C:/Users/calli/OneDrive/Desktop/Game Dev Stuff/HorrorPuzzle/HorrorPuzzleGame/Content/Fab/Teddy_bear__3D_Scan_/teddy_bear/Materials/Material_0_003.uasset" 1473
"C:/Users/calli/OneDrive/Desktop/Game Dev Stuff/HorrorPuzzle/HorrorPuzzleGame/Content/Fab/Teddy_bear__3D_Scan_/teddy_bear/Materials/Material_0_003.uexp" 1474
"C:/Users/calli/OneDrive/Desktop/Game Dev Stuff/HorrorPuzzle/HorrorPuzzleGame/Content/Fab/Teddy_bear__3D_Scan_/teddy_bear/StaticMeshes/teddy_bear.ubulk" 1475
"C:/Users/calli/OneDrive/Desktop/Game Dev Stuff/HorrorPuzzle/HorrorPuzzleGame/Content/Fab/Teddy_bear__3D_Scan_/teddy_bear/StaticMeshes/teddy_bear.uasset" 1476
"C:/Users/calli/OneDrive/Desktop/Game Dev Stuff/HorrorPuzzle/HorrorPuzzleGame/Content/Fab/Teddy_bear__3D_Scan_/teddy_bear/StaticMeshes/teddy_bear.uexp" 1477
"C:/Users/calli/OneDrive/Desktop/Game Dev Stuff/HorrorPuzzle/HorrorPuzzleGame/Content/Fab/Old_Dresser_01/old_dresser_01/Textures/old_dresser_01_texture_6.ubulk" 1478
"C:/Users/calli/OneDrive/Desktop/Game Dev Stuff/HorrorPuzzle/HorrorPuzzleGame/Content/Fab/Old_Dresser_01/old_dresser_01/Textures/old_dresser_01_texture_6.uasset" 1479
"C:/Users/calli/OneDrive/Desktop/Game Dev Stuff/HorrorPuzzle/HorrorPuzzleGame/Content/Fab/Old_Dresser_01/old_dresser_01/Textures/old_dresser_01_texture_6.uexp" 1480
"C:/Users/calli/OneDrive/Desktop/Game Dev Stuff/HorrorPuzzle/HorrorPuzzleGame/Content/Fab/Old_Dresser_01/old_dresser_01/Textures/old_dresser_01_texture_7.ubulk" 1481
"C:/Users/calli/OneDrive/Desktop/Game Dev Stuff/HorrorPuzzle/HorrorPuzzleGame/Content/Fab/Old_Dresser_01/old_dresser_01/Textures/old_dresser_01_texture_7.uasset" 1482
"C:/Users/calli/OneDrive/Desktop/Game Dev Stuff/HorrorPuzzle/HorrorPuzzleGame/Content/Fab/Old_Dresser_01/old_dresser_01/Textures/old_dresser_01_texture_7.uexp" 1483
"C:/Users/calli/OneDrive/Desktop/Game Dev Stuff/HorrorPuzzle/HorrorPuzzleGame/Content/Fab/Old_Dresser_01/old_dresser_01/Textures/old_dresser_01_texture_8.ubulk" 1484
"C:/Users/calli/OneDrive/Desktop/Game Dev Stuff/HorrorPuzzle/HorrorPuzzleGame/Content/Fab/Old_Dresser_01/old_dresser_01/Textures/old_dresser_01_texture_8.uasset" 1485
"C:/Users/calli/OneDrive/Desktop/Game Dev Stuff/HorrorPuzzle/HorrorPuzzleGame/Content/Fab/Old_Dresser_01/old_dresser_01/Textures/old_dresser_01_texture_8.uexp" 1486
"C:/Users/calli/OneDrive/Desktop/Game Dev Stuff/HorrorPuzzle/HorrorPuzzleGame/Content/Fab/Old_Dresser_01/old_dresser_01/Materials/Wood-3.uasset" 1487
"C:/Users/calli/OneDrive/Desktop/Game Dev Stuff/HorrorPuzzle/HorrorPuzzleGame/Content/Fab/Old_Dresser_01/old_dresser_01/Materials/Wood-3.uexp" 1488
"C:/Users/calli/OneDrive/Desktop/Game Dev Stuff/HorrorPuzzle/HorrorPuzzleGame/Content/Fab/Old_Dresser_01/old_dresser_01/Textures/old_dresser_01_texture_3.ubulk" 1489
"C:/Users/calli/OneDrive/Desktop/Game Dev Stuff/HorrorPuzzle/HorrorPuzzleGame/Content/Fab/Old_Dresser_01/old_dresser_01/Textures/old_dresser_01_texture_3.uasset" 1490
"C:/Users/calli/OneDrive/Desktop/Game Dev Stuff/HorrorPuzzle/HorrorPuzzleGame/Content/Fab/Old_Dresser_01/old_dresser_01/Textures/old_dresser_01_texture_3.uexp" 1491
"C:/Users/calli/OneDrive/Desktop/Game Dev Stuff/HorrorPuzzle/HorrorPuzzleGame/Content/Fab/Old_Dresser_01/old_dresser_01/Textures/old_dresser_01_texture_4.ubulk" 1492
"C:/Users/calli/OneDrive/Desktop/Game Dev Stuff/HorrorPuzzle/HorrorPuzzleGame/Content/Fab/Old_Dresser_01/old_dresser_01/Textures/old_dresser_01_texture_4.uasset" 1493
"C:/Users/calli/OneDrive/Desktop/Game Dev Stuff/HorrorPuzzle/HorrorPuzzleGame/Content/Fab/Old_Dresser_01/old_dresser_01/Textures/old_dresser_01_texture_4.uexp" 1494
"C:/Users/calli/OneDrive/Desktop/Game Dev Stuff/HorrorPuzzle/HorrorPuzzleGame/Content/Fab/Old_Dresser_01/old_dresser_01/Textures/old_dresser_01_texture_5.ubulk" 1495
"C:/Users/calli/OneDrive/Desktop/Game Dev Stuff/HorrorPuzzle/HorrorPuzzleGame/Content/Fab/Old_Dresser_01/old_dresser_01/Textures/old_dresser_01_texture_5.uasset" 1496
"C:/Users/calli/OneDrive/Desktop/Game Dev Stuff/HorrorPuzzle/HorrorPuzzleGame/Content/Fab/Old_Dresser_01/old_dresser_01/Textures/old_dresser_01_texture_5.uexp" 1497
"C:/Users/calli/OneDrive/Desktop/Game Dev Stuff/HorrorPuzzle/HorrorPuzzleGame/Content/Fab/Old_Dresser_01/old_dresser_01/Materials/Wood-2.uasset" 1498
"C:/Users/calli/OneDrive/Desktop/Game Dev Stuff/HorrorPuzzle/HorrorPuzzleGame/Content/Fab/Old_Dresser_01/old_dresser_01/Materials/Wood-2.uexp" 1499
"C:/Users/calli/OneDrive/Desktop/Game Dev Stuff/HorrorPuzzle/HorrorPuzzleGame/Content/Fab/Old_Dresser_01/old_dresser_01/Textures/old_dresser_01_texture_0.ubulk" 1500
"C:/Users/calli/OneDrive/Desktop/Game Dev Stuff/HorrorPuzzle/HorrorPuzzleGame/Content/Fab/Old_Dresser_01/old_dresser_01/Textures/old_dresser_01_texture_0.uasset" 1501
"C:/Users/calli/OneDrive/Desktop/Game Dev Stuff/HorrorPuzzle/HorrorPuzzleGame/Content/Fab/Old_Dresser_01/old_dresser_01/Textures/old_dresser_01_texture_0.uexp" 1502
"C:/Users/calli/OneDrive/Desktop/Game Dev Stuff/HorrorPuzzle/HorrorPuzzleGame/Content/Fab/Old_Dresser_01/old_dresser_01/Textures/old_dresser_01_texture_1.ubulk" 1503
"C:/Users/calli/OneDrive/Desktop/Game Dev Stuff/HorrorPuzzle/HorrorPuzzleGame/Content/Fab/Old_Dresser_01/old_dresser_01/Textures/old_dresser_01_texture_1.uasset" 1504
"C:/Users/calli/OneDrive/Desktop/Game Dev Stuff/HorrorPuzzle/HorrorPuzzleGame/Content/Fab/Old_Dresser_01/old_dresser_01/Textures/old_dresser_01_texture_1.uexp" 1505
"C:/Users/calli/OneDrive/Desktop/Game Dev Stuff/HorrorPuzzle/HorrorPuzzleGame/Content/Fab/Old_Dresser_01/old_dresser_01/Textures/old_dresser_01_texture_2.ubulk" 1506
"C:/Users/calli/OneDrive/Desktop/Game Dev Stuff/HorrorPuzzle/HorrorPuzzleGame/Content/Fab/Old_Dresser_01/old_dresser_01/Textures/old_dresser_01_texture_2.uasset" 1507
"C:/Users/calli/OneDrive/Desktop/Game Dev Stuff/HorrorPuzzle/HorrorPuzzleGame/Content/Fab/Old_Dresser_01/old_dresser_01/Textures/old_dresser_01_texture_2.uexp" 1508
"C:/Users/calli/OneDrive/Desktop/Game Dev Stuff/HorrorPuzzle/HorrorPuzzleGame/Content/Fab/Old_Dresser_01/old_dresser_01/Materials/Wood-1.uasset" 1509
"C:/Users/calli/OneDrive/Desktop/Game Dev Stuff/HorrorPuzzle/HorrorPuzzleGame/Content/Fab/Old_Dresser_01/old_dresser_01/Materials/Wood-1.uexp" 1510
"C:/Users/calli/OneDrive/Desktop/Game Dev Stuff/HorrorPuzzle/HorrorPuzzleGame/Content/Fab/Old_Dresser_01/old_dresser_01/Textures/old_dresser_01_texture_9.ubulk" 1511
"C:/Users/calli/OneDrive/Desktop/Game Dev Stuff/HorrorPuzzle/HorrorPuzzleGame/Content/Fab/Old_Dresser_01/old_dresser_01/Textures/old_dresser_01_texture_9.uasset" 1512
"C:/Users/calli/OneDrive/Desktop/Game Dev Stuff/HorrorPuzzle/HorrorPuzzleGame/Content/Fab/Old_Dresser_01/old_dresser_01/Textures/old_dresser_01_texture_9.uexp" 1513
"C:/Users/calli/OneDrive/Desktop/Game Dev Stuff/HorrorPuzzle/HorrorPuzzleGame/Content/Fab/Old_Dresser_01/old_dresser_01/Textures/old_dresser_01_texture_10.ubulk" 1514
"C:/Users/calli/OneDrive/Desktop/Game Dev Stuff/HorrorPuzzle/HorrorPuzzleGame/Content/Fab/Old_Dresser_01/old_dresser_01/Textures/old_dresser_01_texture_10.uasset" 1515
"C:/Users/calli/OneDrive/Desktop/Game Dev Stuff/HorrorPuzzle/HorrorPuzzleGame/Content/Fab/Old_Dresser_01/old_dresser_01/Textures/old_dresser_01_texture_10.uexp" 1516
"C:/Users/calli/OneDrive/Desktop/Game Dev Stuff/HorrorPuzzle/HorrorPuzzleGame/Content/Fab/Old_Dresser_01/old_dresser_01/Textures/old_dresser_01_texture_11.ubulk" 1517
"C:/Users/calli/OneDrive/Desktop/Game Dev Stuff/HorrorPuzzle/HorrorPuzzleGame/Content/Fab/Old_Dresser_01/old_dresser_01/Textures/old_dresser_01_texture_11.uasset" 1518
"C:/Users/calli/OneDrive/Desktop/Game Dev Stuff/HorrorPuzzle/HorrorPuzzleGame/Content/Fab/Old_Dresser_01/old_dresser_01/Textures/old_dresser_01_texture_11.uexp" 1519
"C:/Users/calli/OneDrive/Desktop/Game Dev Stuff/HorrorPuzzle/HorrorPuzzleGame/Content/Fab/Old_Dresser_01/old_dresser_01/Materials/Metal.uasset" 1520
"C:/Users/calli/OneDrive/Desktop/Game Dev Stuff/HorrorPuzzle/HorrorPuzzleGame/Content/Fab/Old_Dresser_01/old_dresser_01/Materials/Metal.uexp" 1521
"C:/Users/calli/OneDrive/Desktop/Game Dev Stuff/HorrorPuzzle/HorrorPuzzleGame/Content/Fab/Old_Dresser_01/old_dresser_01/StaticMeshes/old_dresser_01.ubulk" 1522
"C:/Users/calli/OneDrive/Desktop/Game Dev Stuff/HorrorPuzzle/HorrorPuzzleGame/Content/Fab/Old_Dresser_01/old_dresser_01/StaticMeshes/old_dresser_01.uasset" 1523
"C:/Users/calli/OneDrive/Desktop/Game Dev Stuff/HorrorPuzzle/HorrorPuzzleGame/Content/Fab/Old_Dresser_01/old_dresser_01/StaticMeshes/old_dresser_01.uexp" 1524
"C:/Users/calli/OneDrive/Desktop/Game Dev Stuff/HorrorPuzzle/HorrorPuzzleGame/Content/DownloadedAssets/Herringbone_Parquet_-_Material/herringbone_parquet_material/Textures/herringbone_parquet_material_texture_0.ubulk" 1525
"C:/Users/calli/OneDrive/Desktop/Game Dev Stuff/HorrorPuzzle/HorrorPuzzleGame/Content/DownloadedAssets/Herringbone_Parquet_-_Material/herringbone_parquet_material/Textures/herringbone_parquet_material_texture_0.uasset" 1526
"C:/Users/calli/OneDrive/Desktop/Game Dev Stuff/HorrorPuzzle/HorrorPuzzleGame/Content/DownloadedAssets/Herringbone_Parquet_-_Material/herringbone_parquet_material/Textures/herringbone_parquet_material_texture_0.uexp" 1527
"C:/Users/calli/OneDrive/Desktop/Game Dev Stuff/HorrorPuzzle/HorrorPuzzleGame/Content/DownloadedAssets/Herringbone_Parquet_-_Material/herringbone_parquet_material/Textures/herringbone_parquet_material_texture_1.ubulk" 1528
"C:/Users/calli/OneDrive/Desktop/Game Dev Stuff/HorrorPuzzle/HorrorPuzzleGame/Content/DownloadedAssets/Herringbone_Parquet_-_Material/herringbone_parquet_material/Textures/herringbone_parquet_material_texture_1.uasset" 1529
"C:/Users/calli/OneDrive/Desktop/Game Dev Stuff/HorrorPuzzle/HorrorPuzzleGame/Content/DownloadedAssets/Herringbone_Parquet_-_Material/herringbone_parquet_material/Textures/herringbone_parquet_material_texture_1.uexp" 1530
"C:/Users/calli/OneDrive/Desktop/Game Dev Stuff/HorrorPuzzle/HorrorPuzzleGame/Content/DownloadedAssets/Herringbone_Parquet_-_Material/herringbone_parquet_material/Textures/herringbone_parquet_material_texture_2.ubulk" 1531
"C:/Users/calli/OneDrive/Desktop/Game Dev Stuff/HorrorPuzzle/HorrorPuzzleGame/Content/DownloadedAssets/Herringbone_Parquet_-_Material/herringbone_parquet_material/Textures/herringbone_parquet_material_texture_2.uasset" 1532
"C:/Users/calli/OneDrive/Desktop/Game Dev Stuff/HorrorPuzzle/HorrorPuzzleGame/Content/DownloadedAssets/Herringbone_Parquet_-_Material/herringbone_parquet_material/Textures/herringbone_parquet_material_texture_2.uexp" 1533
"C:/Users/calli/OneDrive/Desktop/Game Dev Stuff/HorrorPuzzle/HorrorPuzzleGame/Content/DownloadedAssets/Herringbone_Parquet_-_Material/herringbone_parquet_material/Materials/Scene_-_Root.uasset" 1534
"C:/Users/calli/OneDrive/Desktop/Game Dev Stuff/HorrorPuzzle/HorrorPuzzleGame/Content/DownloadedAssets/Herringbone_Parquet_-_Material/herringbone_parquet_material/Materials/Scene_-_Root.uexp" 1535
"../../../Engine/Plugins/Interchange/Assets/Content/gltf/MaterialInstances/MI_ClearCoat_Blend_DS.uasset" 1536
"../../../Engine/Plugins/Interchange/Assets/Content/gltf/MaterialInstances/MI_ClearCoat_Blend_DS.uexp" 1537
"C:/Users/calli/OneDrive/Desktop/Game Dev Stuff/HorrorPuzzle/HorrorPuzzleGame/Content/DownloadedAssets/Tiffany_Lamp/tiffany_lamp/Textures/tiffany_lamp_texture_15.ubulk" 1538
"C:/Users/calli/OneDrive/Desktop/Game Dev Stuff/HorrorPuzzle/HorrorPuzzleGame/Content/DownloadedAssets/Tiffany_Lamp/tiffany_lamp/Textures/tiffany_lamp_texture_15.uasset" 1539
"C:/Users/calli/OneDrive/Desktop/Game Dev Stuff/HorrorPuzzle/HorrorPuzzleGame/Content/DownloadedAssets/Tiffany_Lamp/tiffany_lamp/Textures/tiffany_lamp_texture_15.uexp" 1540
"C:/Users/calli/OneDrive/Desktop/Game Dev Stuff/HorrorPuzzle/HorrorPuzzleGame/Content/DownloadedAssets/Tiffany_Lamp/tiffany_lamp/Materials/Material_41.uasset" 1541
"C:/Users/calli/OneDrive/Desktop/Game Dev Stuff/HorrorPuzzle/HorrorPuzzleGame/Content/DownloadedAssets/Tiffany_Lamp/tiffany_lamp/Materials/Material_41.uexp" 1542
"C:/Users/calli/OneDrive/Desktop/Game Dev Stuff/HorrorPuzzle/HorrorPuzzleGame/Content/DownloadedAssets/Tiffany_Lamp/tiffany_lamp/Textures/tiffany_lamp_texture_0.ubulk" 1543
"C:/Users/calli/OneDrive/Desktop/Game Dev Stuff/HorrorPuzzle/HorrorPuzzleGame/Content/DownloadedAssets/Tiffany_Lamp/tiffany_lamp/Textures/tiffany_lamp_texture_0.uasset" 1544
"C:/Users/calli/OneDrive/Desktop/Game Dev Stuff/HorrorPuzzle/HorrorPuzzleGame/Content/DownloadedAssets/Tiffany_Lamp/tiffany_lamp/Textures/tiffany_lamp_texture_0.uexp" 1545
"C:/Users/calli/OneDrive/Desktop/Game Dev Stuff/HorrorPuzzle/HorrorPuzzleGame/Content/DownloadedAssets/Tiffany_Lamp/tiffany_lamp/Materials/Material_42.uasset" 1546
"C:/Users/calli/OneDrive/Desktop/Game Dev Stuff/HorrorPuzzle/HorrorPuzzleGame/Content/DownloadedAssets/Tiffany_Lamp/tiffany_lamp/Materials/Material_42.uexp" 1547
"C:/Users/calli/OneDrive/Desktop/Game Dev Stuff/HorrorPuzzle/HorrorPuzzleGame/Content/DownloadedAssets/Tiffany_Lamp/tiffany_lamp/Materials/Material_43.uasset" 1548
"C:/Users/calli/OneDrive/Desktop/Game Dev Stuff/HorrorPuzzle/HorrorPuzzleGame/Content/DownloadedAssets/Tiffany_Lamp/tiffany_lamp/Materials/Material_43.uexp" 1549
"C:/Users/calli/OneDrive/Desktop/Game Dev Stuff/HorrorPuzzle/HorrorPuzzleGame/Content/DownloadedAssets/Tiffany_Lamp/tiffany_lamp/Textures/tiffany_lamp_texture_9.ubulk" 1550
"C:/Users/calli/OneDrive/Desktop/Game Dev Stuff/HorrorPuzzle/HorrorPuzzleGame/Content/DownloadedAssets/Tiffany_Lamp/tiffany_lamp/Textures/tiffany_lamp_texture_9.uasset" 1551
"C:/Users/calli/OneDrive/Desktop/Game Dev Stuff/HorrorPuzzle/HorrorPuzzleGame/Content/DownloadedAssets/Tiffany_Lamp/tiffany_lamp/Textures/tiffany_lamp_texture_9.uexp" 1552
"C:/Users/calli/OneDrive/Desktop/Game Dev Stuff/HorrorPuzzle/HorrorPuzzleGame/Content/DownloadedAssets/Tiffany_Lamp/tiffany_lamp/Materials/Material_44.uasset" 1553
"C:/Users/calli/OneDrive/Desktop/Game Dev Stuff/HorrorPuzzle/HorrorPuzzleGame/Content/DownloadedAssets/Tiffany_Lamp/tiffany_lamp/Materials/Material_44.uexp" 1554
"C:/Users/calli/OneDrive/Desktop/Game Dev Stuff/HorrorPuzzle/HorrorPuzzleGame/Content/DownloadedAssets/Tiffany_Lamp/tiffany_lamp/Textures/tiffany_lamp_texture_1.ubulk" 1555
"C:/Users/calli/OneDrive/Desktop/Game Dev Stuff/HorrorPuzzle/HorrorPuzzleGame/Content/DownloadedAssets/Tiffany_Lamp/tiffany_lamp/Textures/tiffany_lamp_texture_1.uasset" 1556
"C:/Users/calli/OneDrive/Desktop/Game Dev Stuff/HorrorPuzzle/HorrorPuzzleGame/Content/DownloadedAssets/Tiffany_Lamp/tiffany_lamp/Textures/tiffany_lamp_texture_1.uexp" 1557
"C:/Users/calli/OneDrive/Desktop/Game Dev Stuff/HorrorPuzzle/HorrorPuzzleGame/Content/DownloadedAssets/Tiffany_Lamp/tiffany_lamp/Textures/tiffany_lamp_texture_11.ubulk" 1558
"C:/Users/calli/OneDrive/Desktop/Game Dev Stuff/HorrorPuzzle/HorrorPuzzleGame/Content/DownloadedAssets/Tiffany_Lamp/tiffany_lamp/Textures/tiffany_lamp_texture_11.uasset" 1559
"C:/Users/calli/OneDrive/Desktop/Game Dev Stuff/HorrorPuzzle/HorrorPuzzleGame/Content/DownloadedAssets/Tiffany_Lamp/tiffany_lamp/Textures/tiffany_lamp_texture_11.uexp" 1560
"C:/Users/calli/OneDrive/Desktop/Game Dev Stuff/HorrorPuzzle/HorrorPuzzleGame/Content/DownloadedAssets/Tiffany_Lamp/tiffany_lamp/Textures/tiffany_lamp_texture_12.ubulk" 1561
"C:/Users/calli/OneDrive/Desktop/Game Dev Stuff/HorrorPuzzle/HorrorPuzzleGame/Content/DownloadedAssets/Tiffany_Lamp/tiffany_lamp/Textures/tiffany_lamp_texture_12.uasset" 1562
"C:/Users/calli/OneDrive/Desktop/Game Dev Stuff/HorrorPuzzle/HorrorPuzzleGame/Content/DownloadedAssets/Tiffany_Lamp/tiffany_lamp/Textures/tiffany_lamp_texture_12.uexp" 1563
"C:/Users/calli/OneDrive/Desktop/Game Dev Stuff/HorrorPuzzle/HorrorPuzzleGame/Content/DownloadedAssets/Tiffany_Lamp/tiffany_lamp/Materials/Material_45.uasset" 1564
"C:/Users/calli/OneDrive/Desktop/Game Dev Stuff/HorrorPuzzle/HorrorPuzzleGame/Content/DownloadedAssets/Tiffany_Lamp/tiffany_lamp/Materials/Material_45.uexp" 1565
"C:/Users/calli/OneDrive/Desktop/Game Dev Stuff/HorrorPuzzle/HorrorPuzzleGame/Content/DownloadedAssets/Tiffany_Lamp/tiffany_lamp/Textures/tiffany_lamp_texture_2.ubulk" 1566
"C:/Users/calli/OneDrive/Desktop/Game Dev Stuff/HorrorPuzzle/HorrorPuzzleGame/Content/DownloadedAssets/Tiffany_Lamp/tiffany_lamp/Textures/tiffany_lamp_texture_2.uasset" 1567
"C:/Users/calli/OneDrive/Desktop/Game Dev Stuff/HorrorPuzzle/HorrorPuzzleGame/Content/DownloadedAssets/Tiffany_Lamp/tiffany_lamp/Textures/tiffany_lamp_texture_2.uexp" 1568
"C:/Users/calli/OneDrive/Desktop/Game Dev Stuff/HorrorPuzzle/HorrorPuzzleGame/Content/DownloadedAssets/Tiffany_Lamp/tiffany_lamp/Textures/tiffany_lamp_texture_5.ubulk" 1569
"C:/Users/calli/OneDrive/Desktop/Game Dev Stuff/HorrorPuzzle/HorrorPuzzleGame/Content/DownloadedAssets/Tiffany_Lamp/tiffany_lamp/Textures/tiffany_lamp_texture_5.uasset" 1570
"C:/Users/calli/OneDrive/Desktop/Game Dev Stuff/HorrorPuzzle/HorrorPuzzleGame/Content/DownloadedAssets/Tiffany_Lamp/tiffany_lamp/Textures/tiffany_lamp_texture_5.uexp" 1571
"C:/Users/calli/OneDrive/Desktop/Game Dev Stuff/HorrorPuzzle/HorrorPuzzleGame/Content/DownloadedAssets/Tiffany_Lamp/tiffany_lamp/Materials/Material_47.uasset" 1572
"C:/Users/calli/OneDrive/Desktop/Game Dev Stuff/HorrorPuzzle/HorrorPuzzleGame/Content/DownloadedAssets/Tiffany_Lamp/tiffany_lamp/Materials/Material_47.uexp" 1573
"C:/Users/calli/OneDrive/Desktop/Game Dev Stuff/HorrorPuzzle/HorrorPuzzleGame/Content/DownloadedAssets/Tiffany_Lamp/tiffany_lamp/Textures/tiffany_lamp_texture_4.ubulk" 1574
"C:/Users/calli/OneDrive/Desktop/Game Dev Stuff/HorrorPuzzle/HorrorPuzzleGame/Content/DownloadedAssets/Tiffany_Lamp/tiffany_lamp/Textures/tiffany_lamp_texture_4.uasset" 1575
"C:/Users/calli/OneDrive/Desktop/Game Dev Stuff/HorrorPuzzle/HorrorPuzzleGame/Content/DownloadedAssets/Tiffany_Lamp/tiffany_lamp/Textures/tiffany_lamp_texture_4.uexp" 1576
"C:/Users/calli/OneDrive/Desktop/Game Dev Stuff/HorrorPuzzle/HorrorPuzzleGame/Content/DownloadedAssets/Tiffany_Lamp/tiffany_lamp/Materials/Material_48.uasset" 1577
"C:/Users/calli/OneDrive/Desktop/Game Dev Stuff/HorrorPuzzle/HorrorPuzzleGame/Content/DownloadedAssets/Tiffany_Lamp/tiffany_lamp/Materials/Material_48.uexp" 1578
"C:/Users/calli/OneDrive/Desktop/Game Dev Stuff/HorrorPuzzle/HorrorPuzzleGame/Content/DownloadedAssets/Tiffany_Lamp/tiffany_lamp/Materials/Material_49.uasset" 1579
"C:/Users/calli/OneDrive/Desktop/Game Dev Stuff/HorrorPuzzle/HorrorPuzzleGame/Content/DownloadedAssets/Tiffany_Lamp/tiffany_lamp/Materials/Material_49.uexp" 1580
"C:/Users/calli/OneDrive/Desktop/Game Dev Stuff/HorrorPuzzle/HorrorPuzzleGame/Content/DownloadedAssets/Tiffany_Lamp/tiffany_lamp/Textures/tiffany_lamp_texture_13.ubulk" 1581
"C:/Users/calli/OneDrive/Desktop/Game Dev Stuff/HorrorPuzzle/HorrorPuzzleGame/Content/DownloadedAssets/Tiffany_Lamp/tiffany_lamp/Textures/tiffany_lamp_texture_13.uasset" 1582
"C:/Users/calli/OneDrive/Desktop/Game Dev Stuff/HorrorPuzzle/HorrorPuzzleGame/Content/DownloadedAssets/Tiffany_Lamp/tiffany_lamp/Textures/tiffany_lamp_texture_13.uexp" 1583
"C:/Users/calli/OneDrive/Desktop/Game Dev Stuff/HorrorPuzzle/HorrorPuzzleGame/Content/DownloadedAssets/Tiffany_Lamp/tiffany_lamp/Textures/tiffany_lamp_texture_14.ubulk" 1584
"C:/Users/calli/OneDrive/Desktop/Game Dev Stuff/HorrorPuzzle/HorrorPuzzleGame/Content/DownloadedAssets/Tiffany_Lamp/tiffany_lamp/Textures/tiffany_lamp_texture_14.uasset" 1585
"C:/Users/calli/OneDrive/Desktop/Game Dev Stuff/HorrorPuzzle/HorrorPuzzleGame/Content/DownloadedAssets/Tiffany_Lamp/tiffany_lamp/Textures/tiffany_lamp_texture_14.uexp" 1586
"C:/Users/calli/OneDrive/Desktop/Game Dev Stuff/HorrorPuzzle/HorrorPuzzleGame/Content/DownloadedAssets/Tiffany_Lamp/tiffany_lamp/Materials/Material_50.uasset" 1587
"C:/Users/calli/OneDrive/Desktop/Game Dev Stuff/HorrorPuzzle/HorrorPuzzleGame/Content/DownloadedAssets/Tiffany_Lamp/tiffany_lamp/Materials/Material_50.uexp" 1588
"C:/Users/calli/OneDrive/Desktop/Game Dev Stuff/HorrorPuzzle/HorrorPuzzleGame/Content/DownloadedAssets/Tiffany_Lamp/tiffany_lamp/Textures/tiffany_lamp_texture_6.ubulk" 1589
"C:/Users/calli/OneDrive/Desktop/Game Dev Stuff/HorrorPuzzle/HorrorPuzzleGame/Content/DownloadedAssets/Tiffany_Lamp/tiffany_lamp/Textures/tiffany_lamp_texture_6.uasset" 1590
"C:/Users/calli/OneDrive/Desktop/Game Dev Stuff/HorrorPuzzle/HorrorPuzzleGame/Content/DownloadedAssets/Tiffany_Lamp/tiffany_lamp/Textures/tiffany_lamp_texture_6.uexp" 1591
"C:/Users/calli/OneDrive/Desktop/Game Dev Stuff/HorrorPuzzle/HorrorPuzzleGame/Content/DownloadedAssets/Tiffany_Lamp/tiffany_lamp/Textures/tiffany_lamp_texture_7.ubulk" 1592
"C:/Users/calli/OneDrive/Desktop/Game Dev Stuff/HorrorPuzzle/HorrorPuzzleGame/Content/DownloadedAssets/Tiffany_Lamp/tiffany_lamp/Textures/tiffany_lamp_texture_7.uasset" 1593
"C:/Users/calli/OneDrive/Desktop/Game Dev Stuff/HorrorPuzzle/HorrorPuzzleGame/Content/DownloadedAssets/Tiffany_Lamp/tiffany_lamp/Textures/tiffany_lamp_texture_7.uexp" 1594
"C:/Users/calli/OneDrive/Desktop/Game Dev Stuff/HorrorPuzzle/HorrorPuzzleGame/Content/DownloadedAssets/Tiffany_Lamp/tiffany_lamp/Textures/tiffany_lamp_texture_8.ubulk" 1595
"C:/Users/calli/OneDrive/Desktop/Game Dev Stuff/HorrorPuzzle/HorrorPuzzleGame/Content/DownloadedAssets/Tiffany_Lamp/tiffany_lamp/Textures/tiffany_lamp_texture_8.uasset" 1596
"C:/Users/calli/OneDrive/Desktop/Game Dev Stuff/HorrorPuzzle/HorrorPuzzleGame/Content/DownloadedAssets/Tiffany_Lamp/tiffany_lamp/Textures/tiffany_lamp_texture_8.uexp" 1597
"C:/Users/calli/OneDrive/Desktop/Game Dev Stuff/HorrorPuzzle/HorrorPuzzleGame/Content/DownloadedAssets/Tiffany_Lamp/tiffany_lamp/Materials/Material_51.uasset" 1598
"C:/Users/calli/OneDrive/Desktop/Game Dev Stuff/HorrorPuzzle/HorrorPuzzleGame/Content/DownloadedAssets/Tiffany_Lamp/tiffany_lamp/Materials/Material_51.uexp" 1599
"C:/Users/calli/OneDrive/Desktop/Game Dev Stuff/HorrorPuzzle/HorrorPuzzleGame/Content/DownloadedAssets/Tiffany_Lamp/tiffany_lamp/Textures/tiffany_lamp_texture_10.ubulk" 1600
"C:/Users/calli/OneDrive/Desktop/Game Dev Stuff/HorrorPuzzle/HorrorPuzzleGame/Content/DownloadedAssets/Tiffany_Lamp/tiffany_lamp/Textures/tiffany_lamp_texture_10.uasset" 1601
"C:/Users/calli/OneDrive/Desktop/Game Dev Stuff/HorrorPuzzle/HorrorPuzzleGame/Content/DownloadedAssets/Tiffany_Lamp/tiffany_lamp/Textures/tiffany_lamp_texture_10.uexp" 1602
"C:/Users/calli/OneDrive/Desktop/Game Dev Stuff/HorrorPuzzle/HorrorPuzzleGame/Content/DownloadedAssets/Tiffany_Lamp/tiffany_lamp/Materials/Material_52.uasset" 1603
"C:/Users/calli/OneDrive/Desktop/Game Dev Stuff/HorrorPuzzle/HorrorPuzzleGame/Content/DownloadedAssets/Tiffany_Lamp/tiffany_lamp/Materials/Material_52.uexp" 1604
"C:/Users/calli/OneDrive/Desktop/Game Dev Stuff/HorrorPuzzle/HorrorPuzzleGame/Content/DownloadedAssets/Tiffany_Lamp/tiffany_lamp/Textures/tiffany_lamp_texture_16.ubulk" 1605
"C:/Users/calli/OneDrive/Desktop/Game Dev Stuff/HorrorPuzzle/HorrorPuzzleGame/Content/DownloadedAssets/Tiffany_Lamp/tiffany_lamp/Textures/tiffany_lamp_texture_16.uasset" 1606
"C:/Users/calli/OneDrive/Desktop/Game Dev Stuff/HorrorPuzzle/HorrorPuzzleGame/Content/DownloadedAssets/Tiffany_Lamp/tiffany_lamp/Textures/tiffany_lamp_texture_16.uexp" 1607
"C:/Users/calli/OneDrive/Desktop/Game Dev Stuff/HorrorPuzzle/HorrorPuzzleGame/Content/DownloadedAssets/Tiffany_Lamp/tiffany_lamp/Materials/Material_53.uasset" 1608
"C:/Users/calli/OneDrive/Desktop/Game Dev Stuff/HorrorPuzzle/HorrorPuzzleGame/Content/DownloadedAssets/Tiffany_Lamp/tiffany_lamp/Materials/Material_53.uexp" 1609
"C:/Users/calli/OneDrive/Desktop/Game Dev Stuff/HorrorPuzzle/HorrorPuzzleGame/Content/DownloadedAssets/Tiffany_Lamp/tiffany_lamp/Materials/Material_54.uasset" 1610
"C:/Users/calli/OneDrive/Desktop/Game Dev Stuff/HorrorPuzzle/HorrorPuzzleGame/Content/DownloadedAssets/Tiffany_Lamp/tiffany_lamp/Materials/Material_54.uexp" 1611
"C:/Users/calli/OneDrive/Desktop/Game Dev Stuff/HorrorPuzzle/HorrorPuzzleGame/Content/DownloadedAssets/Tiffany_Lamp/tiffany_lamp/Materials/Material_55.uasset" 1612
"C:/Users/calli/OneDrive/Desktop/Game Dev Stuff/HorrorPuzzle/HorrorPuzzleGame/Content/DownloadedAssets/Tiffany_Lamp/tiffany_lamp/Materials/Material_55.uexp" 1613
"C:/Users/calli/OneDrive/Desktop/Game Dev Stuff/HorrorPuzzle/HorrorPuzzleGame/Content/DownloadedAssets/Tiffany_Lamp/tiffany_lamp/Materials/Material_56.uasset" 1614
"C:/Users/calli/OneDrive/Desktop/Game Dev Stuff/HorrorPuzzle/HorrorPuzzleGame/Content/DownloadedAssets/Tiffany_Lamp/tiffany_lamp/Materials/Material_56.uexp" 1615
"C:/Users/calli/OneDrive/Desktop/Game Dev Stuff/HorrorPuzzle/HorrorPuzzleGame/Content/DownloadedAssets/Tiffany_Lamp/tiffany_lamp/Textures/tiffany_lamp_texture_17.ubulk" 1616
"C:/Users/calli/OneDrive/Desktop/Game Dev Stuff/HorrorPuzzle/HorrorPuzzleGame/Content/DownloadedAssets/Tiffany_Lamp/tiffany_lamp/Textures/tiffany_lamp_texture_17.uasset" 1617
"C:/Users/calli/OneDrive/Desktop/Game Dev Stuff/HorrorPuzzle/HorrorPuzzleGame/Content/DownloadedAssets/Tiffany_Lamp/tiffany_lamp/Textures/tiffany_lamp_texture_17.uexp" 1618
"C:/Users/calli/OneDrive/Desktop/Game Dev Stuff/HorrorPuzzle/HorrorPuzzleGame/Content/DownloadedAssets/Tiffany_Lamp/tiffany_lamp/Materials/Material_57.uasset" 1619
"C:/Users/calli/OneDrive/Desktop/Game Dev Stuff/HorrorPuzzle/HorrorPuzzleGame/Content/DownloadedAssets/Tiffany_Lamp/tiffany_lamp/Materials/Material_57.uexp" 1620
"C:/Users/calli/OneDrive/Desktop/Game Dev Stuff/HorrorPuzzle/HorrorPuzzleGame/Content/DownloadedAssets/Tiffany_Lamp/tiffany_lamp/Textures/tiffany_lamp_texture_24.ubulk" 1621
"C:/Users/calli/OneDrive/Desktop/Game Dev Stuff/HorrorPuzzle/HorrorPuzzleGame/Content/DownloadedAssets/Tiffany_Lamp/tiffany_lamp/Textures/tiffany_lamp_texture_24.uasset" 1622
"C:/Users/calli/OneDrive/Desktop/Game Dev Stuff/HorrorPuzzle/HorrorPuzzleGame/Content/DownloadedAssets/Tiffany_Lamp/tiffany_lamp/Textures/tiffany_lamp_texture_24.uexp" 1623
"C:/Users/calli/OneDrive/Desktop/Game Dev Stuff/HorrorPuzzle/HorrorPuzzleGame/Content/DownloadedAssets/Tiffany_Lamp/tiffany_lamp/Materials/Color_A01.uasset" 1624
"C:/Users/calli/OneDrive/Desktop/Game Dev Stuff/HorrorPuzzle/HorrorPuzzleGame/Content/DownloadedAssets/Tiffany_Lamp/tiffany_lamp/Materials/Color_A01.uexp" 1625
"../../../Engine/Plugins/Interchange/Assets/Content/gltf/MaterialInstances/MI_Default_Blend_DS.uasset" 1626
"../../../Engine/Plugins/Interchange/Assets/Content/gltf/MaterialInstances/MI_Default_Blend_DS.uexp" 1627
"C:/Users/calli/OneDrive/Desktop/Game Dev Stuff/HorrorPuzzle/HorrorPuzzleGame/Content/DownloadedAssets/Tiffany_Lamp/tiffany_lamp/Textures/tiffany_lamp_texture_19.ubulk" 1628
"C:/Users/calli/OneDrive/Desktop/Game Dev Stuff/HorrorPuzzle/HorrorPuzzleGame/Content/DownloadedAssets/Tiffany_Lamp/tiffany_lamp/Textures/tiffany_lamp_texture_19.uasset" 1629
"C:/Users/calli/OneDrive/Desktop/Game Dev Stuff/HorrorPuzzle/HorrorPuzzleGame/Content/DownloadedAssets/Tiffany_Lamp/tiffany_lamp/Textures/tiffany_lamp_texture_19.uexp" 1630
"C:/Users/calli/OneDrive/Desktop/Game Dev Stuff/HorrorPuzzle/HorrorPuzzleGame/Content/DownloadedAssets/Tiffany_Lamp/tiffany_lamp/Textures/tiffany_lamp_texture_21.uasset" 1631
"C:/Users/calli/OneDrive/Desktop/Game Dev Stuff/HorrorPuzzle/HorrorPuzzleGame/Content/DownloadedAssets/Tiffany_Lamp/tiffany_lamp/Textures/tiffany_lamp_texture_21.uexp" 1632
"C:/Users/calli/OneDrive/Desktop/Game Dev Stuff/HorrorPuzzle/HorrorPuzzleGame/Content/DownloadedAssets/Tiffany_Lamp/tiffany_lamp/Materials/Color_A01_2.uasset" 1633
"C:/Users/calli/OneDrive/Desktop/Game Dev Stuff/HorrorPuzzle/HorrorPuzzleGame/Content/DownloadedAssets/Tiffany_Lamp/tiffany_lamp/Materials/Color_A01_2.uexp" 1634
"C:/Users/calli/OneDrive/Desktop/Game Dev Stuff/HorrorPuzzle/HorrorPuzzleGame/Content/DownloadedAssets/Tiffany_Lamp/tiffany_lamp/Textures/tiffany_lamp_texture_22.ubulk" 1635
"C:/Users/calli/OneDrive/Desktop/Game Dev Stuff/HorrorPuzzle/HorrorPuzzleGame/Content/DownloadedAssets/Tiffany_Lamp/tiffany_lamp/Textures/tiffany_lamp_texture_22.uasset" 1636
"C:/Users/calli/OneDrive/Desktop/Game Dev Stuff/HorrorPuzzle/HorrorPuzzleGame/Content/DownloadedAssets/Tiffany_Lamp/tiffany_lamp/Textures/tiffany_lamp_texture_22.uexp" 1637
"C:/Users/calli/OneDrive/Desktop/Game Dev Stuff/HorrorPuzzle/HorrorPuzzleGame/Content/DownloadedAssets/Tiffany_Lamp/tiffany_lamp/Materials/Color_A01_3.uasset" 1638
"C:/Users/calli/OneDrive/Desktop/Game Dev Stuff/HorrorPuzzle/HorrorPuzzleGame/Content/DownloadedAssets/Tiffany_Lamp/tiffany_lamp/Materials/Color_A01_3.uexp" 1639
"C:/Users/calli/OneDrive/Desktop/Game Dev Stuff/HorrorPuzzle/HorrorPuzzleGame/Content/DownloadedAssets/Tiffany_Lamp/tiffany_lamp/Textures/tiffany_lamp_texture_23.ubulk" 1640
"C:/Users/calli/OneDrive/Desktop/Game Dev Stuff/HorrorPuzzle/HorrorPuzzleGame/Content/DownloadedAssets/Tiffany_Lamp/tiffany_lamp/Textures/tiffany_lamp_texture_23.uasset" 1641
"C:/Users/calli/OneDrive/Desktop/Game Dev Stuff/HorrorPuzzle/HorrorPuzzleGame/Content/DownloadedAssets/Tiffany_Lamp/tiffany_lamp/Textures/tiffany_lamp_texture_23.uexp" 1642
"C:/Users/calli/OneDrive/Desktop/Game Dev Stuff/HorrorPuzzle/HorrorPuzzleGame/Content/DownloadedAssets/Tiffany_Lamp/tiffany_lamp/Materials/Color_A01_4.uasset" 1643
"C:/Users/calli/OneDrive/Desktop/Game Dev Stuff/HorrorPuzzle/HorrorPuzzleGame/Content/DownloadedAssets/Tiffany_Lamp/tiffany_lamp/Materials/Color_A01_4.uexp" 1644
"C:/Users/calli/OneDrive/Desktop/Game Dev Stuff/HorrorPuzzle/HorrorPuzzleGame/Content/DownloadedAssets/Tiffany_Lamp/tiffany_lamp/Textures/tiffany_lamp_texture_18.ubulk" 1645
"C:/Users/calli/OneDrive/Desktop/Game Dev Stuff/HorrorPuzzle/HorrorPuzzleGame/Content/DownloadedAssets/Tiffany_Lamp/tiffany_lamp/Textures/tiffany_lamp_texture_18.uasset" 1646
"C:/Users/calli/OneDrive/Desktop/Game Dev Stuff/HorrorPuzzle/HorrorPuzzleGame/Content/DownloadedAssets/Tiffany_Lamp/tiffany_lamp/Textures/tiffany_lamp_texture_18.uexp" 1647
"C:/Users/calli/OneDrive/Desktop/Game Dev Stuff/HorrorPuzzle/HorrorPuzzleGame/Content/DownloadedAssets/Tiffany_Lamp/tiffany_lamp/Materials/Color_A01_5.uasset" 1648
"C:/Users/calli/OneDrive/Desktop/Game Dev Stuff/HorrorPuzzle/HorrorPuzzleGame/Content/DownloadedAssets/Tiffany_Lamp/tiffany_lamp/Materials/Color_A01_5.uexp" 1649
"C:/Users/calli/OneDrive/Desktop/Game Dev Stuff/HorrorPuzzle/HorrorPuzzleGame/Content/DownloadedAssets/Tiffany_Lamp/tiffany_lamp/Textures/tiffany_lamp_texture_20.ubulk" 1650
"C:/Users/calli/OneDrive/Desktop/Game Dev Stuff/HorrorPuzzle/HorrorPuzzleGame/Content/DownloadedAssets/Tiffany_Lamp/tiffany_lamp/Textures/tiffany_lamp_texture_20.uasset" 1651
"C:/Users/calli/OneDrive/Desktop/Game Dev Stuff/HorrorPuzzle/HorrorPuzzleGame/Content/DownloadedAssets/Tiffany_Lamp/tiffany_lamp/Textures/tiffany_lamp_texture_20.uexp" 1652
"C:/Users/calli/OneDrive/Desktop/Game Dev Stuff/HorrorPuzzle/HorrorPuzzleGame/Content/DownloadedAssets/Tiffany_Lamp/tiffany_lamp/Materials/Color_A01_6.uasset" 1653
"C:/Users/calli/OneDrive/Desktop/Game Dev Stuff/HorrorPuzzle/HorrorPuzzleGame/Content/DownloadedAssets/Tiffany_Lamp/tiffany_lamp/Materials/Color_A01_6.uexp" 1654
"C:/Users/calli/OneDrive/Desktop/Game Dev Stuff/HorrorPuzzle/HorrorPuzzleGame/Content/DownloadedAssets/Tiffany_Lamp/tiffany_lamp/Textures/tiffany_lamp_texture_33.ubulk" 1655
"C:/Users/calli/OneDrive/Desktop/Game Dev Stuff/HorrorPuzzle/HorrorPuzzleGame/Content/DownloadedAssets/Tiffany_Lamp/tiffany_lamp/Textures/tiffany_lamp_texture_33.uasset" 1656
"C:/Users/calli/OneDrive/Desktop/Game Dev Stuff/HorrorPuzzle/HorrorPuzzleGame/Content/DownloadedAssets/Tiffany_Lamp/tiffany_lamp/Textures/tiffany_lamp_texture_33.uexp" 1657
"C:/Users/calli/OneDrive/Desktop/Game Dev Stuff/HorrorPuzzle/HorrorPuzzleGame/Content/DownloadedAssets/Tiffany_Lamp/tiffany_lamp/Materials/Color_A01_7.uasset" 1658
"C:/Users/calli/OneDrive/Desktop/Game Dev Stuff/HorrorPuzzle/HorrorPuzzleGame/Content/DownloadedAssets/Tiffany_Lamp/tiffany_lamp/Materials/Color_A01_7.uexp" 1659
"C:/Users/calli/OneDrive/Desktop/Game Dev Stuff/HorrorPuzzle/HorrorPuzzleGame/Content/DownloadedAssets/Tiffany_Lamp/tiffany_lamp/Textures/tiffany_lamp_texture_28.ubulk" 1660
"C:/Users/calli/OneDrive/Desktop/Game Dev Stuff/HorrorPuzzle/HorrorPuzzleGame/Content/DownloadedAssets/Tiffany_Lamp/tiffany_lamp/Textures/tiffany_lamp_texture_28.uasset" 1661
"C:/Users/calli/OneDrive/Desktop/Game Dev Stuff/HorrorPuzzle/HorrorPuzzleGame/Content/DownloadedAssets/Tiffany_Lamp/tiffany_lamp/Textures/tiffany_lamp_texture_28.uexp" 1662
"C:/Users/calli/OneDrive/Desktop/Game Dev Stuff/HorrorPuzzle/HorrorPuzzleGame/Content/DownloadedAssets/Tiffany_Lamp/tiffany_lamp/Materials/Color_A01_8.uasset" 1663
"C:/Users/calli/OneDrive/Desktop/Game Dev Stuff/HorrorPuzzle/HorrorPuzzleGame/Content/DownloadedAssets/Tiffany_Lamp/tiffany_lamp/Materials/Color_A01_8.uexp" 1664
"C:/Users/calli/OneDrive/Desktop/Game Dev Stuff/HorrorPuzzle/HorrorPuzzleGame/Content/DownloadedAssets/Tiffany_Lamp/tiffany_lamp/Textures/tiffany_lamp_texture_34.ubulk" 1665
"C:/Users/calli/OneDrive/Desktop/Game Dev Stuff/HorrorPuzzle/HorrorPuzzleGame/Content/DownloadedAssets/Tiffany_Lamp/tiffany_lamp/Textures/tiffany_lamp_texture_34.uasset" 1666
"C:/Users/calli/OneDrive/Desktop/Game Dev Stuff/HorrorPuzzle/HorrorPuzzleGame/Content/DownloadedAssets/Tiffany_Lamp/tiffany_lamp/Textures/tiffany_lamp_texture_34.uexp" 1667
"C:/Users/calli/OneDrive/Desktop/Game Dev Stuff/HorrorPuzzle/HorrorPuzzleGame/Content/DownloadedAssets/Tiffany_Lamp/tiffany_lamp/Materials/Color_A01_9.uasset" 1668
"C:/Users/calli/OneDrive/Desktop/Game Dev Stuff/HorrorPuzzle/HorrorPuzzleGame/Content/DownloadedAssets/Tiffany_Lamp/tiffany_lamp/Materials/Color_A01_9.uexp" 1669
"C:/Users/calli/OneDrive/Desktop/Game Dev Stuff/HorrorPuzzle/HorrorPuzzleGame/Content/DownloadedAssets/Tiffany_Lamp/tiffany_lamp/Textures/tiffany_lamp_texture_32.uasset" 1670
"C:/Users/calli/OneDrive/Desktop/Game Dev Stuff/HorrorPuzzle/HorrorPuzzleGame/Content/DownloadedAssets/Tiffany_Lamp/tiffany_lamp/Textures/tiffany_lamp_texture_32.uexp" 1671
"C:/Users/calli/OneDrive/Desktop/Game Dev Stuff/HorrorPuzzle/HorrorPuzzleGame/Content/DownloadedAssets/Tiffany_Lamp/tiffany_lamp/Materials/Color_A01_10.uasset" 1672
"C:/Users/calli/OneDrive/Desktop/Game Dev Stuff/HorrorPuzzle/HorrorPuzzleGame/Content/DownloadedAssets/Tiffany_Lamp/tiffany_lamp/Materials/Color_A01_10.uexp" 1673
"C:/Users/calli/OneDrive/Desktop/Game Dev Stuff/HorrorPuzzle/HorrorPuzzleGame/Content/DownloadedAssets/Tiffany_Lamp/tiffany_lamp/Textures/tiffany_lamp_texture_31.ubulk" 1674
"C:/Users/calli/OneDrive/Desktop/Game Dev Stuff/HorrorPuzzle/HorrorPuzzleGame/Content/DownloadedAssets/Tiffany_Lamp/tiffany_lamp/Textures/tiffany_lamp_texture_31.uasset" 1675
"C:/Users/calli/OneDrive/Desktop/Game Dev Stuff/HorrorPuzzle/HorrorPuzzleGame/Content/DownloadedAssets/Tiffany_Lamp/tiffany_lamp/Textures/tiffany_lamp_texture_31.uexp" 1676
"C:/Users/calli/OneDrive/Desktop/Game Dev Stuff/HorrorPuzzle/HorrorPuzzleGame/Content/DownloadedAssets/Tiffany_Lamp/tiffany_lamp/Materials/Color_A01_11.uasset" 1677
"C:/Users/calli/OneDrive/Desktop/Game Dev Stuff/HorrorPuzzle/HorrorPuzzleGame/Content/DownloadedAssets/Tiffany_Lamp/tiffany_lamp/Materials/Color_A01_11.uexp" 1678
"C:/Users/calli/OneDrive/Desktop/Game Dev Stuff/HorrorPuzzle/HorrorPuzzleGame/Content/DownloadedAssets/Tiffany_Lamp/tiffany_lamp/Textures/tiffany_lamp_texture_26.ubulk" 1679
"C:/Users/calli/OneDrive/Desktop/Game Dev Stuff/HorrorPuzzle/HorrorPuzzleGame/Content/DownloadedAssets/Tiffany_Lamp/tiffany_lamp/Textures/tiffany_lamp_texture_26.uasset" 1680
"C:/Users/calli/OneDrive/Desktop/Game Dev Stuff/HorrorPuzzle/HorrorPuzzleGame/Content/DownloadedAssets/Tiffany_Lamp/tiffany_lamp/Textures/tiffany_lamp_texture_26.uexp" 1681
"C:/Users/calli/OneDrive/Desktop/Game Dev Stuff/HorrorPuzzle/HorrorPuzzleGame/Content/DownloadedAssets/Tiffany_Lamp/tiffany_lamp/Materials/Color_A01_12.uasset" 1682
"C:/Users/calli/OneDrive/Desktop/Game Dev Stuff/HorrorPuzzle/HorrorPuzzleGame/Content/DownloadedAssets/Tiffany_Lamp/tiffany_lamp/Materials/Color_A01_12.uexp" 1683
"C:/Users/calli/OneDrive/Desktop/Game Dev Stuff/HorrorPuzzle/HorrorPuzzleGame/Content/DownloadedAssets/Tiffany_Lamp/tiffany_lamp/Textures/tiffany_lamp_texture_25.ubulk" 1684
"C:/Users/calli/OneDrive/Desktop/Game Dev Stuff/HorrorPuzzle/HorrorPuzzleGame/Content/DownloadedAssets/Tiffany_Lamp/tiffany_lamp/Textures/tiffany_lamp_texture_25.uasset" 1685
"C:/Users/calli/OneDrive/Desktop/Game Dev Stuff/HorrorPuzzle/HorrorPuzzleGame/Content/DownloadedAssets/Tiffany_Lamp/tiffany_lamp/Textures/tiffany_lamp_texture_25.uexp" 1686
"C:/Users/calli/OneDrive/Desktop/Game Dev Stuff/HorrorPuzzle/HorrorPuzzleGame/Content/DownloadedAssets/Tiffany_Lamp/tiffany_lamp/Materials/Color_A01_13.uasset" 1687
"C:/Users/calli/OneDrive/Desktop/Game Dev Stuff/HorrorPuzzle/HorrorPuzzleGame/Content/DownloadedAssets/Tiffany_Lamp/tiffany_lamp/Materials/Color_A01_13.uexp" 1688
"C:/Users/calli/OneDrive/Desktop/Game Dev Stuff/HorrorPuzzle/HorrorPuzzleGame/Content/DownloadedAssets/Tiffany_Lamp/tiffany_lamp/Textures/tiffany_lamp_texture_27.ubulk" 1689
"C:/Users/calli/OneDrive/Desktop/Game Dev Stuff/HorrorPuzzle/HorrorPuzzleGame/Content/DownloadedAssets/Tiffany_Lamp/tiffany_lamp/Textures/tiffany_lamp_texture_27.uasset" 1690
"C:/Users/calli/OneDrive/Desktop/Game Dev Stuff/HorrorPuzzle/HorrorPuzzleGame/Content/DownloadedAssets/Tiffany_Lamp/tiffany_lamp/Textures/tiffany_lamp_texture_27.uexp" 1691
"C:/Users/calli/OneDrive/Desktop/Game Dev Stuff/HorrorPuzzle/HorrorPuzzleGame/Content/DownloadedAssets/Tiffany_Lamp/tiffany_lamp/Materials/Color_A01_14.uasset" 1692
"C:/Users/calli/OneDrive/Desktop/Game Dev Stuff/HorrorPuzzle/HorrorPuzzleGame/Content/DownloadedAssets/Tiffany_Lamp/tiffany_lamp/Materials/Color_A01_14.uexp" 1693
"C:/Users/calli/OneDrive/Desktop/Game Dev Stuff/HorrorPuzzle/HorrorPuzzleGame/Content/DownloadedAssets/Tiffany_Lamp/tiffany_lamp/Textures/tiffany_lamp_texture_30.uasset" 1694
"C:/Users/calli/OneDrive/Desktop/Game Dev Stuff/HorrorPuzzle/HorrorPuzzleGame/Content/DownloadedAssets/Tiffany_Lamp/tiffany_lamp/Textures/tiffany_lamp_texture_30.uexp" 1695
"C:/Users/calli/OneDrive/Desktop/Game Dev Stuff/HorrorPuzzle/HorrorPuzzleGame/Content/DownloadedAssets/Tiffany_Lamp/tiffany_lamp/Materials/Color_A01_15.uasset" 1696
"C:/Users/calli/OneDrive/Desktop/Game Dev Stuff/HorrorPuzzle/HorrorPuzzleGame/Content/DownloadedAssets/Tiffany_Lamp/tiffany_lamp/Materials/Color_A01_15.uexp" 1697
"C:/Users/calli/OneDrive/Desktop/Game Dev Stuff/HorrorPuzzle/HorrorPuzzleGame/Content/DownloadedAssets/Tiffany_Lamp/tiffany_lamp/Textures/tiffany_lamp_texture_35.ubulk" 1698
"C:/Users/calli/OneDrive/Desktop/Game Dev Stuff/HorrorPuzzle/HorrorPuzzleGame/Content/DownloadedAssets/Tiffany_Lamp/tiffany_lamp/Textures/tiffany_lamp_texture_35.uasset" 1699
"C:/Users/calli/OneDrive/Desktop/Game Dev Stuff/HorrorPuzzle/HorrorPuzzleGame/Content/DownloadedAssets/Tiffany_Lamp/tiffany_lamp/Textures/tiffany_lamp_texture_35.uexp" 1700
"C:/Users/calli/OneDrive/Desktop/Game Dev Stuff/HorrorPuzzle/HorrorPuzzleGame/Content/DownloadedAssets/Tiffany_Lamp/tiffany_lamp/Materials/Color_A01_16.uasset" 1701
"C:/Users/calli/OneDrive/Desktop/Game Dev Stuff/HorrorPuzzle/HorrorPuzzleGame/Content/DownloadedAssets/Tiffany_Lamp/tiffany_lamp/Materials/Color_A01_16.uexp" 1702
"C:/Users/calli/OneDrive/Desktop/Game Dev Stuff/HorrorPuzzle/HorrorPuzzleGame/Content/DownloadedAssets/Tiffany_Lamp/tiffany_lamp/Textures/tiffany_lamp_texture_37.ubulk" 1703
"C:/Users/calli/OneDrive/Desktop/Game Dev Stuff/HorrorPuzzle/HorrorPuzzleGame/Content/DownloadedAssets/Tiffany_Lamp/tiffany_lamp/Textures/tiffany_lamp_texture_37.uasset" 1704
"C:/Users/calli/OneDrive/Desktop/Game Dev Stuff/HorrorPuzzle/HorrorPuzzleGame/Content/DownloadedAssets/Tiffany_Lamp/tiffany_lamp/Textures/tiffany_lamp_texture_37.uexp" 1705
"C:/Users/calli/OneDrive/Desktop/Game Dev Stuff/HorrorPuzzle/HorrorPuzzleGame/Content/DownloadedAssets/Tiffany_Lamp/tiffany_lamp/Materials/Color_A01_17.uasset" 1706
"C:/Users/calli/OneDrive/Desktop/Game Dev Stuff/HorrorPuzzle/HorrorPuzzleGame/Content/DownloadedAssets/Tiffany_Lamp/tiffany_lamp/Materials/Color_A01_17.uexp" 1707
"C:/Users/calli/OneDrive/Desktop/Game Dev Stuff/HorrorPuzzle/HorrorPuzzleGame/Content/DownloadedAssets/Tiffany_Lamp/tiffany_lamp/Textures/tiffany_lamp_texture_36.ubulk" 1708
"C:/Users/calli/OneDrive/Desktop/Game Dev Stuff/HorrorPuzzle/HorrorPuzzleGame/Content/DownloadedAssets/Tiffany_Lamp/tiffany_lamp/Textures/tiffany_lamp_texture_36.uasset" 1709
"C:/Users/calli/OneDrive/Desktop/Game Dev Stuff/HorrorPuzzle/HorrorPuzzleGame/Content/DownloadedAssets/Tiffany_Lamp/tiffany_lamp/Textures/tiffany_lamp_texture_36.uexp" 1710
"C:/Users/calli/OneDrive/Desktop/Game Dev Stuff/HorrorPuzzle/HorrorPuzzleGame/Content/DownloadedAssets/Tiffany_Lamp/tiffany_lamp/Materials/Color_A01_18.uasset" 1711
"C:/Users/calli/OneDrive/Desktop/Game Dev Stuff/HorrorPuzzle/HorrorPuzzleGame/Content/DownloadedAssets/Tiffany_Lamp/tiffany_lamp/Materials/Color_A01_18.uexp" 1712
"C:/Users/calli/OneDrive/Desktop/Game Dev Stuff/HorrorPuzzle/HorrorPuzzleGame/Content/DownloadedAssets/Tiffany_Lamp/tiffany_lamp/Textures/tiffany_lamp_texture_38.ubulk" 1713
"C:/Users/calli/OneDrive/Desktop/Game Dev Stuff/HorrorPuzzle/HorrorPuzzleGame/Content/DownloadedAssets/Tiffany_Lamp/tiffany_lamp/Textures/tiffany_lamp_texture_38.uasset" 1714
"C:/Users/calli/OneDrive/Desktop/Game Dev Stuff/HorrorPuzzle/HorrorPuzzleGame/Content/DownloadedAssets/Tiffany_Lamp/tiffany_lamp/Textures/tiffany_lamp_texture_38.uexp" 1715
"C:/Users/calli/OneDrive/Desktop/Game Dev Stuff/HorrorPuzzle/HorrorPuzzleGame/Content/DownloadedAssets/Tiffany_Lamp/tiffany_lamp/Materials/Color_A01_19.uasset" 1716
"C:/Users/calli/OneDrive/Desktop/Game Dev Stuff/HorrorPuzzle/HorrorPuzzleGame/Content/DownloadedAssets/Tiffany_Lamp/tiffany_lamp/Materials/Color_A01_19.uexp" 1717
"C:/Users/calli/OneDrive/Desktop/Game Dev Stuff/HorrorPuzzle/HorrorPuzzleGame/Content/DownloadedAssets/Tiffany_Lamp/tiffany_lamp/Textures/tiffany_lamp_texture_29.ubulk" 1718
"C:/Users/calli/OneDrive/Desktop/Game Dev Stuff/HorrorPuzzle/HorrorPuzzleGame/Content/DownloadedAssets/Tiffany_Lamp/tiffany_lamp/Textures/tiffany_lamp_texture_29.uasset" 1719
"C:/Users/calli/OneDrive/Desktop/Game Dev Stuff/HorrorPuzzle/HorrorPuzzleGame/Content/DownloadedAssets/Tiffany_Lamp/tiffany_lamp/Textures/tiffany_lamp_texture_29.uexp" 1720
"C:/Users/calli/OneDrive/Desktop/Game Dev Stuff/HorrorPuzzle/HorrorPuzzleGame/Content/DownloadedAssets/Tiffany_Lamp/tiffany_lamp/Materials/Color_A01_20.uasset" 1721
"C:/Users/calli/OneDrive/Desktop/Game Dev Stuff/HorrorPuzzle/HorrorPuzzleGame/Content/DownloadedAssets/Tiffany_Lamp/tiffany_lamp/Materials/Color_A01_20.uexp" 1722
"C:/Users/calli/OneDrive/Desktop/Game Dev Stuff/HorrorPuzzle/HorrorPuzzleGame/Content/DownloadedAssets/Tiffany_Lamp/tiffany_lamp/Textures/tiffany_lamp_texture_3.ubulk" 1723
"C:/Users/calli/OneDrive/Desktop/Game Dev Stuff/HorrorPuzzle/HorrorPuzzleGame/Content/DownloadedAssets/Tiffany_Lamp/tiffany_lamp/Textures/tiffany_lamp_texture_3.uasset" 1724
"C:/Users/calli/OneDrive/Desktop/Game Dev Stuff/HorrorPuzzle/HorrorPuzzleGame/Content/DownloadedAssets/Tiffany_Lamp/tiffany_lamp/Textures/tiffany_lamp_texture_3.uexp" 1725
"C:/Users/calli/OneDrive/Desktop/Game Dev Stuff/HorrorPuzzle/HorrorPuzzleGame/Content/DownloadedAssets/Tiffany_Lamp/tiffany_lamp/Materials/Color_H01.uasset" 1726
"C:/Users/calli/OneDrive/Desktop/Game Dev Stuff/HorrorPuzzle/HorrorPuzzleGame/Content/DownloadedAssets/Tiffany_Lamp/tiffany_lamp/Materials/Color_H01.uexp" 1727
"C:/Users/calli/OneDrive/Desktop/Game Dev Stuff/HorrorPuzzle/HorrorPuzzleGame/Content/DownloadedAssets/Tiffany_Lamp/tiffany_lamp/Materials/Color_M081.uasset" 1728
"C:/Users/calli/OneDrive/Desktop/Game Dev Stuff/HorrorPuzzle/HorrorPuzzleGame/Content/DownloadedAssets/Tiffany_Lamp/tiffany_lamp/Materials/Color_M081.uexp" 1729
"C:/Users/calli/OneDrive/Desktop/Game Dev Stuff/HorrorPuzzle/HorrorPuzzleGame/Content/DownloadedAssets/Tiffany_Lamp/tiffany_lamp/Materials/DefaultMaterial1.uasset" 1730
"C:/Users/calli/OneDrive/Desktop/Game Dev Stuff/HorrorPuzzle/HorrorPuzzleGame/Content/DownloadedAssets/Tiffany_Lamp/tiffany_lamp/Materials/DefaultMaterial1.uexp" 1731
"C:/Users/calli/OneDrive/Desktop/Game Dev Stuff/HorrorPuzzle/HorrorPuzzleGame/Content/DownloadedAssets/Tiffany_Lamp/tiffany_lamp/StaticMeshes/tiffany_lamp.ubulk" 1732
"C:/Users/calli/OneDrive/Desktop/Game Dev Stuff/HorrorPuzzle/HorrorPuzzleGame/Content/DownloadedAssets/Tiffany_Lamp/tiffany_lamp/StaticMeshes/tiffany_lamp.uasset" 1733
"C:/Users/calli/OneDrive/Desktop/Game Dev Stuff/HorrorPuzzle/HorrorPuzzleGame/Content/DownloadedAssets/Tiffany_Lamp/tiffany_lamp/StaticMeshes/tiffany_lamp.uexp" 1734
"../../../Engine/Plugins/Fab/Content/MaterialFunctions/QMF_Tiling.uasset" 1735
"../../../Engine/Plugins/Fab/Content/MaterialFunctions/QMF_Tiling.uexp" 1736
"../../../Engine/Content/Functions/Engine_MaterialFunctions01/Gradient/LinearGradient.uasset" 1737
"../../../Engine/Content/Functions/Engine_MaterialFunctions01/Gradient/LinearGradient.uexp" 1738
"../../../Engine/Content/Functions/Engine_MaterialFunctions01/ImageAdjustment/CheapContrast.uasset" 1739
"../../../Engine/Content/Functions/Engine_MaterialFunctions01/ImageAdjustment/CheapContrast.uexp" 1740
"../../../Engine/Content/Functions/Engine_MaterialFunctions01/Texturing/WorldAlignedTexture.uasset" 1741
"../../../Engine/Content/Functions/Engine_MaterialFunctions01/Texturing/WorldAlignedTexture.uexp" 1742
"C:/Users/calli/OneDrive/Desktop/Game Dev Stuff/HorrorPuzzle/HorrorPuzzleGame/Content/DownloadedAssets/Megascans/Surfaces/Old_Wallpaper_ufimeaady/High/ufimeaady_tier_1/Textures/T_ufimeaady_4K_B.ubulk" 1743
"C:/Users/calli/OneDrive/Desktop/Game Dev Stuff/HorrorPuzzle/HorrorPuzzleGame/Content/DownloadedAssets/Megascans/Surfaces/Old_Wallpaper_ufimeaady/High/ufimeaady_tier_1/Textures/T_ufimeaady_4K_B.uasset" 1744
"C:/Users/calli/OneDrive/Desktop/Game Dev Stuff/HorrorPuzzle/HorrorPuzzleGame/Content/DownloadedAssets/Megascans/Surfaces/Old_Wallpaper_ufimeaady/High/ufimeaady_tier_1/Textures/T_ufimeaady_4K_B.uexp" 1745
"../../../Engine/Plugins/Fab/Content/Materials/Standard/M_MS_Srf.uasset" 1746
"../../../Engine/Plugins/Fab/Content/Materials/Standard/M_MS_Srf.uexp" 1747
"C:/Users/calli/OneDrive/Desktop/Game Dev Stuff/HorrorPuzzle/HorrorPuzzleGame/Content/DownloadedAssets/Megascans/Surfaces/Old_Wallpaper_ufimeaady/High/ufimeaady_tier_1/Textures/T_ufimeaady_4K_ORM.ubulk" 1748
"C:/Users/calli/OneDrive/Desktop/Game Dev Stuff/HorrorPuzzle/HorrorPuzzleGame/Content/DownloadedAssets/Megascans/Surfaces/Old_Wallpaper_ufimeaady/High/ufimeaady_tier_1/Textures/T_ufimeaady_4K_ORM.uasset" 1749
"C:/Users/calli/OneDrive/Desktop/Game Dev Stuff/HorrorPuzzle/HorrorPuzzleGame/Content/DownloadedAssets/Megascans/Surfaces/Old_Wallpaper_ufimeaady/High/ufimeaady_tier_1/Textures/T_ufimeaady_4K_ORM.uexp" 1750
"C:/Users/calli/OneDrive/Desktop/Game Dev Stuff/HorrorPuzzle/HorrorPuzzleGame/Content/DownloadedAssets/Megascans/Surfaces/Old_Wallpaper_ufimeaady/High/ufimeaady_tier_1/Textures/T_ufimeaady_4K_N.ubulk" 1751
"C:/Users/calli/OneDrive/Desktop/Game Dev Stuff/HorrorPuzzle/HorrorPuzzleGame/Content/DownloadedAssets/Megascans/Surfaces/Old_Wallpaper_ufimeaady/High/ufimeaady_tier_1/Textures/T_ufimeaady_4K_N.uasset" 1752
"C:/Users/calli/OneDrive/Desktop/Game Dev Stuff/HorrorPuzzle/HorrorPuzzleGame/Content/DownloadedAssets/Megascans/Surfaces/Old_Wallpaper_ufimeaady/High/ufimeaady_tier_1/Textures/T_ufimeaady_4K_N.uexp" 1753
"C:/Users/calli/OneDrive/Desktop/Game Dev Stuff/HorrorPuzzle/HorrorPuzzleGame/Content/DownloadedAssets/Megascans/Surfaces/Old_Wallpaper_ufimeaady/High/ufimeaady_tier_1/Textures/T_ufimeaady_4K_H.ubulk" 1754
"C:/Users/calli/OneDrive/Desktop/Game Dev Stuff/HorrorPuzzle/HorrorPuzzleGame/Content/DownloadedAssets/Megascans/Surfaces/Old_Wallpaper_ufimeaady/High/ufimeaady_tier_1/Textures/T_ufimeaady_4K_H.uasset" 1755
"C:/Users/calli/OneDrive/Desktop/Game Dev Stuff/HorrorPuzzle/HorrorPuzzleGame/Content/DownloadedAssets/Megascans/Surfaces/Old_Wallpaper_ufimeaady/High/ufimeaady_tier_1/Textures/T_ufimeaady_4K_H.uexp" 1756
"C:/Users/calli/OneDrive/Desktop/Game Dev Stuff/HorrorPuzzle/HorrorPuzzleGame/Content/DownloadedAssets/Megascans/Surfaces/Old_Wallpaper_ufimeaady/High/ufimeaady_tier_1/Materials/MI_ufimeaady.uasset" 1757
"C:/Users/calli/OneDrive/Desktop/Game Dev Stuff/HorrorPuzzle/HorrorPuzzleGame/Content/DownloadedAssets/Megascans/Surfaces/Old_Wallpaper_ufimeaady/High/ufimeaady_tier_1/Materials/MI_ufimeaady.uexp" 1758
"C:/Users/calli/OneDrive/Desktop/Game Dev Stuff/HorrorPuzzle/HorrorPuzzleGame/Content/DownloadedAssets/Megascans/3D/Old_Wooden_Window_vmfwcabdw/Medium/vmfwcabdw_tier_2/Textures/T_vmfwcabdw_2K_ORM.ubulk" 1759
"C:/Users/calli/OneDrive/Desktop/Game Dev Stuff/HorrorPuzzle/HorrorPuzzleGame/Content/DownloadedAssets/Megascans/3D/Old_Wooden_Window_vmfwcabdw/Medium/vmfwcabdw_tier_2/Textures/T_vmfwcabdw_2K_ORM.uasset" 1760
"C:/Users/calli/OneDrive/Desktop/Game Dev Stuff/HorrorPuzzle/HorrorPuzzleGame/Content/DownloadedAssets/Megascans/3D/Old_Wooden_Window_vmfwcabdw/Medium/vmfwcabdw_tier_2/Textures/T_vmfwcabdw_2K_ORM.uexp" 1761
"C:/Users/calli/OneDrive/Desktop/Game Dev Stuff/HorrorPuzzle/HorrorPuzzleGame/Content/DownloadedAssets/Megascans/3D/Old_Wooden_Window_vmfwcabdw/Medium/vmfwcabdw_tier_2/Textures/T_vmfwcabdw_2K_N.ubulk" 1762
"C:/Users/calli/OneDrive/Desktop/Game Dev Stuff/HorrorPuzzle/HorrorPuzzleGame/Content/DownloadedAssets/Megascans/3D/Old_Wooden_Window_vmfwcabdw/Medium/vmfwcabdw_tier_2/Textures/T_vmfwcabdw_2K_N.uasset" 1763
"C:/Users/calli/OneDrive/Desktop/Game Dev Stuff/HorrorPuzzle/HorrorPuzzleGame/Content/DownloadedAssets/Megascans/3D/Old_Wooden_Window_vmfwcabdw/Medium/vmfwcabdw_tier_2/Textures/T_vmfwcabdw_2K_N.uexp" 1764
"C:/Users/calli/OneDrive/Desktop/Game Dev Stuff/HorrorPuzzle/HorrorPuzzleGame/Content/DownloadedAssets/Megascans/3D/Old_Wooden_Window_vmfwcabdw/Medium/vmfwcabdw_tier_2/Textures/T_vmfwcabdw_2K_B.ubulk" 1765
"C:/Users/calli/OneDrive/Desktop/Game Dev Stuff/HorrorPuzzle/HorrorPuzzleGame/Content/DownloadedAssets/Megascans/3D/Old_Wooden_Window_vmfwcabdw/Medium/vmfwcabdw_tier_2/Textures/T_vmfwcabdw_2K_B.uasset" 1766
"C:/Users/calli/OneDrive/Desktop/Game Dev Stuff/HorrorPuzzle/HorrorPuzzleGame/Content/DownloadedAssets/Megascans/3D/Old_Wooden_Window_vmfwcabdw/Medium/vmfwcabdw_tier_2/Textures/T_vmfwcabdw_2K_B.uexp" 1767
"C:/Users/calli/OneDrive/Desktop/Game Dev Stuff/HorrorPuzzle/HorrorPuzzleGame/Content/DownloadedAssets/Megascans/3D/Old_Wooden_Window_vmfwcabdw/Medium/vmfwcabdw_tier_2/Materials/MI_vmfwcabdw.uasset" 1768
"C:/Users/calli/OneDrive/Desktop/Game Dev Stuff/HorrorPuzzle/HorrorPuzzleGame/Content/DownloadedAssets/Megascans/3D/Old_Wooden_Window_vmfwcabdw/Medium/vmfwcabdw_tier_2/Materials/MI_vmfwcabdw.uexp" 1769
"C:/Users/calli/OneDrive/Desktop/Game Dev Stuff/HorrorPuzzle/HorrorPuzzleGame/Content/DownloadedAssets/Megascans/3D/Old_Wooden_Window_vmfwcabdw/Medium/vmfwcabdw_tier_2/StaticMeshes/vmfwcabdw_tier_2.ubulk" 1770
"C:/Users/calli/OneDrive/Desktop/Game Dev Stuff/HorrorPuzzle/HorrorPuzzleGame/Content/DownloadedAssets/Megascans/3D/Old_Wooden_Window_vmfwcabdw/Medium/vmfwcabdw_tier_2/StaticMeshes/vmfwcabdw_tier_2.uasset" 1771
"C:/Users/calli/OneDrive/Desktop/Game Dev Stuff/HorrorPuzzle/HorrorPuzzleGame/Content/DownloadedAssets/Megascans/3D/Old_Wooden_Window_vmfwcabdw/Medium/vmfwcabdw_tier_2/StaticMeshes/vmfwcabdw_tier_2.uexp" 1772
"C:/Users/calli/OneDrive/Desktop/Game Dev Stuff/HorrorPuzzle/HorrorPuzzleGame/Content/DownloadedAssets/Megascans/3D/Modular_Stairs_and_Handrail_Kit_wczwafvdw/Medium/w/Textures/T_wczwafvdw_2K_ORM.ubulk" 1773
"C:/Users/calli/OneDrive/Desktop/Game Dev Stuff/HorrorPuzzle/HorrorPuzzleGame/Content/DownloadedAssets/Megascans/3D/Modular_Stairs_and_Handrail_Kit_wczwafvdw/Medium/w/Textures/T_wczwafvdw_2K_ORM.uasset" 1774
"C:/Users/calli/OneDrive/Desktop/Game Dev Stuff/HorrorPuzzle/HorrorPuzzleGame/Content/DownloadedAssets/Megascans/3D/Modular_Stairs_and_Handrail_Kit_wczwafvdw/Medium/w/Textures/T_wczwafvdw_2K_ORM.uexp" 1775
"C:/Users/calli/OneDrive/Desktop/Game Dev Stuff/HorrorPuzzle/HorrorPuzzleGame/Content/DownloadedAssets/Megascans/3D/Modular_Stairs_and_Handrail_Kit_wczwafvdw/Medium/w/Textures/T_wczwafvdw_2K_N.ubulk" 1776
"C:/Users/calli/OneDrive/Desktop/Game Dev Stuff/HorrorPuzzle/HorrorPuzzleGame/Content/DownloadedAssets/Megascans/3D/Modular_Stairs_and_Handrail_Kit_wczwafvdw/Medium/w/Textures/T_wczwafvdw_2K_N.uasset" 1777
"C:/Users/calli/OneDrive/Desktop/Game Dev Stuff/HorrorPuzzle/HorrorPuzzleGame/Content/DownloadedAssets/Megascans/3D/Modular_Stairs_and_Handrail_Kit_wczwafvdw/Medium/w/Textures/T_wczwafvdw_2K_N.uexp" 1778
"C:/Users/calli/OneDrive/Desktop/Game Dev Stuff/HorrorPuzzle/HorrorPuzzleGame/Content/DownloadedAssets/Megascans/3D/Modular_Stairs_and_Handrail_Kit_wczwafvdw/Medium/w/Textures/T_wczwafvdw_2K_B.ubulk" 1779
"C:/Users/calli/OneDrive/Desktop/Game Dev Stuff/HorrorPuzzle/HorrorPuzzleGame/Content/DownloadedAssets/Megascans/3D/Modular_Stairs_and_Handrail_Kit_wczwafvdw/Medium/w/Textures/T_wczwafvdw_2K_B.uasset" 1780
"C:/Users/calli/OneDrive/Desktop/Game Dev Stuff/HorrorPuzzle/HorrorPuzzleGame/Content/DownloadedAssets/Megascans/3D/Modular_Stairs_and_Handrail_Kit_wczwafvdw/Medium/w/Textures/T_wczwafvdw_2K_B.uexp" 1781
"C:/Users/calli/OneDrive/Desktop/Game Dev Stuff/HorrorPuzzle/HorrorPuzzleGame/Content/DownloadedAssets/Megascans/3D/Modular_Stairs_and_Handrail_Kit_wczwafvdw/Medium/w/Materials/MI_wczwafvdw.uasset" 1782
"C:/Users/calli/OneDrive/Desktop/Game Dev Stuff/HorrorPuzzle/HorrorPuzzleGame/Content/DownloadedAssets/Megascans/3D/Modular_Stairs_and_Handrail_Kit_wczwafvdw/Medium/w/Materials/MI_wczwafvdw.uexp" 1783
"C:/Users/calli/OneDrive/Desktop/Game Dev Stuff/HorrorPuzzle/HorrorPuzzleGame/Content/DownloadedAssets/Megascans/3D/Modular_Stairs_and_Handrail_Kit_wczwafvdw/Medium/w/StaticMeshes/wczwafvdw_LOD0_TIER2_000.ubulk" 1784
"C:/Users/calli/OneDrive/Desktop/Game Dev Stuff/HorrorPuzzle/HorrorPuzzleGame/Content/DownloadedAssets/Megascans/3D/Modular_Stairs_and_Handrail_Kit_wczwafvdw/Medium/w/StaticMeshes/wczwafvdw_LOD0_TIER2_000.uasset" 1785
"C:/Users/calli/OneDrive/Desktop/Game Dev Stuff/HorrorPuzzle/HorrorPuzzleGame/Content/DownloadedAssets/Megascans/3D/Modular_Stairs_and_Handrail_Kit_wczwafvdw/Medium/w/StaticMeshes/wczwafvdw_LOD0_TIER2_000.uexp" 1786
"C:/Users/calli/OneDrive/Desktop/Game Dev Stuff/HorrorPuzzle/HorrorPuzzleGame/Content/DownloadedAssets/Megascans/3D/Modular_Stairs_and_Handrail_Kit_wczwafvdw/Medium/w/StaticMeshes/wczwafvdw_LOD0_TIER2_001.ubulk" 1787
"C:/Users/calli/OneDrive/Desktop/Game Dev Stuff/HorrorPuzzle/HorrorPuzzleGame/Content/DownloadedAssets/Megascans/3D/Modular_Stairs_and_Handrail_Kit_wczwafvdw/Medium/w/StaticMeshes/wczwafvdw_LOD0_TIER2_001.uasset" 1788
"C:/Users/calli/OneDrive/Desktop/Game Dev Stuff/HorrorPuzzle/HorrorPuzzleGame/Content/DownloadedAssets/Megascans/3D/Modular_Stairs_and_Handrail_Kit_wczwafvdw/Medium/w/StaticMeshes/wczwafvdw_LOD0_TIER2_001.uexp" 1789
"C:/Users/calli/OneDrive/Desktop/Game Dev Stuff/HorrorPuzzle/HorrorPuzzleGame/Content/DownloadedAssets/Megascans/3D/Modular_Stairs_and_Handrail_Kit_wczwafvdw/Medium/w/StaticMeshes/wczwafvdw_LOD0_TIER2_002.ubulk" 1790
"C:/Users/calli/OneDrive/Desktop/Game Dev Stuff/HorrorPuzzle/HorrorPuzzleGame/Content/DownloadedAssets/Megascans/3D/Modular_Stairs_and_Handrail_Kit_wczwafvdw/Medium/w/StaticMeshes/wczwafvdw_LOD0_TIER2_002.uasset" 1791
"C:/Users/calli/OneDrive/Desktop/Game Dev Stuff/HorrorPuzzle/HorrorPuzzleGame/Content/DownloadedAssets/Megascans/3D/Modular_Stairs_and_Handrail_Kit_wczwafvdw/Medium/w/StaticMeshes/wczwafvdw_LOD0_TIER2_002.uexp" 1792
"C:/Users/calli/OneDrive/Desktop/Game Dev Stuff/HorrorPuzzle/HorrorPuzzleGame/Content/Levels/NewWorld.uexp" 1793
"C:/Users/calli/OneDrive/Desktop/Game Dev Stuff/HorrorPuzzle/HorrorPuzzleGame/Content/Levels/NewWorld.umap" 1794
